0,1.5707963267949,0.684056922350082,-2.26324914270368e-17,1.58277287652726,-1.40943505696671e-16,0.87476285471386,2.67763424734064e-17,0,0.641514497498195,0.15,0,-0.707106781186547,0.707106781186547,0
0.01,0,0,0,0,0,0,0,0,0.641514497498195,0.15,0,-0.707106781186547,0.707106781186547,0
0.02,0,0,0,0,0,0,0,0,0.641514497498195,0.15,0,-0.707106781186547,0.707106781186547,0
0.03,0,0,0,0,0,0,0,0,0.641514497498195,0.15,0,-0.707106781186547,0.707106781186547,0
0.04,0,0,0,0,0,0,0,0,0.641514497498195,0.15,0,-0.707106781186547,0.707106781186547,0
0.05,0,0,0,0,0,0,0,0,0.641514497498195,0.15,0,-0.707106781186547,0.707106781186547,0
0.06,0,0,0,0,0,0,0,0,0.641514497498195,0.15,0,-0.707106781186547,0.707106781186547,0
0.07,0,0,0,0,0,0,0,0,0.641514497498195,0.15,0,-0.707106781186547,0.707106781186547,0
0.08,0,0,0,0,0,0,0,0,0.641514497498195,0.15,0,-0.707106781186547,0.707106781186547,0
0.09,0,0,0,0,0,0,0,0,0.641514497498195,0.15,0,-0.707106781186547,0.707106781186547,0
0.1,0,0,0,0,0,0,0,0,0.641514497498195,0.15,0,-0.707106781186547,0.707106781186547,0
0.11,0,0,0,0,0,0,0,0,0.641514497498195,0.15,0,-0.707106781186547,0.707106781186547,0
0.12,0,0,0,0,0,0,0,0,0.641514497498195,0.15,0,-0.707106781186547,0.707106781186547,0
0.13,0,0,0,0,0,0,0,0,0.641514497498195,0.15,0,-0.707106781186547,0.707106781186547,0
0.14,0,0,0,0,0,0,0,0,0.641514497498195,0.15,0,-0.707106781186547,0.707106781186547,0
0.15,0,0,0,0,0,0,0,0,0.641514497498195,0.15,0,-0.707106781186547,0.707106781186547,0
0.16,0,0,0,0,0,0,0,0,0.641514497498195,0.15,0,-0.707106781186547,0.707106781186547,0
0.17,0,0,0,0,0,0,0,0,0.641514497498195,0.15,0,-0.707106781186547,0.707106781186547,0
0.18,0,0,0,0,0,0,0,0,0.641514497498195,0.15,0,-0.707106781186547,0.707106781186547,0
0.19,0,0,0,0,0,0,0,0,0.641514497498195,0.15,0,-0.707106781186547,0.707106781186547,0
0.2,0,0,0,0,0,0,0,0,0.641514497498195,0.15,0,-0.707106781186547,0.707106781186547,0
0.21,0,0,0,0,0,0,0,0,0.641514497498195,0.15,0,-0.707106781186547,0.707106781186547,0
0.22,0,0,0,0,0,0,0,0,0.641514497498195,0.15,0,-0.707106781186547,0.707106781186547,0
0.23,0,0,0,0,0,0,0,0,0.641514497498195,0.15,0,-0.707106781186547,0.707106781186547,0
0.24,0,0,0,0,0,0,0,0,0.641514497498195,0.15,0,-0.707106781186547,0.707106781186547,0
0.25,0,0,0,0,0,0,0,0,0.641514497498195,0.15,0,-0.707106781186547,0.707106781186547,0
0.26,0,0,0,0,0,0,0,0,0.641514497498195,0.15,0,-0.707106781186547,0.707106781186547,0
0.27,0,0,0,0,0,0,0,0,0.641514497498195,0.15,0,-0.707106781186547,0.707106781186547,0
0.28,0,0,0,0,0,0,0,0,0.641514497498195,0.15,0,-0.707106781186547,0.707106781186547,0
0.29,0,0,0,0,0,0,0,0,0.641514497498195,0.15,0,-0.707106781186547,0.707106781186547,0
0.3,0,0,0,0,0,0,0,0,0.641514497498195,0.15,0,-0.707106781186547,0.707106781186547,0
0.31,0,0,0,0,0,0,0,0,0.641514497498195,0.15,0,-0.707106781186547,0.707106781186547,0
0.32,0,0,0,0,0,0,0,0,0.641514497498195,0.15,0,-0.707106781186547,0.707106781186547,0
0.33,0,0,0,0,0,0,0,0,0.641514497498195,0.15,0,-0.707106781186547,0.707106781186547,0
0.34,0,0,0,0,0,0,0,0,0.641514497498195,0.15,0,-0.707106781186547,0.707106781186547,0
0.35,0,0,0,0,0,0,0,0,0.641514497498195,0.15,0,-0.707106781186547,0.707106781186547,0
0.36,0,0,0,0,0,0,0,0,0.641514497498195,0.15,0,-0.707106781186547,0.707106781186547,0
0.37,0,0,0,0,0,0,0,0,0.641514497498195,0.15,0,-0.707106781186547,0.707106781186547,0
0.38,0,0,0,0,0,0,0,0,0.641514497498195,0.15,0,-0.707106781186547,0.707106781186547,0
0.39,0,0,0,0,0,0,0,0,0.641514497498195,0.15,0,-0.707106781186547,0.707106781186547,0
0.4,0,0,0,0,0,0,0,0,0.641514497498195,0.15,0,-0.707106781186547,0.707106781186547,0
0.41,0,0,0,0,0,0,0,0,0.641514497498195,0.15,0,-0.707106781186547,0.707106781186547,0
0.42,0,0,0,0,0,0,0,0,0.641514497498195,0.15,0,-0.707106781186547,0.707106781186547,0
0.43,0,0,0,0,0,0,0,0,0.641514497498195,0.15,0,-0.707106781186547,0.707106781186547,0
0.44,0,0,0,0,0,0,0,0,0.641514497498195,0.15,0,-0.707106781186547,0.707106781186547,0
0.45,0,0,0,0,0,0,0,0,0.641514497498195,0.15,0,-0.707106781186547,0.707106781186547,0
0.46,0,0,0,0,0,0,0,0,0.641514497498195,0.15,0,-0.707106781186547,0.707106781186547,0
0.47,0,0,0,0,0,0,0,0,0.641514497498195,0.15,0,-0.707106781186547,0.707106781186547,0
0.48,0,0,0,0,0,0,0,0,0.641514497498195,0.15,0,-0.707106781186547,0.707106781186547,0
0.49,0,0,0,0,0,0,0,0,0.641514497498195,0.15,0,-0.707106781186547,0.707106781186547,0
0.5,0,0,0,0,0,0,0,0,0.641514497498195,0.15,0,-0.707106781186547,0.707106781186547,0
0.51,0,0,0,0,0,0,0,0,0.641014497498195,0.1505,0,-0.707106781186547,0.707106781186547,0
0.52,0,0,0,0,0,0,0,0,0.640514497498195,0.151,0,-0.707106781186547,0.707106781186547,0
0.53,0,0,0,0,0,0,0,0,0.640014497498195,0.1515,0,-0.707106781186547,0.707106781186547,0
0.54,0,0,0,0,0,0,0,0,0.639514497498195,0.152,0,-0.707106781186547,0.707106781186547,0
0.55,0,0,0,0,0,0,0,0,0.639014497498195,0.1525,0,-0.707106781186547,0.707106781186547,0
0.56,0,0,0,0,0,0,0,0,0.638514497498195,0.153,0,-0.707106781186547,0.707106781186547,0
0.57,0,0,0,0,0,0,0,0,0.638014497498195,0.1535,0,-0.707106781186547,0.707106781186547,0
0.58,0,0,0,0,0,0,0,0,0.637514497498195,0.154,0,-0.707106781186547,0.707106781186547,0
0.59,0,0,0,0,0,0,0,0,0.637014497498195,0.1545,0,-0.707106781186547,0.707106781186547,0
0.6,0,0,0,0,0,0,0,0,0.636514497498195,0.155,0,-0.707106781186547,0.707106781186547,0
0.61,0,0,0,0,0,0,0,0,0.636014497498195,0.1555,0,-0.707106781186547,0.707106781186547,0
0.62,0,0,0,0,0,0,0,0,0.635514497498195,0.156,0,-0.707106781186547,0.707106781186547,0
0.63,0,0,0,0,0,0,0,0,0.635014497498195,0.1565,0,-0.707106781186547,0.707106781186547,0
0.64,0,0,0,0,0,0,0,0,0.634514497498195,0.157,0,-0.707106781186547,0.707106781186547,0
0.65,0,0,0,0,0,0,0,0,0.634014497498195,0.1575,0,-0.707106781186547,0.707106781186547,0
0.66,0,0,0,0,0,0,0,0,0.633514497498195,0.158,0,-0.707106781186547,0.707106781186547,0
0.67,0,0,0,0,0,0,0,0,0.633014497498195,0.1585,0,-0.707106781186547,0.707106781186547,0
0.68,0,0,0,0,0,0,0,0,0.632514497498195,0.159,0,-0.707106781186547,0.707106781186547,0
0.69,0,0,0,0,0,0,0,0,0.632014497498195,0.1595,0,-0.707106781186547,0.707106781186547,0
0.7,0,0,0,0,0,0,0,0,0.631514497498195,0.16,0,-0.707106781186547,0.707106781186547,0
0.71,0,0,0,0,0,0,0,0,0.631014497498195,0.1605,0,-0.707106781186547,0.707106781186547,0
0.72,0,0,0,0,0,0,0,0,0.630514497498195,0.161,0,-0.707106781186547,0.707106781186547,0
0.73,0,0,0,0,0,0,0,0,0.630014497498195,0.1615,0,-0.707106781186547,0.707106781186547,0
0.74,0,0,0,0,0,0,0,0,0.629514497498195,0.162,0,-0.707106781186547,0.707106781186547,0
0.75,0,0,0,0,0,0,0,0,0.629014497498195,0.1625,0,-0.707106781186547,0.707106781186547,0
0.76,0,0,0,0,0,0,0,0,0.628514497498195,0.163,0,-0.707106781186547,0.707106781186547,0
0.77,0,0,0,0,0,0,0,0,0.628014497498195,0.1635,0,-0.707106781186547,0.707106781186547,0
0.78,0,0,0,0,0,0,0,0,0.627514497498195,0.164,0,-0.707106781186547,0.707106781186547,0
0.79,0,0,0,0,0,0,0,0,0.627014497498195,0.1645,0,-0.707106781186547,0.707106781186547,0
0.8,0,0,0,0,0,0,0,0,0.626514497498195,0.165,0,-0.707106781186547,0.707106781186547,0
0.81,0,0,0,0,0,0,0,0,0.626014497498195,0.1655,0,-0.707106781186547,0.707106781186547,0
0.82,0,0,0,0,0,0,0,0,0.625514497498195,0.166,0,-0.707106781186547,0.707106781186547,0
0.83,0,0,0,0,0,0,0,0,0.625014497498195,0.1665,0,-0.707106781186547,0.707106781186547,0
0.84,0,0,0,0,0,0,0,0,0.624514497498195,0.167,0,-0.707106781186547,0.707106781186547,0
0.85,0,0,0,0,0,0,0,0,0.624014497498195,0.1675,0,-0.707106781186547,0.707106781186547,0
0.86,0,0,0,0,0,0,0,0,0.623514497498195,0.168,0,-0.707106781186547,0.707106781186547,0
0.87,0,0,0,0,0,0,0,0,0.623014497498195,0.1685,0,-0.707106781186547,0.707106781186547,0
0.88,0,0,0,0,0,0,0,0,0.622514497498195,0.169,0,-0.707106781186547,0.707106781186547,0
0.89,0,0,0,0,0,0,0,0,0.622014497498195,0.1695,0,-0.707106781186547,0.707106781186547,0
0.9,0,0,0,0,0,0,0,0,0.621514497498195,0.17,0,-0.707106781186547,0.707106781186547,0
0.91,0,0,0,0,0,0,0,0,0.621014497498195,0.1705,0,-0.707106781186547,0.707106781186547,0
0.92,0,0,0,0,0,0,0,0,0.620514497498195,0.171,0,-0.707106781186547,0.707106781186547,0
0.93,0,0,0,0,0,0,0,0,0.620014497498195,0.1715,0,-0.707106781186547,0.707106781186547,0
0.94,0,0,0,0,0,0,0,0,0.619514497498195,0.172,0,-0.707106781186547,0.707106781186547,0
0.95,0,0,0,0,0,0,0,0,0.619014497498195,0.1725,0,-0.707106781186547,0.707106781186547,0
0.96,0,0,0,0,0,0,0,0,0.618514497498195,0.173,0,-0.707106781186547,0.707106781186547,0
0.97,0,0,0,0,0,0,0,0,0.618014497498195,0.1735,0,-0.707106781186547,0.707106781186547,0
0.98,0,0,0,0,0,0,0,0,0.617514497498195,0.174,0,-0.707106781186547,0.707106781186547,0
0.99,0,0,0,0,0,0,0,0,0.617014497498195,0.1745,0,-0.707106781186547,0.707106781186547,0
1,0,0,0,0,0,0,0,0,0.616514497498195,0.175,0,-0.707106781186547,0.707106781186547,0
1.01,0,0,0,0,0,0,0,0,0.616014497498195,0.1755,0,-0.707106781186547,0.707106781186547,0
1.02,0,0,0,0,0,0,0,0,0.615514497498195,0.176,0,-0.707106781186547,0.707106781186547,0
1.03,0,0,0,0,0,0,0,0,0.615014497498195,0.1765,0,-0.707106781186547,0.707106781186547,0
1.04,0,0,0,0,0,0,0,0,0.614514497498195,0.177,0,-0.707106781186547,0.707106781186547,0
1.05,0,0,0,0,0,0,0,0,0.614014497498195,0.1775,0,-0.707106781186547,0.707106781186547,0
1.06,0,0,0,0,0,0,0,0,0.613514497498195,0.178,0,-0.707106781186547,0.707106781186547,0
1.07,0,0,0,0,0,0,0,0,0.613014497498195,0.1785,0,-0.707106781186547,0.707106781186547,0
1.08,0,0,0,0,0,0,0,0,0.612514497498195,0.179,0,-0.707106781186547,0.707106781186547,0
1.09,0,0,0,0,0,0,0,0,0.612014497498195,0.1795,0,-0.707106781186547,0.707106781186547,0
1.1,0,0,0,0,0,0,0,0,0.611514497498195,0.18,0,-0.707106781186547,0.707106781186547,0
1.11,0,0,0,0,0,0,0,0,0.611014497498195,0.1805,0,-0.707106781186547,0.707106781186547,0
1.12,0,0,0,0,0,0,0,0,0.610514497498195,0.181,0,-0.707106781186547,0.707106781186547,0
1.13,0,0,0,0,0,0,0,0,0.610014497498195,0.1815,0,-0.707106781186547,0.707106781186547,0
1.14,0,0,0,0,0,0,0,0,0.609514497498195,0.182,0,-0.707106781186547,0.707106781186547,0
1.15,0,0,0,0,0,0,0,0,0.609014497498195,0.1825,0,-0.707106781186547,0.707106781186547,0
1.16,0,0,0,0,0,0,0,0,0.608514497498195,0.183,0,-0.707106781186547,0.707106781186547,0
1.17,0,0,0,0,0,0,0,0,0.608014497498195,0.1835,0,-0.707106781186547,0.707106781186547,0
1.18,0,0,0,0,0,0,0,0,0.607514497498195,0.184,0,-0.707106781186547,0.707106781186547,0
1.19,0,0,0,0,0,0,0,0,0.607014497498195,0.1845,0,-0.707106781186547,0.707106781186547,0
1.2,0,0,0,0,0,0,0,0,0.606514497498195,0.185,0,-0.707106781186547,0.707106781186547,0
1.21,0,0,0,0,0,0,0,0,0.606014497498195,0.1855,0,-0.707106781186547,0.707106781186547,0
1.22,0,0,0,0,0,0,0,0,0.605514497498195,0.186,0,-0.707106781186547,0.707106781186547,0
1.23,0,0,0,0,0,0,0,0,0.605014497498195,0.1865,0,-0.707106781186547,0.707106781186547,0
1.24,0,0,0,0,0,0,0,0,0.604514497498195,0.187,0,-0.707106781186547,0.707106781186547,0
1.25,0,0,0,0,0,0,0,0,0.604014497498195,0.1875,0,-0.707106781186547,0.707106781186547,0
1.26,0,0,0,0,0,0,0,0,0.603514497498195,0.188,0,-0.707106781186547,0.707106781186547,0
1.27,0,0,0,0,0,0,0,0,0.603014497498195,0.1885,0,-0.707106781186547,0.707106781186547,0
1.28,0,0,0,0,0,0,0,0,0.602514497498195,0.189,0,-0.707106781186547,0.707106781186547,0
1.29,0,0,0,0,0,0,0,0,0.602014497498195,0.1895,0,-0.707106781186547,0.707106781186547,0
1.3,0,0,0,0,0,0,0,0,0.601514497498195,0.19,0,-0.707106781186547,0.707106781186547,0
1.31,0,0,0,0,0,0,0,0,0.601014497498195,0.1905,0,-0.707106781186547,0.707106781186547,0
1.32,0,0,0,0,0,0,0,0,0.600514497498195,0.191,0,-0.707106781186547,0.707106781186547,0
1.33,0,0,0,0,0,0,0,0,0.600014497498195,0.1915,0,-0.707106781186547,0.707106781186547,0
1.34,0,0,0,0,0,0,0,0,0.599514497498195,0.192,0,-0.707106781186547,0.707106781186547,0
1.35,0,0,0,0,0,0,0,0,0.599014497498195,0.1925,0,-0.707106781186547,0.707106781186547,0
1.36,0,0,0,0,0,0,0,0,0.598514497498195,0.193,0,-0.707106781186547,0.707106781186547,0
1.37,0,0,0,0,0,0,0,0,0.598014497498195,0.1935,0,-0.707106781186547,0.707106781186547,0
1.38,0,0,0,0,0,0,0,0,0.597514497498195,0.194,0,-0.707106781186547,0.707106781186547,0
1.39,0,0,0,0,0,0,0,0,0.597014497498195,0.1945,0,-0.707106781186547,0.707106781186547,0
1.4,0,0,0,0,0,0,0,0,0.596514497498195,0.195,0,-0.707106781186547,0.707106781186547,0
1.41,0,0,0,0,0,0,0,0,0.596014497498195,0.1955,0,-0.707106781186547,0.707106781186547,0
1.42,0,0,0,0,0,0,0,0,0.595514497498195,0.196,0,-0.707106781186547,0.707106781186547,0
1.43,0,0,0,0,0,0,0,0,0.595014497498195,0.1965,0,-0.707106781186547,0.707106781186547,0
1.44,0,0,0,0,0,0,0,0,0.594514497498195,0.197,0,-0.707106781186547,0.707106781186547,0
1.45,0,0,0,0,0,0,0,0,0.594014497498195,0.1975,0,-0.707106781186547,0.707106781186547,0
1.46,0,0,0,0,0,0,0,0,0.593514497498195,0.198,0,-0.707106781186547,0.707106781186547,0
1.47,0,0,0,0,0,0,0,0,0.593014497498195,0.1985,0,-0.707106781186547,0.707106781186547,0
1.48,0,0,0,0,0,0,0,0,0.592514497498195,0.199,0,-0.707106781186547,0.707106781186547,0
1.49,0,0,0,0,0,0,0,0,0.592014497498195,0.1995,0,-0.707106781186547,0.707106781186547,0
1.5,0,0,0,0,0,0,0,0,0.591514497498195,0.2,0,-0.707106781186547,0.707106781186547,0
1.51,0,0,0,0,0,0,0,-0.0005,0.590514497498195,0.2,0,-0.707106781186547,0.707106781186547,0
1.52,0,0,0,0,0,0,0,-0.001,0.589514497498195,0.2,0,-0.707106781186547,0.707106781186547,0
1.53,0,0,0,0,0,0,0,-0.0015,0.588514497498195,0.2,0,-0.707106781186547,0.707106781186547,0
1.54,0,0,0,0,0,0,0,-0.002,0.587514497498195,0.2,0,-0.707106781186547,0.707106781186547,0
1.55,0,0,0,0,0,0,0,-0.0025,0.586514497498195,0.2,0,-0.707106781186547,0.707106781186547,0
1.56,0,0,0,0,0,0,0,-0.003,0.585514497498195,0.2,0,-0.707106781186547,0.707106781186547,0
1.57,0,0,0,0,0,0,0,-0.0035,0.584514497498195,0.2,0,-0.707106781186547,0.707106781186547,0
1.58,0,0,0,0,0,0,0,-0.004,0.583514497498195,0.2,0,-0.707106781186547,0.707106781186547,0
1.59,0,0,0,0,0,0,0,-0.0045,0.582514497498195,0.2,0,-0.707106781186547,0.707106781186547,0
1.6,0,0,0,0,0,0,0,-0.005,0.581514497498195,0.2,0,-0.707106781186547,0.707106781186547,0
1.61,0,0,0,0,0,0,0,-0.0055,0.580514497498195,0.2,0,-0.707106781186547,0.707106781186547,0
1.62,0,0,0,0,0,0,0,-0.00600000000000001,0.579514497498195,0.2,0,-0.707106781186547,0.707106781186547,0
1.63,0,0,0,0,0,0,0,-0.00650000000000001,0.578514497498195,0.2,0,-0.707106781186547,0.707106781186547,0
1.64,0,0,0,0,0,0,0,-0.00700000000000001,0.577514497498195,0.2,0,-0.707106781186547,0.707106781186547,0
1.65,0,0,0,0,0,0,0,-0.00750000000000001,0.576514497498195,0.2,0,-0.707106781186547,0.707106781186547,0
1.66,0,0,0,0,0,0,0,-0.00800000000000001,0.575514497498195,0.2,0,-0.707106781186547,0.707106781186547,0
1.67,0,0,0,0,0,0,0,-0.00850000000000001,0.574514497498195,0.2,0,-0.707106781186547,0.707106781186547,0
1.68,0,0,0,0,0,0,0,-0.00900000000000001,0.573514497498195,0.2,0,-0.707106781186547,0.707106781186547,0
1.69,0,0,0,0,0,0,0,-0.00950000000000001,0.572514497498195,0.2,0,-0.707106781186547,0.707106781186547,0
1.7,0,0,0,0,0,0,0,-0.01,0.571514497498195,0.2,0,-0.707106781186547,0.707106781186547,0
1.71,0,0,0,0,0,0,0,-0.0105,0.570514497498195,0.2,0,-0.707106781186547,0.707106781186547,0
1.72,0,0,0,0,0,0,0,-0.011,0.569514497498195,0.2,0,-0.707106781186547,0.707106781186547,0
1.73,0,0,0,0,0,0,0,-0.0115,0.568514497498195,0.2,0,-0.707106781186547,0.707106781186547,0
1.74,0,0,0,0,0,0,0,-0.012,0.567514497498195,0.2,0,-0.707106781186547,0.707106781186547,0
1.75,0,0,0,0,0,0,0,-0.0125,0.566514497498195,0.2,0,-0.707106781186547,0.707106781186547,0
1.76,0,0,0,0,0,0,0,-0.013,0.565514497498195,0.2,0,-0.707106781186547,0.707106781186547,0
1.77,0,0,0,0,0,0,0,-0.0135,0.564514497498195,0.2,0,-0.707106781186547,0.707106781186547,0
1.78,0,0,0,0,0,0,0,-0.014,0.563514497498195,0.2,0,-0.707106781186547,0.707106781186547,0
1.79,0,0,0,0,0,0,0,-0.0145,0.562514497498195,0.2,0,-0.707106781186547,0.707106781186547,0
1.8,0,0,0,0,0,0,0,-0.015,0.561514497498195,0.2,0,-0.707106781186547,0.707106781186547,0
1.81,0,0,0,0,0,0,0,-0.0155,0.560514497498195,0.2,0,-0.707106781186547,0.707106781186547,0
1.82,0,0,0,0,0,0,0,-0.016,0.559514497498195,0.2,0,-0.707106781186547,0.707106781186547,0
1.83,0,0,0,0,0,0,0,-0.0165,0.558514497498195,0.2,0,-0.707106781186547,0.707106781186547,0
1.84,0,0,0,0,0,0,0,-0.017,0.557514497498195,0.2,0,-0.707106781186547,0.707106781186547,0
1.85,0,0,0,0,0,0,0,-0.0175,0.556514497498195,0.2,0,-0.707106781186547,0.707106781186547,0
1.86,0,0,0,0,0,0,0,-0.018,0.555514497498195,0.2,0,-0.707106781186547,0.707106781186547,0
1.87,0,0,0,0,0,0,0,-0.0185,0.554514497498195,0.2,0,-0.707106781186547,0.707106781186547,0
1.88,0,0,0,0,0,0,0,-0.019,0.553514497498195,0.2,0,-0.707106781186547,0.707106781186547,0
1.89,0,0,0,0,0,0,0,-0.0195,0.552514497498195,0.2,0,-0.707106781186547,0.707106781186547,0
1.9,0,0,0,0,0,0,0,-0.02,0.551514497498195,0.2,0,-0.707106781186547,0.707106781186547,0
1.91,0,0,0,0,0,0,0,-0.0205,0.550514497498195,0.2,0,-0.707106781186547,0.707106781186547,0
1.92,0,0,0,0,0,0,0,-0.021,0.549514497498195,0.2,0,-0.707106781186547,0.707106781186547,0
1.93,0,0,0,0,0,0,0,-0.0215,0.548514497498195,0.2,0,-0.707106781186547,0.707106781186547,0
1.94,0,0,0,0,0,0,0,-0.022,0.547514497498195,0.2,0,-0.707106781186547,0.707106781186547,0
1.95,0,0,0,0,0,0,0,-0.0225,0.546514497498195,0.2,0,-0.707106781186547,0.707106781186547,0
1.96,0,0,0,0,0,0,0,-0.023,0.545514497498195,0.2,0,-0.707106781186547,0.707106781186547,0
1.97,0,0,0,0,0,0,0,-0.0235,0.544514497498195,0.2,0,-0.707106781186547,0.707106781186547,0
1.98,0,0,0,0,0,0,0,-0.024,0.543514497498195,0.2,0,-0.707106781186547,0.707106781186547,0
1.99,0,0,0,0,0,0,0,-0.0245,0.542514497498195,0.2,0,-0.707106781186547,0.707106781186547,0
2,0,0,0,0,0,0,0,-0.025,0.541514497498195,0.2,0,-0.707106781186547,0.707106781186547,0
2.01,0,0,0,0,0,0,0,-0.0255,0.540514497498195,0.2,0,-0.707106781186547,0.707106781186547,0
2.02,0,0,0,0,0,0,0,-0.026,0.539514497498195,0.2,0,-0.707106781186547,0.707106781186547,0
2.03,0,0,0,0,0,0,0,-0.0265,0.538514497498195,0.2,0,-0.707106781186547,0.707106781186547,0
2.04,0,0,0,0,0,0,0,-0.027,0.537514497498195,0.2,0,-0.707106781186547,0.707106781186547,0
2.05,0,0,0,0,0,0,0,-0.0275,0.536514497498195,0.2,0,-0.707106781186547,0.707106781186547,0
2.06,0,0,0,0,0,0,0,-0.028,0.535514497498195,0.2,0,-0.707106781186547,0.707106781186547,0
2.07,0,0,0,0,0,0,0,-0.0285,0.534514497498195,0.2,0,-0.707106781186547,0.707106781186547,0
2.08,0,0,0,0,0,0,0,-0.029,0.533514497498195,0.2,0,-0.707106781186547,0.707106781186547,0
2.09,0,0,0,0,0,0,0,-0.0295,0.532514497498195,0.2,0,-0.707106781186547,0.707106781186547,0
2.1,0,0,0,0,0,0,0,-0.03,0.531514497498195,0.2,0,-0.707106781186547,0.707106781186547,0
2.11,0,0,0,0,0,0,0,-0.0305,0.530514497498195,0.2,0,-0.707106781186547,0.707106781186547,0
2.12,0,0,0,0,0,0,0,-0.031,0.529514497498195,0.2,0,-0.707106781186547,0.707106781186547,0
2.13,0,0,0,0,0,0,0,-0.0315,0.528514497498195,0.2,0,-0.707106781186547,0.707106781186547,0
2.14,0,0,0,0,0,0,0,-0.032,0.527514497498195,0.2,0,-0.707106781186547,0.707106781186547,0
2.15,0,0,0,0,0,0,0,-0.0325,0.526514497498195,0.2,0,-0.707106781186547,0.707106781186547,0
2.16,0,0,0,0,0,0,0,-0.033,0.525514497498195,0.2,0,-0.707106781186547,0.707106781186547,0
2.17,0,0,0,0,0,0,0,-0.0335,0.524514497498195,0.2,0,-0.707106781186547,0.707106781186547,0
2.18,0,0,0,0,0,0,0,-0.034,0.523514497498195,0.2,0,-0.707106781186547,0.707106781186547,0
2.19,0,0,0,0,0,0,0,-0.0345,0.522514497498195,0.2,0,-0.707106781186547,0.707106781186547,0
2.2,0,0,0,0,0,0,0,-0.035,0.521514497498195,0.2,0,-0.707106781186547,0.707106781186547,0
2.21,0,0,0,0,0,0,0,-0.0355,0.520514497498195,0.2,0,-0.707106781186547,0.707106781186547,0
2.22,0,0,0,0,0,0,0,-0.036,0.519514497498195,0.2,0,-0.707106781186547,0.707106781186547,0
2.23,0,0,0,0,0,0,0,-0.0365,0.518514497498195,0.2,0,-0.707106781186547,0.707106781186547,0
2.24,0,0,0,0,0,0,0,-0.037,0.517514497498195,0.2,0,-0.707106781186547,0.707106781186547,0
2.25,0,0,0,0,0,0,0,-0.0375,0.516514497498195,0.2,0,-0.707106781186547,0.707106781186547,0
2.26,0,0,0,0,0,0,0,-0.038,0.515514497498195,0.2,0,-0.707106781186547,0.707106781186547,0
2.27,0,0,0,0,0,0,0,-0.0385,0.514514497498195,0.2,0,-0.707106781186547,0.707106781186547,0
2.28,0,0,0,0,0,0,0,-0.039,0.513514497498195,0.2,0,-0.707106781186547,0.707106781186547,0
2.29,0,0,0,0,0,0,0,-0.0395,0.512514497498195,0.2,0,-0.707106781186547,0.707106781186547,0
2.3,0,0,0,0,0,0,0,-0.04,0.511514497498195,0.2,0,-0.707106781186547,0.707106781186547,0
2.31,0,0,0,0,0,0,0,-0.0405,0.510514497498195,0.2,0,-0.707106781186547,0.707106781186547,0
2.32,0,0,0,0,0,0,0,-0.041,0.509514497498195,0.2,0,-0.707106781186547,0.707106781186547,0
2.33,0,0,0,0,0,0,0,-0.0415,0.508514497498195,0.2,0,-0.707106781186547,0.707106781186547,0
2.34,0,0,0,0,0,0,0,-0.042,0.507514497498195,0.2,0,-0.707106781186547,0.707106781186547,0
2.35,0,0,0,0,0,0,0,-0.0425,0.506514497498195,0.2,0,-0.707106781186547,0.707106781186547,0
2.36,0,0,0,0,0,0,0,-0.043,0.505514497498195,0.2,0,-0.707106781186547,0.707106781186547,0
2.37,0,0,0,0,0,0,0,-0.0435,0.504514497498195,0.2,0,-0.707106781186547,0.707106781186547,0
2.38,0,0,0,0,0,0,0,-0.044,0.503514497498195,0.2,0,-0.707106781186547,0.707106781186547,0
2.39,0,0,0,0,0,0,0,-0.0445,0.502514497498195,0.2,0,-0.707106781186547,0.707106781186547,0
2.4,0,0,0,0,0,0,0,-0.045,0.501514497498195,0.2,0,-0.707106781186547,0.707106781186547,0
2.41,0,0,0,0,0,0,0,-0.0455,0.500514497498195,0.2,0,-0.707106781186547,0.707106781186547,0
2.42,0,0,0,0,0,0,0,-0.046,0.499514497498195,0.2,0,-0.707106781186547,0.707106781186547,0
2.43,0,0,0,0,0,0,0,-0.0465,0.498514497498195,0.2,0,-0.707106781186547,0.707106781186547,0
2.44,0,0,0,0,0,0,0,-0.047,0.497514497498195,0.2,0,-0.707106781186547,0.707106781186547,0
2.45,0,0,0,0,0,0,0,-0.0475,0.496514497498195,0.2,0,-0.707106781186547,0.707106781186547,0
2.46,0,0,0,0,0,0,0,-0.048,0.495514497498195,0.2,0,-0.707106781186547,0.707106781186547,0
2.47,0,0,0,0,0,0,0,-0.0485,0.494514497498195,0.2,0,-0.707106781186547,0.707106781186547,0
2.48,0,0,0,0,0,0,0,-0.049,0.493514497498195,0.2,0,-0.707106781186547,0.707106781186547,0
2.49,0,0,0,0,0,0,0,-0.0495,0.492514497498195,0.2,0,-0.707106781186547,0.707106781186547,0
2.5,0,0,0,0,0,0,0,-0.05,0.491514497498195,0.2,0,-0.707106781186547,0.707106781186547,0
2.51,0,0,0,0,0,0,0,-0.0505,0.490514497498195,0.2,0,-0.707106781186547,0.707106781186547,0
2.52,0,0,0,0,0,0,0,-0.051,0.489514497498195,0.2,0,-0.707106781186547,0.707106781186547,0
2.53,0,0,0,0,0,0,0,-0.0515,0.488514497498195,0.2,0,-0.707106781186547,0.707106781186547,0
2.54,0,0,0,0,0,0,0,-0.052,0.487514497498195,0.2,0,-0.707106781186547,0.707106781186547,0
2.55,0,0,0,0,0,0,0,-0.0525,0.486514497498195,0.2,0,-0.707106781186547,0.707106781186547,0
2.56,0,0,0,0,0,0,0,-0.053,0.485514497498195,0.2,0,-0.707106781186547,0.707106781186547,0
2.57,0,0,0,0,0,0,0,-0.0535,0.484514497498195,0.2,0,-0.707106781186547,0.707106781186547,0
2.58,0,0,0,0,0,0,0,-0.054,0.483514497498195,0.2,0,-0.707106781186547,0.707106781186547,0
2.59,0,0,0,0,0,0,0,-0.0545,0.482514497498195,0.2,0,-0.707106781186547,0.707106781186547,0
2.6,0,0,0,0,0,0,0,-0.055,0.481514497498195,0.2,0,-0.707106781186547,0.707106781186547,0
2.61,0,0,0,0,0,0,0,-0.0555,0.480514497498195,0.2,0,-0.707106781186547,0.707106781186547,0
2.62,0,0,0,0,0,0,0,-0.056,0.479514497498195,0.2,0,-0.707106781186547,0.707106781186547,0
2.63,0,0,0,0,0,0,0,-0.0565,0.478514497498195,0.2,0,-0.707106781186547,0.707106781186547,0
2.64,0,0,0,0,0,0,0,-0.057,0.477514497498195,0.2,0,-0.707106781186547,0.707106781186547,0
2.65,0,0,0,0,0,0,0,-0.0575,0.476514497498195,0.2,0,-0.707106781186547,0.707106781186547,0
2.66,0,0,0,0,0,0,0,-0.058,0.475514497498195,0.2,0,-0.707106781186547,0.707106781186547,0
2.67,0,0,0,0,0,0,0,-0.0585,0.474514497498195,0.2,0,-0.707106781186547,0.707106781186547,0
2.68,0,0,0,0,0,0,0,-0.059,0.473514497498195,0.2,0,-0.707106781186547,0.707106781186547,0
2.69,0,0,0,0,0,0,0,-0.0595,0.472514497498195,0.2,0,-0.707106781186547,0.707106781186547,0
2.7,0,0,0,0,0,0,0,-0.06,0.471514497498195,0.2,0,-0.707106781186547,0.707106781186547,0
2.71,0,0,0,0,0,0,0,-0.0605,0.470514497498195,0.2,0,-0.707106781186547,0.707106781186547,0
2.72,0,0,0,0,0,0,0,-0.061,0.469514497498195,0.2,0,-0.707106781186547,0.707106781186547,0
2.73,0,0,0,0,0,0,0,-0.0615,0.468514497498195,0.2,0,-0.707106781186547,0.707106781186547,0
2.74,0,0,0,0,0,0,0,-0.062,0.467514497498195,0.2,0,-0.707106781186547,0.707106781186547,0
2.75,0,0,0,0,0,0,0,-0.0625,0.466514497498195,0.2,0,-0.707106781186547,0.707106781186547,0
2.76,0,0,0,0,0,0,0,-0.063,0.465514497498195,0.2,0,-0.707106781186547,0.707106781186547,0
2.77,0,0,0,0,0,0,0,-0.0635,0.464514497498195,0.2,0,-0.707106781186547,0.707106781186547,0
2.78,0,0,0,0,0,0,0,-0.064,0.463514497498195,0.2,0,-0.707106781186547,0.707106781186547,0
2.79,0,0,0,0,0,0,0,-0.0645,0.462514497498195,0.2,0,-0.707106781186547,0.707106781186547,0
2.8,0,0,0,0,0,0,0,-0.065,0.461514497498195,0.2,0,-0.707106781186547,0.707106781186547,0
2.81,0,0,0,0,0,0,0,-0.0655,0.460514497498195,0.2,0,-0.707106781186547,0.707106781186547,0
2.82,0,0,0,0,0,0,0,-0.066,0.459514497498195,0.2,0,-0.707106781186547,0.707106781186547,0
2.83,0,0,0,0,0,0,0,-0.0665,0.458514497498195,0.2,0,-0.707106781186547,0.707106781186547,0
2.84,0,0,0,0,0,0,0,-0.067,0.457514497498195,0.2,0,-0.707106781186547,0.707106781186547,0
2.85,0,0,0,0,0,0,0,-0.0675,0.456514497498195,0.2,0,-0.707106781186547,0.707106781186547,0
2.86,0,0,0,0,0,0,0,-0.068,0.455514497498195,0.2,0,-0.707106781186547,0.707106781186547,0
2.87,0,0,0,0,0,0,0,-0.0685,0.454514497498195,0.2,0,-0.707106781186547,0.707106781186547,0
2.88,0,0,0,0,0,0,0,-0.069,0.453514497498195,0.2,0,-0.707106781186547,0.707106781186547,0
2.89,0,0,0,0,0,0,0,-0.0695,0.452514497498195,0.2,0,-0.707106781186547,0.707106781186547,0
2.9,0,0,0,0,0,0,0,-0.07,0.451514497498195,0.2,0,-0.707106781186547,0.707106781186547,0
2.91,0,0,0,0,0,0,0,-0.0705,0.450514497498195,0.2,0,-0.707106781186547,0.707106781186547,0
2.92,0,0,0,0,0,0,0,-0.071,0.449514497498195,0.2,0,-0.707106781186547,0.707106781186547,0
2.93,0,0,0,0,0,0,0,-0.0715,0.448514497498195,0.2,0,-0.707106781186547,0.707106781186547,0
2.94,0,0,0,0,0,0,0,-0.072,0.447514497498195,0.2,0,-0.707106781186547,0.707106781186547,0
2.95,0,0,0,0,0,0,0,-0.0725,0.446514497498195,0.2,0,-0.707106781186547,0.707106781186547,0
2.96,0,0,0,0,0,0,0,-0.073,0.445514497498195,0.2,0,-0.707106781186547,0.707106781186547,0
2.97,0,0,0,0,0,0,0,-0.0735,0.444514497498195,0.2,0,-0.707106781186547,0.707106781186547,0
2.98,0,0,0,0,0,0,0,-0.074,0.443514497498195,0.2,0,-0.707106781186547,0.707106781186547,0
2.99,0,0,0,0,0,0,0,-0.0745,0.442514497498195,0.2,0,-0.707106781186547,0.707106781186547,0
3,0,0,0,0,0,0,0,-0.075,0.441514497498195,0.2,0,-0.707106781186547,0.707106781186547,0
3.01,0,0,0,0,0,0,0,-0.0755,0.440514497498195,0.2,0,-0.707106781186547,0.707106781186547,0
3.02,0,0,0,0,0,0,0,-0.076,0.439514497498195,0.2,0,-0.707106781186547,0.707106781186547,0
3.03,0,0,0,0,0,0,0,-0.0765,0.438514497498195,0.2,0,-0.707106781186547,0.707106781186547,0
3.04,0,0,0,0,0,0,0,-0.077,0.437514497498195,0.2,0,-0.707106781186547,0.707106781186547,0
3.05,0,0,0,0,0,0,0,-0.0775,0.436514497498195,0.2,0,-0.707106781186547,0.707106781186547,0
3.06,0,0,0,0,0,0,0,-0.078,0.435514497498195,0.2,0,-0.707106781186547,0.707106781186547,0
3.07,0,0,0,0,0,0,0,-0.0785,0.434514497498195,0.2,0,-0.707106781186547,0.707106781186547,0
3.08,0,0,0,0,0,0,0,-0.079,0.433514497498195,0.2,0,-0.707106781186547,0.707106781186547,0
3.09,0,0,0,0,0,0,0,-0.0795,0.432514497498195,0.2,0,-0.707106781186547,0.707106781186547,0
3.1,0,0,0,0,0,0,0,-0.08,0.431514497498195,0.2,0,-0.707106781186547,0.707106781186547,0
3.11,0,0,0,0,0,0,0,-0.0805,0.430514497498195,0.2,0,-0.707106781186547,0.707106781186547,0
3.12,0,0,0,0,0,0,0,-0.081,0.429514497498195,0.2,0,-0.707106781186547,0.707106781186547,0
3.13,0,0,0,0,0,0,0,-0.0815,0.428514497498195,0.2,0,-0.707106781186547,0.707106781186547,0
3.14,0,0,0,0,0,0,0,-0.082,0.427514497498195,0.2,0,-0.707106781186547,0.707106781186547,0
3.15,0,0,0,0,0,0,0,-0.0825,0.426514497498195,0.2,0,-0.707106781186547,0.707106781186547,0
3.16,0,0,0,0,0,0,0,-0.083,0.425514497498195,0.2,0,-0.707106781186547,0.707106781186547,0
3.17,0,0,0,0,0,0,0,-0.0835,0.424514497498195,0.2,0,-0.707106781186547,0.707106781186547,0
3.18,0,0,0,0,0,0,0,-0.084,0.423514497498195,0.2,0,-0.707106781186547,0.707106781186547,0
3.19,0,0,0,0,0,0,0,-0.0845,0.422514497498195,0.2,0,-0.707106781186547,0.707106781186547,0
3.2,0,0,0,0,0,0,0,-0.085,0.421514497498195,0.2,0,-0.707106781186547,0.707106781186547,0
3.21,0,0,0,0,0,0,0,-0.0855,0.420514497498195,0.2,0,-0.707106781186547,0.707106781186547,0
3.22,0,0,0,0,0,0,0,-0.086,0.419514497498195,0.2,0,-0.707106781186547,0.707106781186547,0
3.23,0,0,0,0,0,0,0,-0.0865,0.418514497498195,0.2,0,-0.707106781186547,0.707106781186547,0
3.24,0,0,0,0,0,0,0,-0.087,0.417514497498195,0.2,0,-0.707106781186547,0.707106781186547,0
3.25,0,0,0,0,0,0,0,-0.0875,0.416514497498195,0.2,0,-0.707106781186547,0.707106781186547,0
3.26,0,0,0,0,0,0,0,-0.088,0.415514497498195,0.2,0,-0.707106781186547,0.707106781186547,0
3.27,0,0,0,0,0,0,0,-0.0885,0.414514497498195,0.2,0,-0.707106781186547,0.707106781186547,0
3.28,0,0,0,0,0,0,0,-0.089,0.413514497498195,0.2,0,-0.707106781186547,0.707106781186547,0
3.29,0,0,0,0,0,0,0,-0.0895,0.412514497498195,0.2,0,-0.707106781186547,0.707106781186547,0
3.3,0,0,0,0,0,0,0,-0.09,0.411514497498195,0.2,0,-0.707106781186547,0.707106781186547,0
3.31,0,0,0,0,0,0,0,-0.0905,0.410514497498195,0.2,0,-0.707106781186547,0.707106781186547,0
3.32,0,0,0,0,0,0,0,-0.091,0.409514497498195,0.2,0,-0.707106781186547,0.707106781186547,0
3.33,0,0,0,0,0,0,0,-0.0915,0.408514497498195,0.2,0,-0.707106781186547,0.707106781186547,0
3.34,0,0,0,0,0,0,0,-0.092,0.407514497498195,0.2,0,-0.707106781186547,0.707106781186547,0
3.35,0,0,0,0,0,0,0,-0.0925,0.406514497498195,0.2,0,-0.707106781186547,0.707106781186547,0
3.36,0,0,0,0,0,0,0,-0.093,0.405514497498195,0.2,0,-0.707106781186547,0.707106781186547,0
3.37,0,0,0,0,0,0,0,-0.0935,0.404514497498195,0.2,0,-0.707106781186547,0.707106781186547,0
3.38,0,0,0,0,0,0,0,-0.094,0.403514497498195,0.2,0,-0.707106781186547,0.707106781186547,0
3.39,0,0,0,0,0,0,0,-0.0945,0.402514497498195,0.2,0,-0.707106781186547,0.707106781186547,0
3.4,0,0,0,0,0,0,0,-0.095,0.401514497498195,0.2,0,-0.707106781186547,0.707106781186547,0
3.41,0,0,0,0,0,0,0,-0.0955,0.400514497498195,0.2,0,-0.707106781186547,0.707106781186547,0
3.42,0,0,0,0,0,0,0,-0.096,0.399514497498195,0.2,0,-0.707106781186547,0.707106781186547,0
3.43,0,0,0,0,0,0,0,-0.0965,0.398514497498195,0.2,0,-0.707106781186547,0.707106781186547,0
3.44,0,0,0,0,0,0,0,-0.097,0.397514497498195,0.2,0,-0.707106781186547,0.707106781186547,0
3.45,0,0,0,0,0,0,0,-0.0975,0.396514497498195,0.2,0,-0.707106781186547,0.707106781186547,0
3.46,0,0,0,0,0,0,0,-0.098,0.395514497498195,0.2,0,-0.707106781186547,0.707106781186547,0
3.47,0,0,0,0,0,0,0,-0.0985,0.394514497498195,0.2,0,-0.707106781186547,0.707106781186547,0
3.48,0,0,0,0,0,0,0,-0.099,0.393514497498195,0.2,0,-0.707106781186547,0.707106781186547,0
3.49,0,0,0,0,0,0,0,-0.0995,0.392514497498195,0.2,0,-0.707106781186547,0.707106781186547,0
3.5,0,0,0,0,0,0,0,-0.1,0.391514497498195,0.2,0,-0.707106781186547,0.707106781186547,0
3.51,0,0,0,0,0,0,0,-0.1,0.391014497498195,0.1995,0,-0.707106781186547,0.707106781186547,0
3.52,0,0,0,0,0,0,0,-0.1,0.390514497498195,0.199,0,-0.707106781186547,0.707106781186547,0
3.53,0,0,0,0,0,0,0,-0.1,0.390014497498195,0.1985,0,-0.707106781186547,0.707106781186547,0
3.54,0,0,0,0,0,0,0,-0.1,0.389514497498195,0.198,0,-0.707106781186547,0.707106781186547,0
3.55,0,0,0,0,0,0,0,-0.1,0.389014497498195,0.1975,0,-0.707106781186547,0.707106781186547,0
3.56,0,0,0,0,0,0,0,-0.1,0.388514497498195,0.197,0,-0.707106781186547,0.707106781186547,0
3.57,0,0,0,0,0,0,0,-0.1,0.388014497498195,0.1965,0,-0.707106781186547,0.707106781186547,0
3.58,0,0,0,0,0,0,0,-0.1,0.387514497498195,0.196,0,-0.707106781186547,0.707106781186547,0
3.59,0,0,0,0,0,0,0,-0.1,0.387014497498195,0.1955,0,-0.707106781186547,0.707106781186547,0
3.6,0,0,0,0,0,0,0,-0.1,0.386514497498195,0.195,0,-0.707106781186547,0.707106781186547,0
3.61,0,0,0,0,0,0,0,-0.1,0.386014497498195,0.1945,0,-0.707106781186547,0.707106781186547,0
3.62,0,0,0,0,0,0,0,-0.1,0.385514497498195,0.194,0,-0.707106781186547,0.707106781186547,0
3.63,0,0,0,0,0,0,0,-0.1,0.385014497498195,0.1935,0,-0.707106781186547,0.707106781186547,0
3.64,0,0,0,0,0,0,0,-0.1,0.384514497498195,0.193,0,-0.707106781186547,0.707106781186547,0
3.65,0,0,0,0,0,0,0,-0.1,0.384014497498195,0.1925,0,-0.707106781186547,0.707106781186547,0
3.66,0,0,0,0,0,0,0,-0.1,0.383514497498195,0.192,0,-0.707106781186547,0.707106781186547,0
3.67,0,0,0,0,0,0,0,-0.1,0.383014497498195,0.1915,0,-0.707106781186547,0.707106781186547,0
3.68,0,0,0,0,0,0,0,-0.1,0.382514497498195,0.191,0,-0.707106781186547,0.707106781186547,0
3.69,0,0,0,0,0,0,0,-0.1,0.382014497498195,0.1905,0,-0.707106781186547,0.707106781186547,0
3.7,0,0,0,0,0,0,0,-0.1,0.381514497498195,0.19,0,-0.707106781186547,0.707106781186547,0
3.71,0,0,0,0,0,0,0,-0.1,0.381014497498195,0.1895,0,-0.707106781186547,0.707106781186547,0
3.72,0,0,0,0,0,0,0,-0.1,0.380514497498195,0.189,0,-0.707106781186547,0.707106781186547,0
3.73,0,0,0,0,0,0,0,-0.1,0.380014497498195,0.1885,0,-0.707106781186547,0.707106781186547,0
3.74,0,0,0,0,0,0,0,-0.1,0.379514497498195,0.188,0,-0.707106781186547,0.707106781186547,0
3.75,0,0,0,0,0,0,0,-0.1,0.379014497498195,0.1875,0,-0.707106781186547,0.707106781186547,0
3.76,0,0,0,0,0,0,0,-0.1,0.378514497498195,0.187,0,-0.707106781186547,0.707106781186547,0
3.77,0,0,0,0,0,0,0,-0.1,0.378014497498195,0.1865,0,-0.707106781186547,0.707106781186547,0
3.78,0,0,0,0,0,0,0,-0.1,0.377514497498195,0.186,0,-0.707106781186547,0.707106781186547,0
3.79,0,0,0,0,0,0,0,-0.1,0.377014497498195,0.1855,0,-0.707106781186547,0.707106781186547,0
3.8,0,0,0,0,0,0,0,-0.1,0.376514497498195,0.185,0,-0.707106781186547,0.707106781186547,0
3.81,0,0,0,0,0,0,0,-0.1,0.376014497498195,0.1845,0,-0.707106781186547,0.707106781186547,0
3.82,0,0,0,0,0,0,0,-0.1,0.375514497498195,0.184,0,-0.707106781186547,0.707106781186547,0
3.83,0,0,0,0,0,0,0,-0.1,0.375014497498195,0.1835,0,-0.707106781186547,0.707106781186547,0
3.84,0,0,0,0,0,0,0,-0.1,0.374514497498195,0.183,0,-0.707106781186547,0.707106781186547,0
3.85,0,0,0,0,0,0,0,-0.1,0.374014497498195,0.1825,0,-0.707106781186547,0.707106781186547,0
3.86,0,0,0,0,0,0,0,-0.1,0.373514497498195,0.182,0,-0.707106781186547,0.707106781186547,0
3.87,0,0,0,0,0,0,0,-0.1,0.373014497498195,0.1815,0,-0.707106781186547,0.707106781186547,0
3.88,0,0,0,0,0,0,0,-0.1,0.372514497498195,0.181,0,-0.707106781186547,0.707106781186547,0
3.89,0,0,0,0,0,0,0,-0.1,0.372014497498195,0.1805,0,-0.707106781186547,0.707106781186547,0
3.9,0,0,0,0,0,0,0,-0.1,0.371514497498195,0.18,0,-0.707106781186547,0.707106781186547,0
3.91,0,0,0,0,0,0,0,-0.1,0.371014497498195,0.1795,0,-0.707106781186547,0.707106781186547,0
3.92,0,0,0,0,0,0,0,-0.1,0.370514497498195,0.179,0,-0.707106781186547,0.707106781186547,0
3.93,0,0,0,0,0,0,0,-0.1,0.370014497498195,0.1785,0,-0.707106781186547,0.707106781186547,0
3.94,0,0,0,0,0,0,0,-0.1,0.369514497498195,0.178,0,-0.707106781186547,0.707106781186547,0
3.95,0,0,0,0,0,0,0,-0.1,0.369014497498195,0.1775,0,-0.707106781186547,0.707106781186547,0
3.96,0,0,0,0,0,0,0,-0.1,0.368514497498195,0.177,0,-0.707106781186547,0.707106781186547,0
3.97,0,0,0,0,0,0,0,-0.1,0.368014497498195,0.1765,0,-0.707106781186547,0.707106781186547,0
3.98,0,0,0,0,0,0,0,-0.1,0.367514497498195,0.176,0,-0.707106781186547,0.707106781186547,0
3.99,0,0,0,0,0,0,0,-0.1,0.367014497498195,0.1755,0,-0.707106781186547,0.707106781186547,0
4,0,0,0,0,0,0,0,-0.1,0.366514497498195,0.175,0,-0.707106781186547,0.707106781186547,0
4.01,0,0,0,0,0,0,0,-0.1,0.366014497498195,0.1745,0,-0.707106781186547,0.707106781186547,0
4.02,0,0,0,0,0,0,0,-0.1,0.365514497498195,0.174,0,-0.707106781186547,0.707106781186547,0
4.03,0,0,0,0,0,0,0,-0.1,0.365014497498195,0.1735,0,-0.707106781186547,0.707106781186547,0
4.04,0,0,0,0,0,0,0,-0.1,0.364514497498195,0.173,0,-0.707106781186547,0.707106781186547,0
4.05,0,0,0,0,0,0,0,-0.1,0.364014497498195,0.1725,0,-0.707106781186547,0.707106781186547,0
4.06,0,0,0,0,0,0,0,-0.1,0.363514497498195,0.172,0,-0.707106781186547,0.707106781186547,0
4.07,0,0,0,0,0,0,0,-0.1,0.363014497498195,0.1715,0,-0.707106781186547,0.707106781186547,0
4.08,0,0,0,0,0,0,0,-0.1,0.362514497498195,0.171,0,-0.707106781186547,0.707106781186547,0
4.09,0,0,0,0,0,0,0,-0.1,0.362014497498195,0.1705,0,-0.707106781186547,0.707106781186547,0
4.1,0,0,0,0,0,0,0,-0.1,0.361514497498195,0.17,0,-0.707106781186547,0.707106781186547,0
4.11,0,0,0,0,0,0,0,-0.1,0.361014497498195,0.1695,0,-0.707106781186547,0.707106781186547,0
4.12,0,0,0,0,0,0,0,-0.1,0.360514497498195,0.169,0,-0.707106781186547,0.707106781186547,0
4.13,0,0,0,0,0,0,0,-0.1,0.360014497498195,0.1685,0,-0.707106781186547,0.707106781186547,0
4.14,0,0,0,0,0,0,0,-0.1,0.359514497498195,0.168,0,-0.707106781186547,0.707106781186547,0
4.15,0,0,0,0,0,0,0,-0.1,0.359014497498195,0.1675,0,-0.707106781186547,0.707106781186547,0
4.16,0,0,0,0,0,0,0,-0.1,0.358514497498195,0.167,0,-0.707106781186547,0.707106781186547,0
4.17,0,0,0,0,0,0,0,-0.1,0.358014497498195,0.1665,0,-0.707106781186547,0.707106781186547,0
4.18,0,0,0,0,0,0,0,-0.1,0.357514497498195,0.166,0,-0.707106781186547,0.707106781186547,0
4.19,0,0,0,0,0,0,0,-0.1,0.357014497498195,0.1655,0,-0.707106781186547,0.707106781186547,0
4.2,0,0,0,0,0,0,0,-0.1,0.356514497498195,0.165,0,-0.707106781186547,0.707106781186547,0
4.21,0,0,0,0,0,0,0,-0.1,0.356014497498195,0.1645,0,-0.707106781186547,0.707106781186547,0
4.22,0,0,0,0,0,0,0,-0.1,0.355514497498195,0.164,0,-0.707106781186547,0.707106781186547,0
4.23,0,0,0,0,0,0,0,-0.1,0.355014497498195,0.1635,0,-0.707106781186547,0.707106781186547,0
4.24,0,0,0,0,0,0,0,-0.1,0.354514497498195,0.163,0,-0.707106781186547,0.707106781186547,0
4.25,0,0,0,0,0,0,0,-0.1,0.354014497498195,0.1625,0,-0.707106781186547,0.707106781186547,0
4.26,0,0,0,0,0,0,0,-0.1,0.353514497498195,0.162,0,-0.707106781186547,0.707106781186547,0
4.27,0,0,0,0,0,0,0,-0.1,0.353014497498195,0.1615,0,-0.707106781186547,0.707106781186547,0
4.28,0,0,0,0,0,0,0,-0.1,0.352514497498195,0.161,0,-0.707106781186547,0.707106781186547,0
4.29,0,0,0,0,0,0,0,-0.1,0.352014497498195,0.1605,0,-0.707106781186547,0.707106781186547,0
4.3,0,0,0,0,0,0,0,-0.1,0.351514497498195,0.16,0,-0.707106781186547,0.707106781186547,0
4.31,0,0,0,0,0,0,0,-0.1,0.351014497498195,0.1595,0,-0.707106781186547,0.707106781186547,0
4.32,0,0,0,0,0,0,0,-0.1,0.350514497498195,0.159,0,-0.707106781186547,0.707106781186547,0
4.33,0,0,0,0,0,0,0,-0.1,0.350014497498195,0.1585,0,-0.707106781186547,0.707106781186547,0
4.34,0,0,0,0,0,0,0,-0.1,0.349514497498195,0.158,0,-0.707106781186547,0.707106781186547,0
4.35,0,0,0,0,0,0,0,-0.1,0.349014497498195,0.1575,0,-0.707106781186547,0.707106781186547,0
4.36,0,0,0,0,0,0,0,-0.1,0.348514497498195,0.157,0,-0.707106781186547,0.707106781186547,0
4.37,0,0,0,0,0,0,0,-0.1,0.348014497498195,0.1565,0,-0.707106781186547,0.707106781186547,0
4.38,0,0,0,0,0,0,0,-0.1,0.347514497498195,0.156,0,-0.707106781186547,0.707106781186547,0
4.39,0,0,0,0,0,0,0,-0.1,0.347014497498195,0.1555,0,-0.707106781186547,0.707106781186547,0
4.4,0,0,0,0,0,0,0,-0.1,0.346514497498195,0.155,0,-0.707106781186547,0.707106781186547,0
4.41,0,0,0,0,0,0,0,-0.1,0.346014497498195,0.1545,0,-0.707106781186547,0.707106781186547,0
4.42,0,0,0,0,0,0,0,-0.1,0.345514497498195,0.154,0,-0.707106781186547,0.707106781186547,0
4.43,0,0,0,0,0,0,0,-0.1,0.345014497498195,0.1535,0,-0.707106781186547,0.707106781186547,0
4.44,0,0,0,0,0,0,0,-0.1,0.344514497498195,0.153,0,-0.707106781186547,0.707106781186547,0
4.45,0,0,0,0,0,0,0,-0.1,0.344014497498195,0.1525,0,-0.707106781186547,0.707106781186547,0
4.46,0,0,0,0,0,0,0,-0.1,0.343514497498195,0.152,0,-0.707106781186547,0.707106781186547,0
4.47,0,0,0,0,0,0,0,-0.1,0.343014497498195,0.1515,0,-0.707106781186547,0.707106781186547,0
4.48,0,0,0,0,0,0,0,-0.1,0.342514497498195,0.151,0,-0.707106781186547,0.707106781186547,0
4.49,0,0,0,0,0,0,0,-0.1,0.342014497498195,0.1505,0,-0.707106781186547,0.707106781186547,0
4.5,0,0,0,0,0,0,0,-0.1,0.341514497498195,0.15,0,-0.707106781186547,0.707106781186547,0
4.51,0,0,0,0,0,0,0,-0.0995,0.342014497498195,0.15,0,-0.707106781186547,0.707106781186547,0
4.52,0,0,0,0,0,0,0,-0.099,0.342514497498195,0.15,0,-0.707106781186547,0.707106781186547,0
4.53,0,0,0,0,0,0,0,-0.0985,0.343014497498195,0.15,0,-0.707106781186547,0.707106781186547,0
4.54,0,0,0,0,0,0,0,-0.098,0.343514497498195,0.15,0,-0.707106781186547,0.707106781186547,0
4.55,0,0,0,0,0,0,0,-0.0975,0.344014497498195,0.15,0,-0.707106781186547,0.707106781186547,0
4.56,0,0,0,0,0,0,0,-0.097,0.344514497498195,0.15,0,-0.707106781186547,0.707106781186547,0
4.57,0,0,0,0,0,0,0,-0.0965,0.345014497498195,0.15,0,-0.707106781186547,0.707106781186547,0
4.58,0,0,0,0,0,0,0,-0.096,0.345514497498195,0.15,0,-0.707106781186547,0.707106781186547,0
4.59,0,0,0,0,0,0,0,-0.0955,0.346014497498195,0.15,0,-0.707106781186547,0.707106781186547,0
4.6,0,0,0,0,0,0,0,-0.095,0.346514497498195,0.15,0,-0.707106781186547,0.707106781186547,0
4.61,0,0,0,0,0,0,0,-0.0945,0.347014497498195,0.15,0,-0.707106781186547,0.707106781186547,0
4.62,0,0,0,0,0,0,0,-0.094,0.347514497498195,0.15,0,-0.707106781186547,0.707106781186547,0
4.63,0,0,0,0,0,0,0,-0.0935,0.348014497498195,0.15,0,-0.707106781186547,0.707106781186547,0
4.64,0,0,0,0,0,0,0,-0.093,0.348514497498195,0.15,0,-0.707106781186547,0.707106781186547,0
4.65,0,0,0,0,0,0,0,-0.0925,0.349014497498195,0.15,0,-0.707106781186547,0.707106781186547,0
4.66,0,0,0,0,0,0,0,-0.092,0.349514497498195,0.15,0,-0.707106781186547,0.707106781186547,0
4.67,0,0,0,0,0,0,0,-0.0915,0.350014497498195,0.15,0,-0.707106781186547,0.707106781186547,0
4.68,0,0,0,0,0,0,0,-0.091,0.350514497498195,0.15,0,-0.707106781186547,0.707106781186547,0
4.69,0,0,0,0,0,0,0,-0.0905,0.351014497498195,0.15,0,-0.707106781186547,0.707106781186547,0
4.7,0,0,0,0,0,0,0,-0.09,0.351514497498195,0.15,0,-0.707106781186547,0.707106781186547,0
4.71,0,0,0,0,0,0,0,-0.0895,0.352014497498195,0.15,0,-0.707106781186547,0.707106781186547,0
4.72,0,0,0,0,0,0,0,-0.089,0.352514497498195,0.15,0,-0.707106781186547,0.707106781186547,0
4.73,0,0,0,0,0,0,0,-0.0885,0.353014497498195,0.15,0,-0.707106781186547,0.707106781186547,0
4.74,0,0,0,0,0,0,0,-0.088,0.353514497498195,0.15,0,-0.707106781186547,0.707106781186547,0
4.75,0,0,0,0,0,0,0,-0.0875,0.354014497498195,0.15,0,-0.707106781186547,0.707106781186547,0
4.76,0,0,0,0,0,0,0,-0.087,0.354514497498195,0.15,0,-0.707106781186547,0.707106781186547,0
4.77,0,0,0,0,0,0,0,-0.0865,0.355014497498195,0.15,0,-0.707106781186547,0.707106781186547,0
4.78,0,0,0,0,0,0,0,-0.086,0.355514497498195,0.15,0,-0.707106781186547,0.707106781186547,0
4.79,0,0,0,0,0,0,0,-0.0855,0.356014497498195,0.15,0,-0.707106781186547,0.707106781186547,0
4.8,0,0,0,0,0,0,0,-0.085,0.356514497498195,0.15,0,-0.707106781186547,0.707106781186547,0
4.81,0,0,0,0,0,0,0,-0.0845,0.357014497498195,0.15,0,-0.707106781186547,0.707106781186547,0
4.82,0,0,0,0,0,0,0,-0.084,0.357514497498195,0.15,0,-0.707106781186547,0.707106781186547,0
4.83,0,0,0,0,0,0,0,-0.0835,0.358014497498195,0.15,0,-0.707106781186547,0.707106781186547,0
4.84,0,0,0,0,0,0,0,-0.083,0.358514497498195,0.15,0,-0.707106781186547,0.707106781186547,0
4.85,0,0,0,0,0,0,0,-0.0825,0.359014497498195,0.15,0,-0.707106781186547,0.707106781186547,0
4.86,0,0,0,0,0,0,0,-0.082,0.359514497498195,0.15,0,-0.707106781186547,0.707106781186547,0
4.87,0,0,0,0,0,0,0,-0.0815,0.360014497498195,0.15,0,-0.707106781186547,0.707106781186547,0
4.88,0,0,0,0,0,0,0,-0.081,0.360514497498195,0.15,0,-0.707106781186547,0.707106781186547,0
4.89,0,0,0,0,0,0,0,-0.0805,0.361014497498195,0.15,0,-0.707106781186547,0.707106781186547,0
4.9,0,0,0,0,0,0,0,-0.08,0.361514497498195,0.15,0,-0.707106781186547,0.707106781186547,0
4.91,0,0,0,0,0,0,0,-0.0795,0.362014497498195,0.15,0,-0.707106781186547,0.707106781186547,0
4.92,0,0,0,0,0,0,0,-0.079,0.362514497498195,0.15,0,-0.707106781186547,0.707106781186547,0
4.93,0,0,0,0,0,0,0,-0.0785,0.363014497498195,0.15,0,-0.707106781186547,0.707106781186547,0
4.94,0,0,0,0,0,0,0,-0.078,0.363514497498195,0.15,0,-0.707106781186547,0.707106781186547,0
4.95,0,0,0,0,0,0,0,-0.0775,0.364014497498195,0.15,0,-0.707106781186547,0.707106781186547,0
4.96,0,0,0,0,0,0,0,-0.077,0.364514497498195,0.15,0,-0.707106781186547,0.707106781186547,0
4.97,0,0,0,0,0,0,0,-0.0765,0.365014497498195,0.15,0,-0.707106781186547,0.707106781186547,0
4.98,0,0,0,0,0,0,0,-0.076,0.365514497498195,0.15,0,-0.707106781186547,0.707106781186547,0
4.99,0,0,0,0,0,0,0,-0.0755,0.366014497498195,0.15,0,-0.707106781186547,0.707106781186547,0
5,0,0,0,0,0,0,0,-0.075,0.366514497498195,0.15,0,-0.707106781186547,0.707106781186547,0
5.01,0,0,0,0,0,0,0,-0.0745,0.367014497498195,0.15,0,-0.707106781186547,0.707106781186547,0
5.02,0,0,0,0,0,0,0,-0.074,0.367514497498195,0.15,0,-0.707106781186547,0.707106781186547,0
5.03,0,0,0,0,0,0,0,-0.0735,0.368014497498195,0.15,0,-0.707106781186547,0.707106781186547,0
5.04,0,0,0,0,0,0,0,-0.073,0.368514497498195,0.15,0,-0.707106781186547,0.707106781186547,0
5.05,0,0,0,0,0,0,0,-0.0725,0.369014497498195,0.15,0,-0.707106781186547,0.707106781186547,0
5.06,0,0,0,0,0,0,0,-0.072,0.369514497498195,0.15,0,-0.707106781186547,0.707106781186547,0
5.07,0,0,0,0,0,0,0,-0.0715,0.370014497498195,0.15,0,-0.707106781186547,0.707106781186547,0
5.08,0,0,0,0,0,0,0,-0.071,0.370514497498195,0.15,0,-0.707106781186547,0.707106781186547,0
5.09,0,0,0,0,0,0,0,-0.0705,0.371014497498195,0.15,0,-0.707106781186547,0.707106781186547,0
5.1,0,0,0,0,0,0,0,-0.07,0.371514497498195,0.15,0,-0.707106781186547,0.707106781186547,0
5.11,0,0,0,0,0,0,0,-0.0695,0.372014497498195,0.15,0,-0.707106781186547,0.707106781186547,0
5.12,0,0,0,0,0,0,0,-0.069,0.372514497498195,0.15,0,-0.707106781186547,0.707106781186547,0
5.13,0,0,0,0,0,0,0,-0.0685,0.373014497498195,0.15,0,-0.707106781186547,0.707106781186547,0
5.14,0,0,0,0,0,0,0,-0.068,0.373514497498195,0.15,0,-0.707106781186547,0.707106781186547,0
5.15,0,0,0,0,0,0,0,-0.0675,0.374014497498195,0.15,0,-0.707106781186547,0.707106781186547,0
5.16,0,0,0,0,0,0,0,-0.067,0.374514497498195,0.15,0,-0.707106781186547,0.707106781186547,0
5.17,0,0,0,0,0,0,0,-0.0665,0.375014497498195,0.15,0,-0.707106781186547,0.707106781186547,0
5.18,0,0,0,0,0,0,0,-0.066,0.375514497498195,0.15,0,-0.707106781186547,0.707106781186547,0
5.19,0,0,0,0,0,0,0,-0.0655,0.376014497498195,0.15,0,-0.707106781186547,0.707106781186547,0
5.2,0,0,0,0,0,0,0,-0.065,0.376514497498195,0.15,0,-0.707106781186547,0.707106781186547,0
5.21,0,0,0,0,0,0,0,-0.0645,0.377014497498195,0.15,0,-0.707106781186547,0.707106781186547,0
5.22,0,0,0,0,0,0,0,-0.064,0.377514497498195,0.15,0,-0.707106781186547,0.707106781186547,0
5.23,0,0,0,0,0,0,0,-0.0635,0.378014497498195,0.15,0,-0.707106781186547,0.707106781186547,0
5.24,0,0,0,0,0,0,0,-0.063,0.378514497498195,0.15,0,-0.707106781186547,0.707106781186547,0
5.25,0,0,0,0,0,0,0,-0.0625,0.379014497498195,0.15,0,-0.707106781186547,0.707106781186547,0
5.26,0,0,0,0,0,0,0,-0.062,0.379514497498195,0.15,0,-0.707106781186547,0.707106781186547,0
5.27,0,0,0,0,0,0,0,-0.0615,0.380014497498195,0.15,0,-0.707106781186547,0.707106781186547,0
5.28,0,0,0,0,0,0,0,-0.061,0.380514497498195,0.15,0,-0.707106781186547,0.707106781186547,0
5.29,0,0,0,0,0,0,0,-0.0605,0.381014497498195,0.15,0,-0.707106781186547,0.707106781186547,0
5.3,0,0,0,0,0,0,0,-0.06,0.381514497498195,0.15,0,-0.707106781186547,0.707106781186547,0
5.31,0,0,0,0,0,0,0,-0.0595,0.382014497498195,0.15,0,-0.707106781186547,0.707106781186547,0
5.32,0,0,0,0,0,0,0,-0.059,0.382514497498195,0.15,0,-0.707106781186547,0.707106781186547,0
5.33,0,0,0,0,0,0,0,-0.0585,0.383014497498195,0.15,0,-0.707106781186547,0.707106781186547,0
5.34,0,0,0,0,0,0,0,-0.058,0.383514497498195,0.15,0,-0.707106781186547,0.707106781186547,0
5.35,0,0,0,0,0,0,0,-0.0575,0.384014497498195,0.15,0,-0.707106781186547,0.707106781186547,0
5.36,0,0,0,0,0,0,0,-0.057,0.384514497498195,0.15,0,-0.707106781186547,0.707106781186547,0
5.37,0,0,0,0,0,0,0,-0.0565,0.385014497498195,0.15,0,-0.707106781186547,0.707106781186547,0
5.38,0,0,0,0,0,0,0,-0.056,0.385514497498195,0.15,0,-0.707106781186547,0.707106781186547,0
5.39,0,0,0,0,0,0,0,-0.0555,0.386014497498195,0.15,0,-0.707106781186547,0.707106781186547,0
5.4,0,0,0,0,0,0,0,-0.055,0.386514497498195,0.15,0,-0.707106781186547,0.707106781186547,0
5.41,0,0,0,0,0,0,0,-0.0545,0.387014497498195,0.15,0,-0.707106781186547,0.707106781186547,0
5.42,0,0,0,0,0,0,0,-0.054,0.387514497498195,0.15,0,-0.707106781186547,0.707106781186547,0
5.43,0,0,0,0,0,0,0,-0.0535,0.388014497498195,0.15,0,-0.707106781186547,0.707106781186547,0
5.44,0,0,0,0,0,0,0,-0.053,0.388514497498195,0.15,0,-0.707106781186547,0.707106781186547,0
5.45,0,0,0,0,0,0,0,-0.0525,0.389014497498195,0.15,0,-0.707106781186547,0.707106781186547,0
5.46,0,0,0,0,0,0,0,-0.052,0.389514497498195,0.15,0,-0.707106781186547,0.707106781186547,0
5.47,0,0,0,0,0,0,0,-0.0515,0.390014497498195,0.15,0,-0.707106781186547,0.707106781186547,0
5.48,0,0,0,0,0,0,0,-0.051,0.390514497498195,0.15,0,-0.707106781186547,0.707106781186547,0
5.49,0,0,0,0,0,0,0,-0.0505,0.391014497498195,0.15,0,-0.707106781186547,0.707106781186547,0
5.5,0,0,0,0,0,0,0,-0.05,0.391514497498195,0.15,0,-0.707106781186547,0.707106781186547,0
5.51,0,0,0,0,0,0,0,-0.049,0.392514497498195,0.1495,0,-0.707106781186547,0.707106781186547,0
5.52,0,0,0,0,0,0,0,-0.048,0.393514497498195,0.149,0,-0.707106781186547,0.707106781186547,0
5.53,0,0,0,0,0,0,0,-0.047,0.394514497498195,0.1485,0,-0.707106781186547,0.707106781186547,0
5.54,0,0,0,0,0,0,0,-0.046,0.395514497498195,0.148,0,-0.707106781186547,0.707106781186547,0
5.55,0,0,0,0,0,0,0,-0.045,0.396514497498195,0.1475,0,-0.707106781186547,0.707106781186547,0
5.56,0,0,0,0,0,0,0,-0.044,0.397514497498195,0.147,0,-0.707106781186547,0.707106781186547,0
5.57,0,0,0,0,0,0,0,-0.043,0.398514497498195,0.1465,0,-0.707106781186547,0.707106781186547,0
5.58,0,0,0,0,0,0,0,-0.042,0.399514497498195,0.146,0,-0.707106781186547,0.707106781186547,0
5.59,0,0,0,0,0,0,0,-0.041,0.400514497498195,0.1455,0,-0.707106781186547,0.707106781186547,0
5.6,0,0,0,0,0,0,0,-0.04,0.401514497498195,0.145,0,-0.707106781186547,0.707106781186547,0
5.61,0,0,0,0,0,0,0,-0.039,0.402514497498195,0.1445,0,-0.707106781186547,0.707106781186547,0
5.62,0,0,0,0,0,0,0,-0.038,0.403514497498195,0.144,0,-0.707106781186547,0.707106781186547,0
5.63,0,0,0,0,0,0,0,-0.037,0.404514497498195,0.1435,0,-0.707106781186547,0.707106781186547,0
5.64,0,0,0,0,0,0,0,-0.036,0.405514497498195,0.143,0,-0.707106781186547,0.707106781186547,0
5.65,0,0,0,0,0,0,0,-0.035,0.406514497498195,0.1425,0,-0.707106781186547,0.707106781186547,0
5.66,0,0,0,0,0,0,0,-0.034,0.407514497498195,0.142,0,-0.707106781186547,0.707106781186547,0
5.67,0,0,0,0,0,0,0,-0.033,0.408514497498195,0.1415,0,-0.707106781186547,0.707106781186547,0
5.68,0,0,0,0,0,0,0,-0.032,0.409514497498195,0.141,0,-0.707106781186547,0.707106781186547,0
5.69,0,0,0,0,0,0,0,-0.031,0.410514497498195,0.1405,0,-0.707106781186547,0.707106781186547,0
5.7,0,0,0,0,0,0,0,-0.03,0.411514497498195,0.14,0,-0.707106781186547,0.707106781186547,0
5.71,0,0,0,0,0,0,0,-0.029,0.412514497498195,0.1395,0,-0.707106781186547,0.707106781186547,0
5.72,0,0,0,0,0,0,0,-0.028,0.413514497498195,0.139,0,-0.707106781186547,0.707106781186547,0
5.73,0,0,0,0,0,0,0,-0.027,0.414514497498195,0.1385,0,-0.707106781186547,0.707106781186547,0
5.74,0,0,0,0,0,0,0,-0.026,0.415514497498195,0.138,0,-0.707106781186547,0.707106781186547,0
5.75,0,0,0,0,0,0,0,-0.025,0.416514497498195,0.1375,0,-0.707106781186547,0.707106781186547,0
5.76,0,0,0,0,0,0,0,-0.024,0.417514497498195,0.137,0,-0.707106781186547,0.707106781186547,0
5.77,0,0,0,0,0,0,0,-0.023,0.418514497498195,0.1365,0,-0.707106781186547,0.707106781186547,0
5.78,0,0,0,0,0,0,0,-0.022,0.419514497498195,0.136,0,-0.707106781186547,0.707106781186547,0
5.79,0,0,0,0,0,0,0,-0.021,0.420514497498195,0.1355,0,-0.707106781186547,0.707106781186547,0
5.8,0,0,0,0,0,0,0,-0.02,0.421514497498195,0.135,0,-0.707106781186547,0.707106781186547,0
5.81,0,0,0,0,0,0,0,-0.019,0.422514497498195,0.1345,0,-0.707106781186547,0.707106781186547,0
5.82,0,0,0,0,0,0,0,-0.018,0.423514497498195,0.134,0,-0.707106781186547,0.707106781186547,0
5.83,0,0,0,0,0,0,0,-0.017,0.424514497498195,0.1335,0,-0.707106781186547,0.707106781186547,0
5.84,0,0,0,0,0,0,0,-0.016,0.425514497498195,0.133,0,-0.707106781186547,0.707106781186547,0
5.85,0,0,0,0,0,0,0,-0.015,0.426514497498195,0.1325,0,-0.707106781186547,0.707106781186547,0
5.86,0,0,0,0,0,0,0,-0.014,0.427514497498195,0.132,0,-0.707106781186547,0.707106781186547,0
5.87,0,0,0,0,0,0,0,-0.013,0.428514497498195,0.1315,0,-0.707106781186547,0.707106781186547,0
5.88,0,0,0,0,0,0,0,-0.012,0.429514497498195,0.131,0,-0.707106781186547,0.707106781186547,0
5.89,0,0,0,0,0,0,0,-0.011,0.430514497498195,0.1305,0,-0.707106781186547,0.707106781186547,0
5.9,0,0,0,0,0,0,0,-0.01,0.431514497498195,0.13,0,-0.707106781186547,0.707106781186547,0
5.91,0,0,0,0,0,0,0,-0.00900000000000001,0.432514497498195,0.1295,0,-0.707106781186547,0.707106781186547,0
5.92,0,0,0,0,0,0,0,-0.00800000000000001,0.433514497498195,0.129,0,-0.707106781186547,0.707106781186547,0
5.93,0,0,0,0,0,0,0,-0.00700000000000001,0.434514497498195,0.1285,0,-0.707106781186547,0.707106781186547,0
5.94,0,0,0,0,0,0,0,-0.00600000000000001,0.435514497498195,0.128,0,-0.707106781186547,0.707106781186547,0
5.95,0,0,0,0,0,0,0,-0.005,0.436514497498195,0.1275,0,-0.707106781186547,0.707106781186547,0
5.96,0,0,0,0,0,0,0,-0.00400000000000002,0.437514497498195,0.127,0,-0.707106781186547,0.707106781186547,0
5.97,0,0,0,0,0,0,0,-0.00300000000000002,0.438514497498195,0.1265,0,-0.707106781186547,0.707106781186547,0
5.98,0,0,0,0,0,0,0,-0.00200000000000002,0.439514497498195,0.126,0,-0.707106781186547,0.707106781186547,0
5.99,0,0,0,0,0,0,0,-0.00100000000000001,0.440514497498195,0.1255,0,-0.707106781186547,0.707106781186547,0
6,0,0,0,0,0,0,0,0,0.441514497498195,0.125,0,-0.707106781186547,0.707106781186547,0
6.01,0,0,0,0,0,0,0,0.000999999999999987,0.442514497498195,0.1245,0,-0.707106781186547,0.707106781186547,0
6.02,0,0,0,0,0,0,0,0.00199999999999999,0.443514497498195,0.124,0,-0.707106781186547,0.707106781186547,0
6.03,0,0,0,0,0,0,0,0.00299999999999999,0.444514497498195,0.1235,0,-0.707106781186547,0.707106781186547,0
6.04,0,0,0,0,0,0,0,0.00399999999999999,0.445514497498195,0.123,0,-0.707106781186547,0.707106781186547,0
6.05,0,0,0,0,0,0,0,0.00499999999999999,0.446514497498195,0.1225,0,-0.707106781186547,0.707106781186547,0
6.06,0,0,0,0,0,0,0,0.00599999999999999,0.447514497498195,0.122,0,-0.707106781186547,0.707106781186547,0
6.07,0,0,0,0,0,0,0,0.00699999999999999,0.448514497498195,0.1215,0,-0.707106781186547,0.707106781186547,0
6.08,0,0,0,0,0,0,0,0.00799999999999999,0.449514497498195,0.121,0,-0.707106781186547,0.707106781186547,0
6.09,0,0,0,0,0,0,0,0.00899999999999998,0.450514497498195,0.1205,0,-0.707106781186547,0.707106781186547,0
6.1,0,0,0,0,0,0,0,0.01,0.451514497498195,0.12,0,-0.707106781186547,0.707106781186547,0
6.11,0,0,0,0,0,0,0,0.011,0.452514497498195,0.1195,0,-0.707106781186547,0.707106781186547,0
6.12,0,0,0,0,0,0,0,0.012,0.453514497498195,0.119,0,-0.707106781186547,0.707106781186547,0
6.13,0,0,0,0,0,0,0,0.013,0.454514497498195,0.1185,0,-0.707106781186547,0.707106781186547,0
6.14,0,0,0,0,0,0,0,0.014,0.455514497498195,0.118,0,-0.707106781186547,0.707106781186547,0
6.15,0,0,0,0,0,0,0,0.015,0.456514497498195,0.1175,0,-0.707106781186547,0.707106781186547,0
6.16,0,0,0,0,0,0,0,0.016,0.457514497498195,0.117,0,-0.707106781186547,0.707106781186547,0
6.17,0,0,0,0,0,0,0,0.017,0.458514497498195,0.1165,0,-0.707106781186547,0.707106781186547,0
6.18,0,0,0,0,0,0,0,0.018,0.459514497498195,0.116,0,-0.707106781186547,0.707106781186547,0
6.19,0,0,0,0,0,0,0,0.019,0.460514497498195,0.1155,0,-0.707106781186547,0.707106781186547,0
6.2,0,0,0,0,0,0,0,0.02,0.461514497498195,0.115,0,-0.707106781186547,0.707106781186547,0
6.21,0,0,0,0,0,0,0,0.021,0.462514497498195,0.1145,0,-0.707106781186547,0.707106781186547,0
6.22,0,0,0,0,0,0,0,0.022,0.463514497498195,0.114,0,-0.707106781186547,0.707106781186547,0
6.23,0,0,0,0,0,0,0,0.023,0.464514497498195,0.1135,0,-0.707106781186547,0.707106781186547,0
6.24,0,0,0,0,0,0,0,0.024,0.465514497498195,0.113,0,-0.707106781186547,0.707106781186547,0
6.25,0,0,0,0,0,0,0,0.025,0.466514497498195,0.1125,0,-0.707106781186547,0.707106781186547,0
6.26,0,0,0,0,0,0,0,0.026,0.467514497498195,0.112,0,-0.707106781186547,0.707106781186547,0
6.27,0,0,0,0,0,0,0,0.027,0.468514497498195,0.1115,0,-0.707106781186547,0.707106781186547,0
6.28,0,0,0,0,0,0,0,0.028,0.469514497498195,0.111,0,-0.707106781186547,0.707106781186547,0
6.29,0,0,0,0,0,0,0,0.029,0.470514497498195,0.1105,0,-0.707106781186547,0.707106781186547,0
6.3,0,0,0,0,0,0,0,0.03,0.471514497498195,0.11,0,-0.707106781186547,0.707106781186547,0
6.31,0,0,0,0,0,0,0,0.031,0.472514497498195,0.1095,0,-0.707106781186547,0.707106781186547,0
6.32,0,0,0,0,0,0,0,0.032,0.473514497498195,0.109,0,-0.707106781186547,0.707106781186547,0
6.33,0,0,0,0,0,0,0,0.033,0.474514497498195,0.1085,0,-0.707106781186547,0.707106781186547,0
6.34,0,0,0,0,0,0,0,0.034,0.475514497498195,0.108,0,-0.707106781186547,0.707106781186547,0
6.35,0,0,0,0,0,0,0,0.035,0.476514497498195,0.1075,0,-0.707106781186547,0.707106781186547,0
6.36,0,0,0,0,0,0,0,0.036,0.477514497498195,0.107,0,-0.707106781186547,0.707106781186547,0
6.37,0,0,0,0,0,0,0,0.037,0.478514497498195,0.1065,0,-0.707106781186547,0.707106781186547,0
6.38,0,0,0,0,0,0,0,0.038,0.479514497498195,0.106,0,-0.707106781186547,0.707106781186547,0
6.39,0,0,0,0,0,0,0,0.039,0.480514497498195,0.1055,0,-0.707106781186547,0.707106781186547,0
6.4,0,0,0,0,0,0,0,0.04,0.481514497498195,0.105,0,-0.707106781186547,0.707106781186547,0
6.41,0,0,0,0,0,0,0,0.041,0.482514497498195,0.1045,0,-0.707106781186547,0.707106781186547,0
6.42,0,0,0,0,0,0,0,0.042,0.483514497498195,0.104,0,-0.707106781186547,0.707106781186547,0
6.43,0,0,0,0,0,0,0,0.043,0.484514497498195,0.1035,0,-0.707106781186547,0.707106781186547,0
6.44,0,0,0,0,0,0,0,0.044,0.485514497498195,0.103,0,-0.707106781186547,0.707106781186547,0
6.45,0,0,0,0,0,0,0,0.045,0.486514497498195,0.1025,0,-0.707106781186547,0.707106781186547,0
6.46,0,0,0,0,0,0,0,0.046,0.487514497498195,0.102,0,-0.707106781186547,0.707106781186547,0
6.47,0,0,0,0,0,0,0,0.047,0.488514497498195,0.1015,0,-0.707106781186547,0.707106781186547,0
6.48,0,0,0,0,0,0,0,0.048,0.489514497498195,0.101,0,-0.707106781186547,0.707106781186547,0
6.49,0,0,0,0,0,0,0,0.049,0.490514497498195,0.1005,0,-0.707106781186547,0.707106781186547,0
6.5,0,0,0,0,0,0,0,0.05,0.491514497498195,0.1,0,-0.707106781186547,0.707106781186547,0
6.51,0,0,0,0,0,0,0,0.051,0.492514497498195,0.0995,0,-0.707106781186547,0.707106781186547,0
6.52,0,0,0,0,0,0,0,0.052,0.493514497498195,0.099,0,-0.707106781186547,0.707106781186547,0
6.53,0,0,0,0,0,0,0,0.053,0.494514497498195,0.0985,0,-0.707106781186547,0.707106781186547,0
6.54,0,0,0,0,0,0,0,0.054,0.495514497498195,0.098,0,-0.707106781186547,0.707106781186547,0
6.55,0,0,0,0,0,0,0,0.055,0.496514497498195,0.0975,0,-0.707106781186547,0.707106781186547,0
6.56,0,0,0,0,0,0,0,0.056,0.497514497498195,0.097,0,-0.707106781186547,0.707106781186547,0
6.57,0,0,0,0,0,0,0,0.057,0.498514497498195,0.0965,0,-0.707106781186547,0.707106781186547,0
6.58,0,0,0,0,0,0,0,0.058,0.499514497498195,0.096,0,-0.707106781186547,0.707106781186547,0
6.59,0,0,0,0,0,0,0,0.059,0.500514497498195,0.0955,0,-0.707106781186547,0.707106781186547,0
6.6,0,0,0,0,0,0,0,0.06,0.501514497498195,0.095,0,-0.707106781186547,0.707106781186547,0
6.61,0,0,0,0,0,0,0,0.061,0.502514497498195,0.0945,0,-0.707106781186547,0.707106781186547,0
6.62,0,0,0,0,0,0,0,0.062,0.503514497498195,0.094,0,-0.707106781186547,0.707106781186547,0
6.63,0,0,0,0,0,0,0,0.063,0.504514497498195,0.0935,0,-0.707106781186547,0.707106781186547,0
6.64,0,0,0,0,0,0,0,0.064,0.505514497498195,0.093,0,-0.707106781186547,0.707106781186547,0
6.65,0,0,0,0,0,0,0,0.065,0.506514497498195,0.0925,0,-0.707106781186547,0.707106781186547,0
6.66,0,0,0,0,0,0,0,0.066,0.507514497498195,0.092,0,-0.707106781186547,0.707106781186547,0
6.67,0,0,0,0,0,0,0,0.067,0.508514497498195,0.0915,0,-0.707106781186547,0.707106781186547,0
6.68,0,0,0,0,0,0,0,0.068,0.509514497498195,0.091,0,-0.707106781186547,0.707106781186547,0
6.69,0,0,0,0,0,0,0,0.069,0.510514497498195,0.0905,0,-0.707106781186547,0.707106781186547,0
6.7,0,0,0,0,0,0,0,0.07,0.511514497498195,0.09,0,-0.707106781186547,0.707106781186547,0
6.71,0,0,0,0,0,0,0,0.071,0.512514497498195,0.0895,0,-0.707106781186547,0.707106781186547,0
6.72,0,0,0,0,0,0,0,0.072,0.513514497498195,0.089,0,-0.707106781186547,0.707106781186547,0
6.73,0,0,0,0,0,0,0,0.073,0.514514497498195,0.0885,0,-0.707106781186547,0.707106781186547,0
6.74,0,0,0,0,0,0,0,0.074,0.515514497498195,0.088,0,-0.707106781186547,0.707106781186547,0
6.75,0,0,0,0,0,0,0,0.075,0.516514497498195,0.0875,0,-0.707106781186547,0.707106781186547,0
6.76,0,0,0,0,0,0,0,0.076,0.517514497498195,0.087,0,-0.707106781186547,0.707106781186547,0
6.77,0,0,0,0,0,0,0,0.077,0.518514497498195,0.0865,0,-0.707106781186547,0.707106781186547,0
6.78,0,0,0,0,0,0,0,0.078,0.519514497498195,0.086,0,-0.707106781186547,0.707106781186547,0
6.79,0,0,0,0,0,0,0,0.079,0.520514497498195,0.0855,0,-0.707106781186547,0.707106781186547,0
6.8,0,0,0,0,0,0,0,0.08,0.521514497498195,0.085,0,-0.707106781186547,0.707106781186547,0
6.81,0,0,0,0,0,0,0,0.081,0.522514497498195,0.0845,0,-0.707106781186547,0.707106781186547,0
6.82,0,0,0,0,0,0,0,0.082,0.523514497498195,0.084,0,-0.707106781186547,0.707106781186547,0
6.83,0,0,0,0,0,0,0,0.083,0.524514497498195,0.0835,0,-0.707106781186547,0.707106781186547,0
6.84,0,0,0,0,0,0,0,0.084,0.525514497498195,0.083,0,-0.707106781186547,0.707106781186547,0
6.85,0,0,0,0,0,0,0,0.085,0.526514497498195,0.0825,0,-0.707106781186547,0.707106781186547,0
6.86,0,0,0,0,0,0,0,0.086,0.527514497498195,0.082,0,-0.707106781186547,0.707106781186547,0
6.87,0,0,0,0,0,0,0,0.087,0.528514497498195,0.0815,0,-0.707106781186547,0.707106781186547,0
6.88,0,0,0,0,0,0,0,0.088,0.529514497498195,0.081,0,-0.707106781186547,0.707106781186547,0
6.89,0,0,0,0,0,0,0,0.089,0.530514497498195,0.0805,0,-0.707106781186547,0.707106781186547,0
6.9,0,0,0,0,0,0,0,0.09,0.531514497498195,0.08,0,-0.707106781186547,0.707106781186547,0
6.91,0,0,0,0,0,0,0,0.091,0.532514497498195,0.0795,0,-0.707106781186547,0.707106781186547,0
6.92,0,0,0,0,0,0,0,0.092,0.533514497498195,0.079,0,-0.707106781186547,0.707106781186547,0
6.93,0,0,0,0,0,0,0,0.093,0.534514497498195,0.0785,0,-0.707106781186547,0.707106781186547,0
6.94,0,0,0,0,0,0,0,0.094,0.535514497498195,0.078,0,-0.707106781186547,0.707106781186547,0
6.95,0,0,0,0,0,0,0,0.095,0.536514497498195,0.0775,0,-0.707106781186547,0.707106781186547,0
6.96,0,0,0,0,0,0,0,0.096,0.537514497498195,0.077,0,-0.707106781186547,0.707106781186547,0
6.97,0,0,0,0,0,0,0,0.097,0.538514497498195,0.0765,0,-0.707106781186547,0.707106781186547,0
6.98,0,0,0,0,0,0,0,0.098,0.539514497498195,0.076,0,-0.707106781186547,0.707106781186547,0
6.99,0,0,0,0,0,0,0,0.099,0.540514497498195,0.0755,0,-0.707106781186547,0.707106781186547,0
7,0,0,0,0,0,0,0,0.1,0.541514497498195,0.075,0,-0.707106781186547,0.707106781186547,0
7.01,0,0,0,0,0,0,0,0.101,0.542514497498195,0.0745,0,-0.707106781186547,0.707106781186547,0
7.02,0,0,0,0,0,0,0,0.102,0.543514497498195,0.074,0,-0.707106781186547,0.707106781186547,0
7.03,0,0,0,0,0,0,0,0.103,0.544514497498195,0.0735,0,-0.707106781186547,0.707106781186547,0
7.04,0,0,0,0,0,0,0,0.104,0.545514497498195,0.073,0,-0.707106781186547,0.707106781186547,0
7.05,0,0,0,0,0,0,0,0.105,0.546514497498195,0.0725,0,-0.707106781186547,0.707106781186547,0
7.06,0,0,0,0,0,0,0,0.106,0.547514497498195,0.072,0,-0.707106781186547,0.707106781186547,0
7.07,0,0,0,0,0,0,0,0.107,0.548514497498195,0.0715,0,-0.707106781186547,0.707106781186547,0
7.08,0,0,0,0,0,0,0,0.108,0.549514497498195,0.071,0,-0.707106781186547,0.707106781186547,0
7.09,0,0,0,0,0,0,0,0.109,0.550514497498195,0.0705,0,-0.707106781186547,0.707106781186547,0
7.1,0,0,0,0,0,0,0,0.11,0.551514497498195,0.07,0,-0.707106781186547,0.707106781186547,0
7.11,0,0,0,0,0,0,0,0.111,0.552514497498195,0.0695,0,-0.707106781186547,0.707106781186547,0
7.12,0,0,0,0,0,0,0,0.112,0.553514497498195,0.069,0,-0.707106781186547,0.707106781186547,0
7.13,0,0,0,0,0,0,0,0.113,0.554514497498195,0.0685,0,-0.707106781186547,0.707106781186547,0
7.14,0,0,0,0,0,0,0,0.114,0.555514497498195,0.068,0,-0.707106781186547,0.707106781186547,0
7.15,0,0,0,0,0,0,0,0.115,0.556514497498195,0.0675,0,-0.707106781186547,0.707106781186547,0
7.16,0,0,0,0,0,0,0,0.116,0.557514497498195,0.067,0,-0.707106781186547,0.707106781186547,0
7.17,0,0,0,0,0,0,0,0.117,0.558514497498195,0.0665,0,-0.707106781186547,0.707106781186547,0
7.18,0,0,0,0,0,0,0,0.118,0.559514497498195,0.066,0,-0.707106781186547,0.707106781186547,0
7.19,0,0,0,0,0,0,0,0.119,0.560514497498195,0.0655,0,-0.707106781186547,0.707106781186547,0
7.2,0,0,0,0,0,0,0,0.12,0.561514497498195,0.065,0,-0.707106781186547,0.707106781186547,0
7.21,0,0,0,0,0,0,0,0.121,0.562514497498195,0.0645,0,-0.707106781186547,0.707106781186547,0
7.22,0,0,0,0,0,0,0,0.122,0.563514497498195,0.064,0,-0.707106781186547,0.707106781186547,0
7.23,0,0,0,0,0,0,0,0.123,0.564514497498195,0.0635,0,-0.707106781186547,0.707106781186547,0
7.24,0,0,0,0,0,0,0,0.124,0.565514497498195,0.063,0,-0.707106781186547,0.707106781186547,0
7.25,0,0,0,0,0,0,0,0.125,0.566514497498195,0.0625,0,-0.707106781186547,0.707106781186547,0
7.26,0,0,0,0,0,0,0,0.126,0.567514497498195,0.062,0,-0.707106781186547,0.707106781186547,0
7.27,0,0,0,0,0,0,0,0.127,0.568514497498195,0.0615,0,-0.707106781186547,0.707106781186547,0
7.28,0,0,0,0,0,0,0,0.128,0.569514497498195,0.061,0,-0.707106781186547,0.707106781186547,0
7.29,0,0,0,0,0,0,0,0.129,0.570514497498195,0.0605,0,-0.707106781186547,0.707106781186547,0
7.3,0,0,0,0,0,0,0,0.13,0.571514497498195,0.06,0,-0.707106781186547,0.707106781186547,0
7.31,0,0,0,0,0,0,0,0.131,0.572514497498195,0.0595,0,-0.707106781186547,0.707106781186547,0
7.32,0,0,0,0,0,0,0,0.132,0.573514497498195,0.059,0,-0.707106781186547,0.707106781186547,0
7.33,0,0,0,0,0,0,0,0.133,0.574514497498195,0.0585,0,-0.707106781186547,0.707106781186547,0
7.34,0,0,0,0,0,0,0,0.134,0.575514497498195,0.058,0,-0.707106781186547,0.707106781186547,0
7.35,0,0,0,0,0,0,0,0.135,0.576514497498195,0.0575,0,-0.707106781186547,0.707106781186547,0
7.36,0,0,0,0,0,0,0,0.136,0.577514497498195,0.057,0,-0.707106781186547,0.707106781186547,0
7.37,0,0,0,0,0,0,0,0.137,0.578514497498195,0.0565,0,-0.707106781186547,0.707106781186547,0
7.38,0,0,0,0,0,0,0,0.138,0.579514497498195,0.056,0,-0.707106781186547,0.707106781186547,0
7.39,0,0,0,0,0,0,0,0.139,0.580514497498195,0.0555,0,-0.707106781186547,0.707106781186547,0
7.4,0,0,0,0,0,0,0,0.14,0.581514497498195,0.055,0,-0.707106781186547,0.707106781186547,0
7.41,0,0,0,0,0,0,0,0.141,0.582514497498195,0.0545,0,-0.707106781186547,0.707106781186547,0
7.42,0,0,0,0,0,0,0,0.142,0.583514497498195,0.054,0,-0.707106781186547,0.707106781186547,0
7.43,0,0,0,0,0,0,0,0.143,0.584514497498195,0.0535,0,-0.707106781186547,0.707106781186547,0
7.44,0,0,0,0,0,0,0,0.144,0.585514497498195,0.053,0,-0.707106781186547,0.707106781186547,0
7.45,0,0,0,0,0,0,0,0.145,0.586514497498195,0.0525,0,-0.707106781186547,0.707106781186547,0
7.46,0,0,0,0,0,0,0,0.146,0.587514497498195,0.052,0,-0.707106781186547,0.707106781186547,0
7.47,0,0,0,0,0,0,0,0.147,0.588514497498195,0.0515,0,-0.707106781186547,0.707106781186547,0
7.48,0,0,0,0,0,0,0,0.148,0.589514497498195,0.051,0,-0.707106781186547,0.707106781186547,0
7.49,0,0,0,0,0,0,0,0.149,0.590514497498195,0.0505,0,-0.707106781186547,0.707106781186547,0
7.5,0,0,0,0,0,0,0,0.15,0.591514497498195,0.05,0,-0.707106781186547,0.707106781186547,0
7.51,0,0,0,0,0,0,0,0.15,0.592014497498195,0.049,0,-0.707106781186547,0.707106781186547,0
7.52,0,0,0,0,0,0,0,0.15,0.592514497498195,0.048,0,-0.707106781186547,0.707106781186547,0
7.53,0,0,0,0,0,0,0,0.15,0.593014497498195,0.047,0,-0.707106781186547,0.707106781186547,0
7.54,0,0,0,0,0,0,0,0.15,0.593514497498195,0.046,0,-0.707106781186547,0.707106781186547,0
7.55,0,0,0,0,0,0,0,0.15,0.594014497498195,0.045,0,-0.707106781186547,0.707106781186547,0
7.56,0,0,0,0,0,0,0,0.15,0.594514497498195,0.044,0,-0.707106781186547,0.707106781186547,0
7.57,0,0,0,0,0,0,0,0.15,0.595014497498195,0.043,0,-0.707106781186547,0.707106781186547,0
7.58,0,0,0,0,0,0,0,0.15,0.595514497498195,0.042,0,-0.707106781186547,0.707106781186547,0
7.59,0,0,0,0,0,0,0,0.15,0.596014497498195,0.041,0,-0.707106781186547,0.707106781186547,0
7.6,0,0,0,0,0,0,0,0.15,0.596514497498195,0.04,0,-0.707106781186547,0.707106781186547,0
7.61,0,0,0,0,0,0,0,0.15,0.597014497498195,0.039,0,-0.707106781186547,0.707106781186547,0
7.62,0,0,0,0,0,0,0,0.15,0.597514497498195,0.038,0,-0.707106781186547,0.707106781186547,0
7.63,0,0,0,0,0,0,0,0.15,0.598014497498195,0.037,0,-0.707106781186547,0.707106781186547,0
7.64,0,0,0,0,0,0,0,0.15,0.598514497498195,0.036,0,-0.707106781186547,0.707106781186547,0
7.65,0,0,0,0,0,0,0,0.15,0.599014497498195,0.035,0,-0.707106781186547,0.707106781186547,0
7.66,0,0,0,0,0,0,0,0.15,0.599514497498195,0.034,0,-0.707106781186547,0.707106781186547,0
7.67,0,0,0,0,0,0,0,0.15,0.600014497498195,0.033,0,-0.707106781186547,0.707106781186547,0
7.68,0,0,0,0,0,0,0,0.15,0.600514497498195,0.032,0,-0.707106781186547,0.707106781186547,0
7.69,0,0,0,0,0,0,0,0.15,0.601014497498195,0.031,0,-0.707106781186547,0.707106781186547,0
7.7,0,0,0,0,0,0,0,0.15,0.601514497498195,0.03,0,-0.707106781186547,0.707106781186547,0
7.71,0,0,0,0,0,0,0,0.15,0.602014497498195,0.029,0,-0.707106781186547,0.707106781186547,0
7.72,0,0,0,0,0,0,0,0.15,0.602514497498195,0.028,0,-0.707106781186547,0.707106781186547,0
7.73,0,0,0,0,0,0,0,0.15,0.603014497498195,0.027,0,-0.707106781186547,0.707106781186547,0
7.74,0,0,0,0,0,0,0,0.15,0.603514497498195,0.026,0,-0.707106781186547,0.707106781186547,0
7.75,0,0,0,0,0,0,0,0.15,0.604014497498195,0.025,0,-0.707106781186547,0.707106781186547,0
7.76,0,0,0,0,0,0,0,0.15,0.604514497498195,0.024,0,-0.707106781186547,0.707106781186547,0
7.77,0,0,0,0,0,0,0,0.15,0.605014497498195,0.023,0,-0.707106781186547,0.707106781186547,0
7.78,0,0,0,0,0,0,0,0.15,0.605514497498195,0.022,0,-0.707106781186547,0.707106781186547,0
7.79,0,0,0,0,0,0,0,0.15,0.606014497498195,0.021,0,-0.707106781186547,0.707106781186547,0
7.8,0,0,0,0,0,0,0,0.15,0.606514497498195,0.02,0,-0.707106781186547,0.707106781186547,0
7.81,0,0,0,0,0,0,0,0.15,0.607014497498195,0.019,0,-0.707106781186547,0.707106781186547,0
7.82,0,0,0,0,0,0,0,0.15,0.607514497498195,0.018,0,-0.707106781186547,0.707106781186547,0
7.83,0,0,0,0,0,0,0,0.15,0.608014497498195,0.017,0,-0.707106781186547,0.707106781186547,0
7.84,0,0,0,0,0,0,0,0.15,0.608514497498195,0.016,0,-0.707106781186547,0.707106781186547,0
7.85,0,0,0,0,0,0,0,0.15,0.609014497498195,0.015,0,-0.707106781186547,0.707106781186547,0
7.86,0,0,0,0,0,0,0,0.15,0.609514497498195,0.014,0,-0.707106781186547,0.707106781186547,0
7.87,0,0,0,0,0,0,0,0.15,0.610014497498195,0.013,0,-0.707106781186547,0.707106781186547,0
7.88,0,0,0,0,0,0,0,0.15,0.610514497498195,0.012,0,-0.707106781186547,0.707106781186547,0
7.89,0,0,0,0,0,0,0,0.15,0.611014497498195,0.011,0,-0.707106781186547,0.707106781186547,0
7.9,0,0,0,0,0,0,0,0.15,0.611514497498195,0.01,0,-0.707106781186547,0.707106781186547,0
7.91,0,0,0,0,0,0,0,0.15,0.612014497498195,0.00900000000000001,0,-0.707106781186547,0.707106781186547,0
7.92,0,0,0,0,0,0,0,0.15,0.612514497498195,0.00800000000000001,0,-0.707106781186547,0.707106781186547,0
7.93,0,0,0,0,0,0,0,0.15,0.613014497498195,0.00700000000000001,0,-0.707106781186547,0.707106781186547,0
7.94,0,0,0,0,0,0,0,0.15,0.613514497498195,0.00600000000000001,0,-0.707106781186547,0.707106781186547,0
7.95,0,0,0,0,0,0,0,0.15,0.614014497498195,0.00500000000000002,0,-0.707106781186547,0.707106781186547,0
7.96,0,0,0,0,0,0,0,0.15,0.614514497498195,0.00400000000000002,0,-0.707106781186547,0.707106781186547,0
7.97,0,0,0,0,0,0,0,0.15,0.615014497498195,0.00300000000000001,0,-0.707106781186547,0.707106781186547,0
7.98,0,0,0,0,0,0,0,0.15,0.615514497498195,0.00200000000000001,0,-0.707106781186547,0.707106781186547,0
7.99,0,0,0,0,0,0,0,0.15,0.616014497498195,0.00100000000000001,0,-0.707106781186547,0.707106781186547,0
8,0,0,0,0,0,0,0,0.15,0.616514497498195,1.38777878078145e-17,0,-0.707106781186547,0.707106781186547,0
8.01,0,0,0,0,0,0,0,0.15,0.617014497498195,-0.000999999999999987,0,-0.707106781186547,0.707106781186547,0
8.02,0,0,0,0,0,0,0,0.15,0.617514497498195,-0.00199999999999999,0,-0.707106781186547,0.707106781186547,0
8.03,0,0,0,0,0,0,0,0.15,0.618014497498195,-0.00299999999999999,0,-0.707106781186547,0.707106781186547,0
8.04,0,0,0,0,0,0,0,0.15,0.618514497498195,-0.00399999999999998,0,-0.707106781186547,0.707106781186547,0
8.05,0,0,0,0,0,0,0,0.15,0.619014497498195,-0.00499999999999998,0,-0.707106781186547,0.707106781186547,0
8.06,0,0,0,0,0,0,0,0.15,0.619514497498195,-0.00599999999999998,0,-0.707106781186547,0.707106781186547,0
8.07,0,0,0,0,0,0,0,0.15,0.620014497498195,-0.00699999999999999,0,-0.707106781186547,0.707106781186547,0
8.08,0,0,0,0,0,0,0,0.15,0.620514497498195,-0.00799999999999999,0,-0.707106781186547,0.707106781186547,0
8.09,0,0,0,0,0,0,0,0.15,0.621014497498195,-0.00899999999999999,0,-0.707106781186547,0.707106781186547,0
8.1,0,0,0,0,0,0,0,0.15,0.621514497498195,-0.00999999999999999,0,-0.707106781186547,0.707106781186547,0
8.11,0,0,0,0,0,0,0,0.15,0.622014497498195,-0.011,0,-0.707106781186547,0.707106781186547,0
8.12,0,0,0,0,0,0,0,0.15,0.622514497498195,-0.012,0,-0.707106781186547,0.707106781186547,0
8.13,0,0,0,0,0,0,0,0.15,0.623014497498195,-0.013,0,-0.707106781186547,0.707106781186547,0
8.14,0,0,0,0,0,0,0,0.15,0.623514497498195,-0.014,0,-0.707106781186547,0.707106781186547,0
8.15,0,0,0,0,0,0,0,0.15,0.624014497498195,-0.015,0,-0.707106781186547,0.707106781186547,0
8.16,0,0,0,0,0,0,0,0.15,0.624514497498195,-0.016,0,-0.707106781186547,0.707106781186547,0
8.17,0,0,0,0,0,0,0,0.15,0.625014497498195,-0.017,0,-0.707106781186547,0.707106781186547,0
8.18,0,0,0,0,0,0,0,0.15,0.625514497498195,-0.018,0,-0.707106781186547,0.707106781186547,0
8.19,0,0,0,0,0,0,0,0.15,0.626014497498195,-0.019,0,-0.707106781186547,0.707106781186547,0
8.2,0,0,0,0,0,0,0,0.15,0.626514497498195,-0.02,0,-0.707106781186547,0.707106781186547,0
8.21,0,0,0,0,0,0,0,0.15,0.627014497498195,-0.021,0,-0.707106781186547,0.707106781186547,0
8.22,0,0,0,0,0,0,0,0.15,0.627514497498195,-0.022,0,-0.707106781186547,0.707106781186547,0
8.23,0,0,0,0,0,0,0,0.15,0.628014497498195,-0.023,0,-0.707106781186547,0.707106781186547,0
8.24,0,0,0,0,0,0,0,0.15,0.628514497498195,-0.024,0,-0.707106781186547,0.707106781186547,0
8.25,0,0,0,0,0,0,0,0.15,0.629014497498195,-0.025,0,-0.707106781186547,0.707106781186547,0
8.26,0,0,0,0,0,0,0,0.15,0.629514497498195,-0.026,0,-0.707106781186547,0.707106781186547,0
8.27,0,0,0,0,0,0,0,0.15,0.630014497498195,-0.027,0,-0.707106781186547,0.707106781186547,0
8.28,0,0,0,0,0,0,0,0.15,0.630514497498195,-0.028,0,-0.707106781186547,0.707106781186547,0
8.29,0,0,0,0,0,0,0,0.15,0.631014497498195,-0.029,0,-0.707106781186547,0.707106781186547,0
8.3,0,0,0,0,0,0,0,0.15,0.631514497498195,-0.03,0,-0.707106781186547,0.707106781186547,0
8.31,0,0,0,0,0,0,0,0.15,0.632014497498195,-0.031,0,-0.707106781186547,0.707106781186547,0
8.32,0,0,0,0,0,0,0,0.15,0.632514497498195,-0.032,0,-0.707106781186547,0.707106781186547,0
8.33,0,0,0,0,0,0,0,0.15,0.633014497498195,-0.033,0,-0.707106781186547,0.707106781186547,0
8.34,0,0,0,0,0,0,0,0.15,0.633514497498195,-0.034,0,-0.707106781186547,0.707106781186547,0
8.35,0,0,0,0,0,0,0,0.15,0.634014497498195,-0.035,0,-0.707106781186547,0.707106781186547,0
8.36,0,0,0,0,0,0,0,0.15,0.634514497498195,-0.036,0,-0.707106781186547,0.707106781186547,0
8.37,0,0,0,0,0,0,0,0.15,0.635014497498195,-0.037,0,-0.707106781186547,0.707106781186547,0
8.38,0,0,0,0,0,0,0,0.15,0.635514497498195,-0.038,0,-0.707106781186547,0.707106781186547,0
8.39,0,0,0,0,0,0,0,0.15,0.636014497498195,-0.039,0,-0.707106781186547,0.707106781186547,0
8.4,0,0,0,0,0,0,0,0.15,0.636514497498195,-0.04,0,-0.707106781186547,0.707106781186547,0
8.41,0,0,0,0,0,0,0,0.15,0.637014497498195,-0.041,0,-0.707106781186547,0.707106781186547,0
8.42,0,0,0,0,0,0,0,0.15,0.637514497498195,-0.042,0,-0.707106781186547,0.707106781186547,0
8.43,0,0,0,0,0,0,0,0.15,0.638014497498195,-0.043,0,-0.707106781186547,0.707106781186547,0
8.44,0,0,0,0,0,0,0,0.15,0.638514497498195,-0.044,0,-0.707106781186547,0.707106781186547,0
8.45,0,0,0,0,0,0,0,0.15,0.639014497498195,-0.045,0,-0.707106781186547,0.707106781186547,0
8.46,0,0,0,0,0,0,0,0.15,0.639514497498195,-0.046,0,-0.707106781186547,0.707106781186547,0
8.47,0,0,0,0,0,0,0,0.15,0.640014497498195,-0.047,0,-0.707106781186547,0.707106781186547,0
8.48,0,0,0,0,0,0,0,0.15,0.640514497498195,-0.048,0,-0.707106781186547,0.707106781186547,0
8.49,0,0,0,0,0,0,0,0.15,0.641014497498195,-0.049,0,-0.707106781186547,0.707106781186547,0
8.5,0,0,0,0,0,0,0,0.15,0.641514497498195,-0.05,0,-0.707106781186547,0.707106781186547,0
8.51,0,0,0,0,0,0,0,0.15,0.64158949749507,-0.0499999812500004,0,-0.707106781186547,0.707106781186547,0
8.52,0,0,0,0,0,0,0,0.15,0.642778722172081,-0.0499946723586339,0,-0.707106781186547,0.707106781186547,0
8.53,0,0,0,0,0,0,0,0.15,0.643967867383664,-0.049979935245369,0,-0.707106781186547,0.707106781186547,0
8.54,0,0,0,0,0,0,0,0.15,0.645156858383666,-0.0499557708365369,0,-0.707106781186547,0.707106781186547,0
8.55,0,0,0,0,0,0,0,0.15,0.646345620435625,-0.0499221806510412,0,-0.707106781186547,0.707106781186547,0
8.56,0,0,0,0,0,0,0,0.15,0.647534078817471,-0.0498791668002615,0,-0.707106781186547,0.707106781186547,0
8.57,0,0,0,0,0,0,0,0.15,0.648722158826223,-0.0498267319879215,0,-0.707106781186547,0.707106781186547,0
8.58,0,0,0,0,0,0,0,0.15,0.64990978578268,-0.0497648795099184,0,-0.707106781186547,0.707106781186547,0
8.59,0,0,0,0,0,0,0,0.15,0.651096885036123,-0.0496936132541164,0,-0.707106781186547,0.707106781186547,0
8.6,0,0,0,0,0,0,0,0.15,0.652283381968998,-0.0496129377001016,0,-0.707106781186547,0.707106781186547,0
8.61,0,0,0,0,0,0,0,0.15,0.653469202001617,-0.049522857918901,0,-0.707106781186547,0.707106781186547,0
8.62,0,0,0,0,0,0,0,0.15,0.654654270596834,-0.0494233795726635,0,-0.707106781186547,0.707106781186547,0
8.63,0,0,0,0,0,0,0,0.15,0.655838513264739,-0.0493145089143041,0,-0.707106781186547,0.707106781186547,0
8.64,0,0,0,0,0,0,0,0.15,0.657021855567338,-0.0491962527871105,0,-0.707106781186547,0.707106781186547,0
8.65,0,0,0,0,0,0,0,0.15,0.658204223123231,-0.0490686186243135,0,-0.707106781186547,0.707106781186547,0
8.66,0,0,0,0,0,0,0,0.15,0.659385541612285,-0.0489316144486194,0,-0.707106781186547,0.707106781186547,0
8.67,0,0,0,0,0,0,0,0.15,0.660565736780312,-0.0487852488717061,0,-0.707106781186547,0.707106781186547,0
8.68,0,0,0,0,0,0,0,0.15,0.661744734443731,-0.0486295310936809,0,-0.707106781186547,0.707106781186547,0
8.69,0,0,0,0,0,0,0,0.15,0.662922460494231,-0.0484644709025035,0,-0.707106781186547,0.707106781186547,0
8.7,0,0,0,0,0,0,0,0.15,0.664098840903435,-0.0482900786733697,0,-0.707106781186547,0.707106781186547,0
8.71,0,0,0,0,0,0,0,0.15,0.665273801727544,-0.0481063653680598,0,-0.707106781186547,0.707106781186547,0
8.72,0,0,0,0,0,0,0,0.15,0.666447269111994,-0.0479133425342492,0,-0.707106781186547,0.707106781186547,0
8.73,0,0,0,0,0,0,0,0.15,0.667619169296091,-0.047711022304783,0,-0.707106781186547,0.707106781186547,0
8.74,0,0,0,0,0,0,0,0.15,0.668789428617654,-0.0474994173969129,0,-0.707106781186547,0.707106781186547,0
8.75,0,0,0,0,0,0,0,0.15,0.669957973517639,-0.0472785411114982,0,-0.707106781186547,0.707106781186547,0
8.76,0,0,0,0,0,0,0,0.15,0.671124730544767,-0.0470484073321696,0,-0.707106781186547,0.707106781186547,0
8.77,0,0,0,0,0,0,0,0.15,0.672289626360138,-0.0468090305244565,0,-0.707106781186547,0.707106781186547,0
8.78,0,0,0,0,0,0,0,0.15,0.673452587741843,-0.0465604257348776,0,-0.707106781186547,0.707106781186547,0
8.79,0,0,0,0,0,0,0,0.15,0.674613541589567,-0.0463026085899954,0,-0.707106781186547,0.707106781186547,0
8.8,0,0,0,0,0,0,0,0.15,0.67577241492918,-0.0460355952954339,0,-0.707106781186547,0.707106781186547,0
8.81,0,0,0,0,0,0,0,0.15,0.67692913491733,-0.0457594026348599,0,-0.707106781186547,0.707106781186547,0
8.82,0,0,0,0,0,0,0,0.15,0.678083628846015,-0.0454740479689277,0,-0.707106781186547,0.707106781186547,0
8.83,0,0,0,0,0,0,0,0.15,0.679235824147158,-0.0451795492341887,0,-0.707106781186547,0.707106781186547,0
8.84,0,0,0,0,0,0,0,0.15,0.680385648397168,-0.0448759249419629,0,-0.707106781186547,0.707106781186547,0
8.85,0,0,0,0,0,0,0,0.15,0.681533029321489,-0.0445631941771764,0,-0.707106781186547,0.707106781186547,0
8.86,0,0,0,0,0,0,0,0.15,0.682677894799146,-0.044241376597161,0,-0.707106781186547,0.707106781186547,0
8.87,0,0,0,0,0,0,0,0.15,0.68382017286728,-0.0439104924304187,0,-0.707106781186547,0.707106781186547,0
8.88,0,0,0,0,0,0,0,0.15,0.684959791725665,-0.0435705624753506,0,-0.707106781186547,0.707106781186547,0
8.89,0,0,0,0,0,0,0,0.15,0.686096679741227,-0.0432216080989493,0,-0.707106781186547,0.707106781186547,0
8.9,0,0,0,0,0,0,0,0.15,0.687230765452546,-0.0428636512354557,0,-0.707106781186547,0.707106781186547,0
8.91,0,0,0,0,0,0,0,0.15,0.688361977574344,-0.0424967143849807,0,-0.707106781186547,0.707106781186547,0
8.92,0,0,0,0,0,0,0,0.15,0.68949024500197,-0.0421208206120903,0,-0.707106781186547,0.707106781186547,0
8.93,0,0,0,0,0,0,0,0.15,0.690615496815868,-0.0417359935443565,0,-0.707106781186547,0.707106781186547,0
8.94,0,0,0,0,0,0,0,0.15,0.691737662286032,-0.0413422573708717,0,-0.707106781186547,0.707106781186547,0
8.95,0,0,0,0,0,0,0,0.15,0.692856670876458,-0.0409396368407283,0,-0.707106781186547,0.707106781186547,0
8.96,0,0,0,0,0,0,0,0.15,0.693972452249571,-0.0405281572614632,0,-0.707106781186547,0.707106781186547,0
8.97,0,0,0,0,0,0,0,0.15,0.695084936270653,-0.0401078444974668,0,-0.707106781186547,0.707106781186547,0
8.98,0,0,0,0,0,0,0,0.15,0.696194053012243,-0.0396787249683576,0,-0.707106781186547,0.707106781186547,0
8.99,0,0,0,0,0,0,0,0.15,0.697299732758542,-0.0392408256473212,0,-0.707106781186547,0.707106781186547,0
9,0,0,0,0,0,0,0,0.15,0.698401906009787,-0.038794174059415,0,-0.707106781186547,0.707106781186547,0
9.01,0,0,0,0,0,0,0,0.15,0.699500503486625,-0.038338798279838,0,-0.707106781186547,0.707106781186547,0
9.02,0,0,0,0,0,0,0,0.15,0.700595456134464,-0.0378747269321663,0,-0.707106781186547,0.707106781186547,0
9.03,0,0,0,0,0,0,0,0.15,0.701686695127816,-0.0374019891865534,0,-0.707106781186547,0.707106781186547,0
9.04,0,0,0,0,0,0,0,0.15,0.702774151874623,-0.0369206147578973,0,-0.707106781186547,0.707106781186547,0
9.05,0,0,0,0,0,0,0,0.15,0.703857758020566,-0.0364306339039722,0,-0.707106781186547,0.707106781186547,0
9.06,0,0,0,0,0,0,0,0.15,0.704937445453366,-0.0359320774235266,0,-0.707106781186547,0.707106781186547,0
9.07,0,0,0,0,0,0,0,0.15,0.70601314630706,-0.0354249766543478,0,-0.707106781186547,0.707106781186547,0
9.08,0,0,0,0,0,0,0,0.15,0.707084792966271,-0.0349093634712919,0,-0.707106781186547,0.707106781186547,0
9.09,0,0,0,0,0,0,0,0.15,0.708152318070457,-0.0343852702842799,0,-0.707106781186547,0.707106781186547,0
9.1,0,0,0,0,0,0,0,0.15,0.709215654518144,-0.033852730036261,0,-0.707106781186547,0.707106781186547,0
9.11,0,0,0,0,0,0,0,0.15,0.710274735471145,-0.0333117762011416,0,-0.707106781186547,0.707106781186547,0
9.12,0,0,0,0,0,0,0,0.15,0.71132949435876,-0.0327624427816813,0,-0.707106781186547,0.707106781186547,0
9.13,0,0,0,0,0,0,0,0.15,0.712379864881963,-0.0322047643073559,0,-0.707106781186547,0.707106781186547,0
9.14,0,0,0,0,0,0,0,0.15,0.713425781017566,-0.0316387758321862,0,-0.707106781186547,0.707106781186547,0
9.15,0,0,0,0,0,0,0,0.15,0.714467177022371,-0.0310645129325355,0,-0.707106781186547,0.707106781186547,0
9.16,0,0,0,0,0,0,0,0.15,0.715503987437303,-0.0304820117048728,0,-0.707106781186547,0.707106781186547,0
9.17,0,0,0,0,0,0,0,0.15,0.716536147091522,-0.0298913087635041,0,-0.707106781186547,0.707106781186547,0
9.18,0,0,0,0,0,0,0,0.15,0.717563591106523,-0.0292924412382708,0,-0.707106781186547,0.707106781186547,0
9.19,0,0,0,0,0,0,0,0.15,0.71858625490021,-0.0286854467722161,0,-0.707106781186547,0.707106781186547,0
9.2,0,0,0,0,0,0,0,0.15,0.71960407419096,-0.0280703635192186,0,-0.707106781186547,0.707106781186547,0
9.21,0,0,0,0,0,0,0,0.15,0.720616985001658,-0.0274472301415941,0,-0.707106781186547,0.707106781186547,0
9.22,0,0,0,0,0,0,0,0.15,0.721624923663725,-0.0268160858076653,0,-0.707106781186547,0.707106781186547,0
9.23,0,0,0,0,0,0,0,0.15,0.722627826821114,-0.0261769701893004,0,-0.707106781186547,0.707106781186547,0
9.24,0,0,0,0,0,0,0,0.15,0.723625631434297,-0.0255299234594185,0,-0.707106781186547,0.707106781186547,0
9.25,0,0,0,0,0,0,0,0.15,0.724618274784223,-0.0248749862894653,0,-0.707106781186547,0.707106781186547,0
9.26,0,0,0,0,0,0,0,0.15,0.725605694476266,-0.0242121998468559,0,-0.707106781186547,0.707106781186547,0
9.27,0,0,0,0,0,0,0,0.15,0.726587828444139,-0.0235416057923878,0,-0.707106781186547,0.707106781186547,0
9.28,0,0,0,0,0,0,0,0.15,0.727564614953806,-0.0228632462776218,0,-0.707106781186547,0.707106781186547,0
9.29,0,0,0,0,0,0,0,0.15,0.728535992607351,-0.0221771639422325,0,-0.707106781186547,0.707106781186547,0
9.3,0,0,0,0,0,0,0,0.15,0.729501900346845,-0.0214834019113283,0,-0.707106781186547,0.707106781186547,0
9.31,0,0,0,0,0,0,0,0.15,0.730462277458182,-0.0207820037927405,0,-0.707106781186547,0.707106781186547,0
9.32,0,0,0,0,0,0,0,0.15,0.731417063574896,-0.0200730136742824,0,-0.707106781186547,0.707106781186547,0
9.33,0,0,0,0,0,0,0,0.15,0.732366198681951,-0.0193564761209778,0,-0.707106781186547,0.707106781186547,0
9.34,0,0,0,0,0,0,0,0.15,0.733309623119519,-0.0186324361722601,0,-0.707106781186547,0.707106781186547,0
9.35,0,0,0,0,0,0,0,0.15,0.734247277586727,-0.0179009393391412,0,-0.707106781186547,0.707106781186547,0
9.36,0,0,0,0,0,0,0,0.15,0.735179103145387,-0.0171620316013505,0,-0.707106781186547,0.707106781186547,0
9.37,0,0,0,0,0,0,0,0.15,0.736105041223698,-0.016415759404445,0,-0.707106781186547,0.707106781186547,0
9.38,0,0,0,0,0,0,0,0.15,0.737025033619927,-0.01566216965689,0,-0.707106781186547,0.707106781186547,0
9.39,0,0,0,0,0,0,0,0.15,0.737939022506071,-0.0149013097271103,0,-0.707106781186547,0.707106781186547,0
9.4,0,0,0,0,0,0,0,0.15,0.73884695043149,-0.0141332274405129,0,-0.707106781186547,0.707106781186547,0
9.41,0,0,0,0,0,0,0,0.15,0.739748760326516,-0.0133579710764807,0,-0.707106781186547,0.707106781186547,0
9.42,0,0,0,0,0,0,0,0.15,0.740644395506045,-0.0125755893653381,0,-0.707106781186547,0.707106781186547,0
9.43,0,0,0,0,0,0,0,0.15,0.741533799673095,-0.0117861314852877,0,-0.707106781186547,0.707106781186547,0
9.44,0,0,0,0,0,0,0,0.15,0.742416916922348,-0.010989647059319,0,-0.707106781186547,0.707106781186547,0
9.45,0,0,0,0,0,0,0,0.15,0.743293691743664,-0.0101861861520897,0,-0.707106781186547,0.707106781186547,0
9.46,0,0,0,0,0,0,0,0.15,0.744164069025568,-0.0093757992667783,0,-0.707106781186547,0.707106781186547,0
9.47,0,0,0,0,0,0,0,0.15,0.745027994058716,-0.00855853734190988,0,-0.707106781186547,0.707106781186547,0
9.48,0,0,0,0,0,0,0,0.15,0.745885412539334,-0.00773445174815413,0,-0.707106781186547,0.707106781186547,0
9.49,0,0,0,0,0,0,0,0.15,0.746736270572628,-0.00690359428509653,0,-0.707106781186547,0.707106781186547,0
9.5,0,0,0,0,0,0,0,0.15,0.747580514676177,-0.00606601717798213,0,-0.707106781186547,0.707106781186547,0
9.51,0,0,0,0,0,0,0,0.15,0.747580514676177,-0.00606601717798213,0,-0.707106781186547,0.707106781186547,0
9.52,0,0,0,0,0,0,0,0.15,0.747580514676177,-0.00606601717798213,0,-0.707106781186547,0.707106781186547,0
9.53,0,0,0,0,0,0,0,0.15,0.747580514676177,-0.00606601717798213,0,-0.707106781186547,0.707106781186547,0
9.54,0,0,0,0,0,0,0,0.15,0.747580514676177,-0.00606601717798213,0,-0.707106781186547,0.707106781186547,0
9.55,0,0,0,0,0,0,0,0.15,0.747580514676177,-0.00606601717798213,0,-0.707106781186547,0.707106781186547,0
9.56,0,0,0,0,0,0,0,0.15,0.747580514676177,-0.00606601717798213,0,-0.707106781186547,0.707106781186547,0
9.57,0,0,0,0,0,0,0,0.15,0.747580514676177,-0.00606601717798213,0,-0.707106781186547,0.707106781186547,0
9.58,0,0,0,0,0,0,0,0.15,0.747580514676177,-0.00606601717798213,0,-0.707106781186547,0.707106781186547,0
9.59,0,0,0,0,0,0,0,0.15,0.747580514676177,-0.00606601717798213,0,-0.707106781186547,0.707106781186547,0
9.6,0,0,0,0,0,0,0,0.15,0.747580514676177,-0.00606601717798213,0,-0.707106781186547,0.707106781186547,0
9.61,0,0,0,0,0,0,0,0.15,0.747580514676177,-0.00606601717798213,0,-0.707106781186547,0.707106781186547,0
9.62,0,0,0,0,0,0,0,0.15,0.747580514676177,-0.00606601717798213,0,-0.707106781186547,0.707106781186547,0
9.63,0,0,0,0,0,0,0,0.15,0.747580514676177,-0.00606601717798213,0,-0.707106781186547,0.707106781186547,0
9.64,0,0,0,0,0,0,0,0.15,0.747580514676177,-0.00606601717798213,0,-0.707106781186547,0.707106781186547,0
9.65,0,0,0,0,0,0,0,0.15,0.747580514676177,-0.00606601717798213,0,-0.707106781186547,0.707106781186547,0
9.66,0,0,0,0,0,0,0,0.15,0.747580514676177,-0.00606601717798213,0,-0.707106781186547,0.707106781186547,0
9.67,0,0,0,0,0,0,0,0.15,0.747580514676177,-0.00606601717798213,0,-0.707106781186547,0.707106781186547,0
9.68,0,0,0,0,0,0,0,0.15,0.747580514676177,-0.00606601717798213,0,-0.707106781186547,0.707106781186547,0
9.69,0,0,0,0,0,0,0,0.15,0.747580514676177,-0.00606601717798213,0,-0.707106781186547,0.707106781186547,0
9.7,0,0,0,0,0,0,0,0.15,0.747580514676177,-0.00606601717798213,0,-0.707106781186547,0.707106781186547,0
9.71,0,0,0,0,0,0,0,0.15,0.747580514676177,-0.00606601717798213,0,-0.707106781186547,0.707106781186547,0
9.72,0,0,0,0,0,0,0,0.15,0.747580514676177,-0.00606601717798213,0,-0.707106781186547,0.707106781186547,0
9.73,0,0,0,0,0,0,0,0.15,0.747580514676177,-0.00606601717798213,0,-0.707106781186547,0.707106781186547,0
9.74,0,0,0,0,0,0,0,0.15,0.747580514676177,-0.00606601717798213,0,-0.707106781186547,0.707106781186547,0
9.75,0,0,0,0,0,0,0,0.15,0.747580514676177,-0.00606601717798213,0,-0.707106781186547,0.707106781186547,0
9.76,0,0,0,0,0,0,0,0.15,0.747580514676177,-0.00606601717798213,0,-0.707106781186547,0.707106781186547,0
9.77,0,0,0,0,0,0,0,0.15,0.747580514676177,-0.00606601717798213,0,-0.707106781186547,0.707106781186547,0
9.78,0,0,0,0,0,0,0,0.15,0.747580514676177,-0.00606601717798213,0,-0.707106781186547,0.707106781186547,0
9.79,0,0,0,0,0,0,0,0.15,0.747580514676177,-0.00606601717798213,0,-0.707106781186547,0.707106781186547,0
9.8,0,0,0,0,0,0,0,0.15,0.747580514676177,-0.00606601717798213,0,-0.707106781186547,0.707106781186547,0
9.81,0,0,0,0,0,0,0,0.15,0.747580514676177,-0.00606601717798213,0,-0.707106781186547,0.707106781186547,0
9.82,0,0,0,0,0,0,0,0.15,0.747580514676177,-0.00606601717798213,0,-0.707106781186547,0.707106781186547,0
9.83,0,0,0,0,0,0,0,0.15,0.747580514676177,-0.00606601717798213,0,-0.707106781186547,0.707106781186547,0
9.84,0,0,0,0,0,0,0,0.15,0.747580514676177,-0.00606601717798213,0,-0.707106781186547,0.707106781186547,0
9.85,0,0,0,0,0,0,0,0.15,0.747580514676177,-0.00606601717798213,0,-0.707106781186547,0.707106781186547,0
9.86,0,0,0,0,0,0,0,0.15,0.747580514676177,-0.00606601717798213,0,-0.707106781186547,0.707106781186547,0
9.87,0,0,0,0,0,0,0,0.15,0.747580514676177,-0.00606601717798213,0,-0.707106781186547,0.707106781186547,0
9.88,0,0,0,0,0,0,0,0.15,0.747580514676177,-0.00606601717798213,0,-0.707106781186547,0.707106781186547,0
9.89,0,0,0,0,0,0,0,0.15,0.747580514676177,-0.00606601717798213,0,-0.707106781186547,0.707106781186547,0
9.9,0,0,0,0,0,0,0,0.15,0.747580514676177,-0.00606601717798213,0,-0.707106781186547,0.707106781186547,0
9.91,0,0,0,0,0,0,0,0.15,0.747580514676177,-0.00606601717798213,0,-0.707106781186547,0.707106781186547,0
9.92,0,0,0,0,0,0,0,0.15,0.747580514676177,-0.00606601717798213,0,-0.707106781186547,0.707106781186547,0
9.93,0,0,0,0,0,0,0,0.15,0.747580514676177,-0.00606601717798213,0,-0.707106781186547,0.707106781186547,0
9.94,0,0,0,0,0,0,0,0.15,0.747580514676177,-0.00606601717798213,0,-0.707106781186547,0.707106781186547,0
9.95,0,0,0,0,0,0,0,0.15,0.747580514676177,-0.00606601717798213,0,-0.707106781186547,0.707106781186547,0
9.96,0,0,0,0,0,0,0,0.15,0.747580514676177,-0.00606601717798213,0,-0.707106781186547,0.707106781186547,0
9.97,0,0,0,0,0,0,0,0.15,0.747580514676177,-0.00606601717798213,0,-0.707106781186547,0.707106781186547,0
9.98,0,0,0,0,0,0,0,0.15,0.747580514676177,-0.00606601717798213,0,-0.707106781186547,0.707106781186547,0
9.99,0,0,0,0,0,0,0,0.15,0.747580514676177,-0.00606601717798213,0,-0.707106781186547,0.707106781186547,0
10,0,0,0,0,0,0,0,0.15,0.747580514676177,-0.00606601717798213,0,-0.707106781186547,0.707106781186547,0
