0,-1.5675,0.1294,0.0013,2.0328,-0.0175,1.0006,0.0012,0,-0.4,0.35,0,0.70711,0.70711,0
0.01,-1.5675,0.1294,0.0013,2.0328,-0.0175,1.0006,0.0012,0,-0.4,0.35,0,0.70711,0.70711,0
0.02,-1.5675,0.1294,0.0013,2.0328,-0.0175,1.0006,0.0012,0,-0.4,0.35,0,0.70711,0.70711,0
0.03,-1.5675,0.1294,0.0013,2.0328,-0.0175,1.0006,0.0012,0,-0.4,0.35,0,0.70711,0.70711,0
0.04,-1.5675,0.1294,0.0013,2.0328,-0.0175,1.0006,0.0012,0,-0.4,0.35,0,0.70711,0.70711,0
0.05,-1.5675,0.1294,0.0013,2.0328,-0.0175,1.0006,0.0012,0,-0.4,0.35,0,0.70711,0.70711,0
0.06,-1.5675,0.1294,0.0013,2.0328,-0.0175,1.0006,0.0012,0,-0.4,0.35,0,0.70711,0.70711,0
0.07,-1.5675,0.1294,0.0013,2.0328,-0.0175,1.0006,0.0012,0,-0.4,0.35,0,0.70711,0.70711,0
0.08,-1.5675,0.1294,0.0013,2.0328,-0.0175,1.0006,0.0012,0,-0.4,0.35,0,0.70711,0.70711,0
0.09,-1.5675,0.1294,0.0013,2.0328,-0.0175,1.0006,0.0012,0,-0.4,0.35,0,0.70711,0.70711,0
0.1,-1.5675,0.1294,0.0013,2.0328,-0.0175,1.0006,0.0012,0,-0.4,0.35,0,0.70711,0.70711,0
0.11,-1.5675,0.1294,0.0013,2.0328,-0.0175,1.0006,0.0012,0,-0.4,0.35,0,0.70711,0.70711,0
0.12,-1.5675,0.1294,0.0013,2.0328,-0.0175,1.0006,0.0012,0,-0.4,0.35,0,0.70711,0.70711,0
0.13,-1.5675,0.1294,0.0013,2.0328,-0.0175,1.0006,0.0012,0,-0.4,0.35,0,0.70711,0.70711,0
0.14,-1.5675,0.1294,0.0013,2.0328,-0.0175,1.0006,0.0012,0,-0.4,0.35,0,0.70711,0.70711,0
0.15,-1.5675,0.1294,0.0013,2.0328,-0.0175,1.0006,0.0012,0,-0.4,0.35,0,0.70711,0.70711,0
0.16,-1.5675,0.1294,0.0013,2.0328,-0.0175,1.0006,0.0012,0,-0.4,0.35,0,0.70711,0.70711,0
0.17,-1.5675,0.1294,0.0013,2.0328,-0.0175,1.0006,0.0012,0,-0.4,0.35,0,0.70711,0.70711,0
0.18,-1.5675,0.1294,0.0013,2.0328,-0.0175,1.0006,0.0012,0,-0.4,0.35,0,0.70711,0.70711,0
0.19,-1.5675,0.1294,0.0013,2.0328,-0.0175,1.0006,0.0012,0,-0.4,0.35,0,0.70711,0.70711,0
0.2,-1.5675,0.1294,0.0013,2.0328,-0.0175,1.0006,0.0012,0,-0.4,0.35,0,0.70711,0.70711,0
0.21,-1.5675,0.1294,0.0013,2.0328,-0.0175,1.0006,0.0012,0,-0.39601,0.35029,0,0.70711,0.70711,0
0.22,-1.5675,0.1294,0.0013,2.0328,-0.0175,1.0006,0.0012,0,-0.39203,0.35058,0,0.70711,0.70711,0
0.23,-1.5675,0.1294,0.0013,2.0328,-0.0175,1.0006,0.0012,0,-0.38805,0.35087,0,0.70711,0.70711,0
0.24,-1.5675,0.1294,0.0013,2.0328,-0.0175,1.0006,0.0012,0,-0.38408,0.35117,0,0.70711,0.70711,0
0.25,-1.5675,0.1294,0.0013,2.0328,-0.0175,1.0006,0.0012,0,-0.38011,0.35146,0,0.70711,0.70711,0
0.26,-1.5675,0.1294,0.0013,2.0328,-0.0175,1.0006,0.0012,0,-0.37617,0.35175,0,0.70711,0.70711,0
0.27,-1.5675,0.1294,0.0013,2.0328,-0.0175,1.0006,0.0012,0,-0.37223,0.35204,0,0.70711,0.70711,0
0.28,-1.5675,0.1294,0.0013,2.0328,-0.0175,1.0006,0.0012,0,-0.36831,0.35233,0,0.70711,0.70711,0
0.29,-1.5675,0.1294,0.0013,2.0328,-0.0175,1.0006,0.0012,0,-0.36441,0.35261,0,0.70711,0.70711,0
0.3,-1.5675,0.1294,0.0013,2.0328,-0.0175,1.0006,0.0012,0,-0.36053,0.3529,0,0.70711,0.70711,0
0.31,-1.5675,0.1294,0.0013,2.0328,-0.0175,1.0006,0.0012,0,-0.35668,0.35319,0,0.70711,0.70711,0
0.32,-1.5675,0.1294,0.0013,2.0328,-0.0175,1.0006,0.0012,0,-0.35285,0.35347,0,0.70711,0.70711,0
0.33,-1.5675,0.1294,0.0013,2.0328,-0.0175,1.0006,0.0012,0,-0.34905,0.35376,0,0.70711,0.70711,0
0.34,-1.5675,0.1294,0.0013,2.0328,-0.0175,1.0006,0.0012,0,-0.34527,0.35404,0,0.70711,0.70711,0
0.35,-1.5675,0.1294,0.0013,2.0328,-0.0175,1.0006,0.0012,0,-0.34153,0.35432,0,0.70711,0.70711,0
0.36,-1.5675,0.1294,0.0013,2.0328,-0.0175,1.0006,0.0012,0,-0.33782,0.3546,0,0.70711,0.70711,0
0.37,-1.5675,0.1294,0.0013,2.0328,-0.0175,1.0006,0.0012,0,-0.33415,0.35488,0,0.70711,0.70711,0
0.38,-1.5675,0.1294,0.0013,2.0328,-0.0175,1.0006,0.0012,0,-0.33052,0.35515,0,0.70711,0.70711,0
0.39,-1.5675,0.1294,0.0013,2.0328,-0.0175,1.0006,0.0012,0,-0.32692,0.35543,0,0.70711,0.70711,0
0.4,-1.5675,0.1294,0.0013,2.0328,-0.0175,1.0006,0.0012,0,-0.32337,0.3557,0,0.70711,0.70711,0
0.41,-1.5675,0.1294,0.0013,2.0328,-0.0175,1.0006,0.0012,0,-0.31986,0.35597,0,0.70711,0.70711,0
0.42,-1.5675,0.1294,0.0013,2.0328,-0.0175,1.0006,0.0012,0,-0.3164,0.35624,0,0.70711,0.70711,0
0.43,-1.5675,0.1294,0.0013,2.0328,-0.0175,1.0006,0.0012,0,-0.31298,0.35651,0,0.70711,0.70711,0
0.44,-1.5675,0.1294,0.0013,2.0328,-0.0175,1.0006,0.0012,0,-0.30962,0.35678,0,0.70711,0.70711,0
0.45,-1.5675,0.1294,0.0013,2.0328,-0.0175,1.0006,0.0012,0,-0.3063,0.35704,0,0.70711,0.70711,0
0.46,-1.5675,0.1294,0.0013,2.0328,-0.0175,1.0006,0.0012,0,-0.30304,0.3573,0,0.70711,0.70711,0
0.47,-1.5675,0.1294,0.0013,2.0328,-0.0175,1.0006,0.0012,0,-0.29984,0.35756,0,0.70711,0.70711,0
0.48,-1.5675,0.1294,0.0013,2.0328,-0.0175,1.0006,0.0012,0,-0.29669,0.35782,0,0.70711,0.70711,0
0.49,-1.5675,0.1294,0.0013,2.0328,-0.0175,1.0006,0.0012,0,-0.2936,0.35807,0,0.70711,0.70711,0
0.5,-1.5675,0.1294,0.0013,2.0328,-0.0175,1.0006,0.0012,0,-0.29057,0.35832,0,0.70711,0.70711,0
0.51,-1.5675,0.1294,0.0013,2.0328,-0.0175,1.0006,0.0012,0,-0.2876,0.35857,0,0.70711,0.70711,0
0.52,-1.5675,0.1294,0.0013,2.0328,-0.0175,1.0006,0.0012,0,-0.2847,0.35881,0,0.70711,0.70711,0
0.53,-1.5675,0.1294,0.0013,2.0328,-0.0175,1.0006,0.0012,0,-0.28186,0.35905,0,0.70711,0.70711,0
0.54,-1.5675,0.1294,0.0013,2.0328,-0.0175,1.0006,0.0012,0,-0.27909,0.35929,0,0.70711,0.70711,0
0.55,-1.5675,0.1294,0.0013,2.0328,-0.0175,1.0006,0.0012,0,-0.27639,0.35953,0,0.70711,0.70711,0
0.56,-1.5675,0.1294,0.0013,2.0328,-0.0175,1.0006,0.0012,0,-0.27376,0.35976,0,0.70711,0.70711,0
0.57,-1.5675,0.1294,0.0013,2.0328,-0.0175,1.0006,0.0012,0,-0.2712,0.35999,0,0.70711,0.70711,0
0.58,-1.5675,0.1294,0.0013,2.0328,-0.0175,1.0006,0.0012,0,-0.26871,0.36022,0,0.70711,0.70711,0
0.59,-1.5675,0.1294,0.0013,2.0328,-0.0175,1.0006,0.0012,0,-0.26629,0.36044,0,0.70711,0.70711,0
0.6,-1.5675,0.1294,0.0013,2.0328,-0.0175,1.0006,0.0012,0,-0.26396,0.36066,0,0.70711,0.70711,0
0.61,-1.5675,0.1294,0.0013,2.0328,-0.0175,1.0006,0.0012,0,-0.2617,0.36088,0,0.70711,0.70711,0
0.62,-1.5675,0.1294,0.0013,2.0328,-0.0175,1.0006,0.0012,0,-0.25951,0.36109,0,0.70711,0.70711,0
0.63,-1.5675,0.1294,0.0013,2.0328,-0.0175,1.0006,0.0012,0,-0.25741,0.3613,0,0.70711,0.70711,0
0.64,-1.5675,0.1294,0.0013,2.0328,-0.0175,1.0006,0.0012,0,-0.25539,0.36151,0,0.70711,0.70711,0
0.65,-1.5675,0.1294,0.0013,2.0328,-0.0175,1.0006,0.0012,0,-0.25345,0.36171,0,0.70711,0.70711,0
0.66,-1.5675,0.1294,0.0013,2.0328,-0.0175,1.0006,0.0012,0,-0.25159,0.36191,0,0.70711,0.70711,0
0.67,-1.5675,0.1294,0.0013,2.0328,-0.0175,1.0006,0.0012,0,-0.24982,0.3621,0,0.70711,0.70711,0
0.68,-1.5675,0.1294,0.0013,2.0328,-0.0175,1.0006,0.0012,0,-0.24813,0.36229,0,0.70711,0.70711,0
0.69,-1.5675,0.1294,0.0013,2.0328,-0.0175,1.0006,0.0012,0,-0.24652,0.36248,0,0.70711,0.70711,0
0.7,-1.5675,0.1294,0.0013,2.0328,-0.0175,1.0006,0.0012,0,-0.24501,0.36266,0,0.70711,0.70711,0
0.71,-1.5675,0.1294,0.0013,2.0328,-0.0175,1.0006,0.0012,0,-0.24358,0.36284,0,0.70711,0.70711,0
0.72,-1.5675,0.1294,0.0013,2.0328,-0.0175,1.0006,0.0012,0,-0.24224,0.36302,0,0.70711,0.70711,0
0.73,-1.5675,0.1294,0.0013,2.0328,-0.0175,1.0006,0.0012,0,-0.24099,0.36319,0,0.70711,0.70711,0
0.74,-1.5675,0.1294,0.0013,2.0328,-0.0175,1.0006,0.0012,0,-0.23982,0.36335,0,0.70711,0.70711,0
0.75,-1.5675,0.1294,0.0013,2.0328,-0.0175,1.0006,0.0012,0,-0.23875,0.36351,0,0.70711,0.70711,0
0.76,-1.5675,0.1294,0.0013,2.0328,-0.0175,1.0006,0.0012,0,-0.23777,0.36367,0,0.70711,0.70711,0
0.77,-1.5675,0.1294,0.0013,2.0328,-0.0175,1.0006,0.0012,0,-0.23688,0.36382,0,0.70711,0.70711,0
0.78,-1.5675,0.1294,0.0013,2.0328,-0.0175,1.0006,0.0012,0,-0.23609,0.36397,0,0.70711,0.70711,0
0.79,-1.5675,0.1294,0.0013,2.0328,-0.0175,1.0006,0.0012,0,-0.23538,0.36411,0,0.70711,0.70711,0
0.8,-1.5675,0.1294,0.0013,2.0328,-0.0175,1.0006,0.0012,0,-0.23477,0.36425,0,0.70711,0.70711,0
0.81,-1.5675,0.1294,0.0013,2.0328,-0.0175,1.0006,0.0012,0,-0.23425,0.36439,0,0.70711,0.70711,0
0.82,-1.5675,0.1294,0.0013,2.0328,-0.0175,1.0006,0.0012,0,-0.23383,0.36452,0,0.70711,0.70711,0
0.83,-1.5675,0.1294,0.0013,2.0328,-0.0175,1.0006,0.0012,0,-0.2335,0.36464,0,0.70711,0.70711,0
0.84,-1.5675,0.1294,0.0013,2.0328,-0.0175,1.0006,0.0012,0,-0.23326,0.36476,0,0.70711,0.70711,0
0.85,-1.5675,0.1294,0.0013,2.0328,-0.0175,1.0006,0.0012,0,-0.23312,0.36488,0,0.70711,0.70711,0
0.86,-1.5675,0.1294,0.0013,2.0328,-0.0175,1.0006,0.0012,0,-0.23307,0.36499,0,0.70711,0.70711,0
0.87,-1.5675,0.1294,0.0013,2.0328,-0.0175,1.0006,0.0012,0,-0.23312,0.36509,0,0.70711,0.70711,0
0.88,-1.5675,0.1294,0.0013,2.0328,-0.0175,1.0006,0.0012,0,-0.23326,0.36519,0,0.70711,0.70711,0
0.89,-1.5675,0.1294,0.0013,2.0328,-0.0175,1.0006,0.0012,0,-0.23349,0.36529,0,0.70711,0.70711,0
0.9,-1.5675,0.1294,0.0013,2.0328,-0.0175,1.0006,0.0012,0,-0.23382,0.36538,0,0.70711,0.70711,0
0.91,-1.5675,0.1294,0.0013,2.0328,-0.0175,1.0006,0.0012,0,-0.23424,0.36547,0,0.70711,0.70711,0
0.92,-1.5675,0.1294,0.0013,2.0328,-0.0175,1.0006,0.0012,0,-0.23476,0.36555,0,0.70711,0.70711,0
0.93,-1.5675,0.1294,0.0013,2.0328,-0.0175,1.0006,0.0012,0,-0.23537,0.36562,0,0.70711,0.70711,0
0.94,-1.5675,0.1294,0.0013,2.0328,-0.0175,1.0006,0.0012,0,-0.23607,0.3657,0,0.70711,0.70711,0
0.95,-1.5675,0.1294,0.0013,2.0328,-0.0175,1.0006,0.0012,0,-0.23686,0.36576,0,0.70711,0.70711,0
0.96,-1.5675,0.1294,0.0013,2.0328,-0.0175,1.0006,0.0012,0,-0.23775,0.36582,0,0.70711,0.70711,0
0.97,-1.5675,0.1294,0.0013,2.0328,-0.0175,1.0006,0.0012,0,-0.23873,0.36588,0,0.70711,0.70711,0
0.98,-1.5675,0.1294,0.0013,2.0328,-0.0175,1.0006,0.0012,0,-0.2398,0.36593,0,0.70711,0.70711,0
0.99,-1.5675,0.1294,0.0013,2.0328,-0.0175,1.0006,0.0012,0,-0.24096,0.36597,0,0.70711,0.70711,0
1,-1.5675,0.1294,0.0013,2.0328,-0.0175,1.0006,0.0012,0,-0.24221,0.36601,0,0.70711,0.70711,0
1.01,-1.5675,0.1294,0.0013,2.0328,-0.0175,1.0006,0.0012,0,-0.24355,0.36605,0,0.70711,0.70711,0
1.02,-1.5675,0.1294,0.0013,2.0328,-0.0175,1.0006,0.0012,0,-0.24497,0.36608,0,0.70711,0.70711,0
1.03,-1.5675,0.1294,0.0013,2.0328,-0.0175,1.0006,0.0012,0,-0.24649,0.3661,0,0.70711,0.70711,0
1.04,-1.5675,0.1294,0.0013,2.0328,-0.0175,1.0006,0.0012,0,-0.24809,0.36612,0,0.70711,0.70711,0
1.05,-1.5675,0.1294,0.0013,2.0328,-0.0175,1.0006,0.0012,0,-0.24978,0.36614,0,0.70711,0.70711,0
1.06,-1.5675,0.1294,0.0013,2.0328,-0.0175,1.0006,0.0012,0,-0.25155,0.36615,0,0.70711,0.70711,0
1.07,-1.5675,0.1294,0.0013,2.0328,-0.0175,1.0006,0.0012,0,-0.2534,0.36615,0,0.70711,0.70711,0
1.08,-1.5675,0.1294,0.0013,2.0328,-0.0175,1.0006,0.0012,0,-0.25534,0.36615,0,0.70711,0.70711,0
1.09,-1.5675,0.1294,0.0013,2.0328,-0.0175,1.0006,0.0012,0,-0.25736,0.36614,0,0.70711,0.70711,0
1.1,-1.5675,0.1294,0.0013,2.0328,-0.0175,1.0006,0.0012,0,-0.25946,0.36613,0,0.70711,0.70711,0
1.11,-1.5675,0.1294,0.0013,2.0328,-0.0175,1.0006,0.0012,0,-0.26165,0.36611,0,0.70711,0.70711,0
1.12,-1.5675,0.1294,0.0013,2.0328,-0.0175,1.0006,0.0012,0,-0.2639,0.36609,0,0.70711,0.70711,0
1.13,-1.5675,0.1294,0.0013,2.0328,-0.0175,1.0006,0.0012,0,-0.26624,0.36606,0,0.70711,0.70711,0
1.14,-1.5675,0.1294,0.0013,2.0328,-0.0175,1.0006,0.0012,0,-0.26865,0.36603,0,0.70711,0.70711,0
1.15,-1.5675,0.1294,0.0013,2.0328,-0.0175,1.0006,0.0012,0,-0.27114,0.36599,0,0.70711,0.70711,0
1.16,-1.5675,0.1294,0.0013,2.0328,-0.0175,1.0006,0.0012,0,-0.2737,0.36595,0,0.70711,0.70711,0
1.17,-1.5675,0.1294,0.0013,2.0328,-0.0175,1.0006,0.0012,0,-0.27633,0.3659,0,0.70711,0.70711,0
1.18,-1.5675,0.1294,0.0013,2.0328,-0.0175,1.0006,0.0012,0,-0.27903,0.36585,0,0.70711,0.70711,0
1.19,-1.5675,0.1294,0.0013,2.0328,-0.0175,1.0006,0.0012,0,-0.2818,0.36579,0,0.70711,0.70711,0
1.2,-1.5675,0.1294,0.0013,2.0328,-0.0175,1.0006,0.0012,0,-0.28463,0.36572,0,0.70711,0.70711,0
1.21,-1.5675,0.1294,0.0013,2.0328,-0.0175,1.0006,0.0012,0,-0.28754,0.36565,0,0.70711,0.70711,0
1.22,-1.5675,0.1294,0.0013,2.0328,-0.0175,1.0006,0.0012,0,-0.2905,0.36558,0,0.70711,0.70711,0
1.23,-1.5675,0.1294,0.0013,2.0328,-0.0175,1.0006,0.0012,0,-0.29353,0.3655,0,0.70711,0.70711,0
1.24,-1.5675,0.1294,0.0013,2.0328,-0.0175,1.0006,0.0012,0,-0.29662,0.36542,0,0.70711,0.70711,0
1.25,-1.5675,0.1294,0.0013,2.0328,-0.0175,1.0006,0.0012,0,-0.29977,0.36533,0,0.70711,0.70711,0
1.26,-1.5675,0.1294,0.0013,2.0328,-0.0175,1.0006,0.0012,0,-0.30297,0.36523,0,0.70711,0.70711,0
1.27,-1.5675,0.1294,0.0013,2.0328,-0.0175,1.0006,0.0012,0,-0.30623,0.36514,0,0.70711,0.70711,0
1.28,-1.5675,0.1294,0.0013,2.0328,-0.0175,1.0006,0.0012,0,-0.30954,0.36503,0,0.70711,0.70711,0
1.29,-1.5675,0.1294,0.0013,2.0328,-0.0175,1.0006,0.0012,0,-0.31291,0.36492,0,0.70711,0.70711,0
1.3,-1.5675,0.1294,0.0013,2.0328,-0.0175,1.0006,0.0012,0,-0.31632,0.36481,0,0.70711,0.70711,0
1.31,-1.5675,0.1294,0.0013,2.0328,-0.0175,1.0006,0.0012,0,-0.31978,0.36469,0,0.70711,0.70711,0
1.32,-1.5675,0.1294,0.0013,2.0328,-0.0175,1.0006,0.0012,0,-0.32329,0.36457,0,0.70711,0.70711,0
1.33,-1.5675,0.1294,0.0013,2.0328,-0.0175,1.0006,0.0012,0,-0.32684,0.36444,0,0.70711,0.70711,0
1.34,-1.5675,0.1294,0.0013,2.0328,-0.0175,1.0006,0.0012,0,-0.33043,0.36431,0,0.70711,0.70711,0
1.35,-1.5675,0.1294,0.0013,2.0328,-0.0175,1.0006,0.0012,0,-0.33407,0.36417,0,0.70711,0.70711,0
1.36,-1.5675,0.1294,0.0013,2.0328,-0.0175,1.0006,0.0012,0,-0.33774,0.36403,0,0.70711,0.70711,0
1.37,-1.5675,0.1294,0.0013,2.0328,-0.0175,1.0006,0.0012,0,-0.34145,0.36388,0,0.70711,0.70711,0
1.38,-1.5675,0.1294,0.0013,2.0328,-0.0175,1.0006,0.0012,0,-0.34519,0.36373,0,0.70711,0.70711,0
1.39,-1.5675,0.1294,0.0013,2.0328,-0.0175,1.0006,0.0012,0,-0.34896,0.36358,0,0.70711,0.70711,0
1.4,-1.5675,0.1294,0.0013,2.0328,-0.0175,1.0006,0.0012,0,-0.35276,0.36342,0,0.70711,0.70711,0
1.41,-1.5675,0.1294,0.0013,2.0328,-0.0175,1.0006,0.0012,0,-0.35659,0.36325,0,0.70711,0.70711,0
1.42,-1.5675,0.1294,0.0013,2.0328,-0.0175,1.0006,0.0012,0,-0.36045,0.36309,0,0.70711,0.70711,0
1.43,-1.5675,0.1294,0.0013,2.0328,-0.0175,1.0006,0.0012,0,-0.36432,0.36291,0,0.70711,0.70711,0
1.44,-1.5675,0.1294,0.0013,2.0328,-0.0175,1.0006,0.0012,0,-0.36822,0.36274,0,0.70711,0.70711,0
1.45,-1.5675,0.1294,0.0013,2.0328,-0.0175,1.0006,0.0012,0,-0.37214,0.36256,0,0.70711,0.70711,0
1.46,-1.5675,0.1294,0.0013,2.0328,-0.0175,1.0006,0.0012,0,-0.37608,0.36237,0,0.70711,0.70711,0
1.47,-1.5675,0.1294,0.0013,2.0328,-0.0175,1.0006,0.0012,0,-0.38002,0.36218,0,0.70711,0.70711,0
1.48,-1.5675,0.1294,0.0013,2.0328,-0.0175,1.0006,0.0012,0,-0.38399,0.36199,0,0.70711,0.70711,0
1.49,-1.5675,0.1294,0.0013,2.0328,-0.0175,1.0006,0.0012,0,-0.38796,0.36179,0,0.70711,0.70711,0
1.5,-1.5675,0.1294,0.0013,2.0328,-0.0175,1.0006,0.0012,0,-0.39194,0.36159,0,0.70711,0.70711,0
1.51,-1.5675,0.1294,0.0013,2.0328,-0.0175,1.0006,0.0012,0,-0.39592,0.36139,0,0.70711,0.70711,0
1.52,-1.5675,0.1294,0.0013,2.0328,-0.0175,1.0006,0.0012,0,-0.39991,0.36118,0,0.70711,0.70711,0
1.53,-1.5675,0.1294,0.0013,2.0328,-0.0175,1.0006,0.0012,0,-0.4039,0.36097,0,0.70711,0.70711,0
1.54,-1.5675,0.1294,0.0013,2.0328,-0.0175,1.0006,0.0012,0,-0.40789,0.36075,0,0.70711,0.70711,0
1.55,-1.5675,0.1294,0.0013,2.0328,-0.0175,1.0006,0.0012,0,-0.41187,0.36053,0,0.70711,0.70711,0
1.56,-1.5675,0.1294,0.0013,2.0328,-0.0175,1.0006,0.0012,0,-0.41585,0.36031,0,0.70711,0.70711,0
1.57,-1.5675,0.1294,0.0013,2.0328,-0.0175,1.0006,0.0012,0,-0.41982,0.36009,0,0.70711,0.70711,0
1.58,-1.5675,0.1294,0.0013,2.0328,-0.0175,1.0006,0.0012,0,-0.42379,0.35986,0,0.70711,0.70711,0
1.59,-1.5675,0.1294,0.0013,2.0328,-0.0175,1.0006,0.0012,0,-0.42773,0.35963,0,0.70711,0.70711,0
1.6,-1.5675,0.1294,0.0013,2.0328,-0.0175,1.0006,0.0012,0,-0.43167,0.35939,0,0.70711,0.70711,0
1.61,-1.5675,0.1294,0.0013,2.0328,-0.0175,1.0006,0.0012,0,-0.43559,0.35915,0,0.70711,0.70711,0
1.62,-1.5675,0.1294,0.0013,2.0328,-0.0175,1.0006,0.0012,0,-0.43949,0.35891,0,0.70711,0.70711,0
1.63,-1.5675,0.1294,0.0013,2.0328,-0.0175,1.0006,0.0012,0,-0.44337,0.35867,0,0.70711,0.70711,0
1.64,-1.5675,0.1294,0.0013,2.0328,-0.0175,1.0006,0.0012,0,-0.44722,0.35842,0,0.70711,0.70711,0
1.65,-1.5675,0.1294,0.0013,2.0328,-0.0175,1.0006,0.0012,0,-0.45105,0.35817,0,0.70711,0.70711,0
1.66,-1.5675,0.1294,0.0013,2.0328,-0.0175,1.0006,0.0012,0,-0.45486,0.35792,0,0.70711,0.70711,0
1.67,-1.5675,0.1294,0.0013,2.0328,-0.0175,1.0006,0.0012,0,-0.45863,0.35766,0,0.70711,0.70711,0
1.68,-1.5675,0.1294,0.0013,2.0328,-0.0175,1.0006,0.0012,0,-0.46237,0.35741,0,0.70711,0.70711,0
1.69,-1.5675,0.1294,0.0013,2.0328,-0.0175,1.0006,0.0012,0,-0.46608,0.35715,0,0.70711,0.70711,0
1.7,-1.5675,0.1294,0.0013,2.0328,-0.0175,1.0006,0.0012,0,-0.46976,0.35689,0,0.70711,0.70711,0
1.71,-1.5675,0.1294,0.0013,2.0328,-0.0175,1.0006,0.0012,0,-0.47339,0.35662,0,0.70711,0.70711,0
1.72,-1.5675,0.1294,0.0013,2.0328,-0.0175,1.0006,0.0012,0,-0.47699,0.35635,0,0.70711,0.70711,0
1.73,-1.5675,0.1294,0.0013,2.0328,-0.0175,1.0006,0.0012,0,-0.48054,0.35609,0,0.70711,0.70711,0
1.74,-1.5675,0.1294,0.0013,2.0328,-0.0175,1.0006,0.0012,0,-0.48405,0.35581,0,0.70711,0.70711,0
1.75,-1.5675,0.1294,0.0013,2.0328,-0.0175,1.0006,0.0012,0,-0.48751,0.35554,0,0.70711,0.70711,0
1.76,-1.5675,0.1294,0.0013,2.0328,-0.0175,1.0006,0.0012,0,-0.49093,0.35527,0,0.70711,0.70711,0
1.77,-1.5675,0.1294,0.0013,2.0328,-0.0175,1.0006,0.0012,0,-0.4943,0.35499,0,0.70711,0.70711,0
1.78,-1.5675,0.1294,0.0013,2.0328,-0.0175,1.0006,0.0012,0,-0.49761,0.35471,0,0.70711,0.70711,0
1.79,-1.5675,0.1294,0.0013,2.0328,-0.0175,1.0006,0.0012,0,-0.50087,0.35443,0,0.70711,0.70711,0
1.8,-1.5675,0.1294,0.0013,2.0328,-0.0175,1.0006,0.0012,0,-0.50408,0.35415,0,0.70711,0.70711,0
1.81,-1.5675,0.1294,0.0013,2.0328,-0.0175,1.0006,0.0012,0,-0.50723,0.35387,0,0.70711,0.70711,0
1.82,-1.5675,0.1294,0.0013,2.0328,-0.0175,1.0006,0.0012,0,-0.51032,0.35359,0,0.70711,0.70711,0
1.83,-1.5675,0.1294,0.0013,2.0328,-0.0175,1.0006,0.0012,0,-0.51335,0.3533,0,0.70711,0.70711,0
1.84,-1.5675,0.1294,0.0013,2.0328,-0.0175,1.0006,0.0012,0,-0.51632,0.35302,0,0.70711,0.70711,0
1.85,-1.5675,0.1294,0.0013,2.0328,-0.0175,1.0006,0.0012,0,-0.51923,0.35273,0,0.70711,0.70711,0
1.86,-1.5675,0.1294,0.0013,2.0328,-0.0175,1.0006,0.0012,0,-0.52206,0.35244,0,0.70711,0.70711,0
1.87,-1.5675,0.1294,0.0013,2.0328,-0.0175,1.0006,0.0012,0,-0.52484,0.35215,0,0.70711,0.70711,0
1.88,-1.5675,0.1294,0.0013,2.0328,-0.0175,1.0006,0.0012,0,-0.52754,0.35187,0,0.70711,0.70711,0
1.89,-1.5675,0.1294,0.0013,2.0328,-0.0175,1.0006,0.0012,0,-0.53017,0.35158,0,0.70711,0.70711,0
1.9,-1.5675,0.1294,0.0013,2.0328,-0.0175,1.0006,0.0012,0,-0.53274,0.35129,0,0.70711,0.70711,0
1.91,-1.5675,0.1294,0.0013,2.0328,-0.0175,1.0006,0.0012,0,-0.53523,0.35099,0,0.70711,0.70711,0
1.92,-1.5675,0.1294,0.0013,2.0328,-0.0175,1.0006,0.0012,0,-0.53764,0.3507,0,0.70711,0.70711,0
1.93,-1.5675,0.1294,0.0013,2.0328,-0.0175,1.0006,0.0012,0,-0.53998,0.35041,0,0.70711,0.70711,0
1.94,-1.5675,0.1294,0.0013,2.0328,-0.0175,1.0006,0.0012,0,-0.54224,0.35012,0,0.70711,0.70711,0
1.95,-1.5675,0.1294,0.0013,2.0328,-0.0175,1.0006,0.0012,0,-0.54443,0.34983,0,0.70711,0.70711,0
1.96,-1.5675,0.1294,0.0013,2.0328,-0.0175,1.0006,0.0012,0,-0.54653,0.34954,0,0.70711,0.70711,0
1.97,-1.5675,0.1294,0.0013,2.0328,-0.0175,1.0006,0.0012,0,-0.54856,0.34924,0,0.70711,0.70711,0
1.98,-1.5675,0.1294,0.0013,2.0328,-0.0175,1.0006,0.0012,0,-0.5505,0.34895,0,0.70711,0.70711,0
1.99,-1.5675,0.1294,0.0013,2.0328,-0.0175,1.0006,0.0012,0,-0.55236,0.34866,0,0.70711,0.70711,0
2,-1.5675,0.1294,0.0013,2.0328,-0.0175,1.0006,0.0012,0,-0.55414,0.34837,0,0.70711,0.70711,0
2.01,-1.5675,0.1294,0.0013,2.0328,-0.0175,1.0006,0.0012,0,-0.55583,0.34808,0,0.70711,0.70711,0
2.02,-1.5675,0.1294,0.0013,2.0328,-0.0175,1.0006,0.0012,0,-0.55743,0.34779,0,0.70711,0.70711,0
2.03,-1.5675,0.1294,0.0013,2.0328,-0.0175,1.0006,0.0012,0,-0.55895,0.3475,0,0.70711,0.70711,0
2.04,-1.5675,0.1294,0.0013,2.0328,-0.0175,1.0006,0.0012,0,-0.56038,0.34721,0,0.70711,0.70711,0
2.05,-1.5675,0.1294,0.0013,2.0328,-0.0175,1.0006,0.0012,0,-0.56172,0.34693,0,0.70711,0.70711,0
2.06,-1.5675,0.1294,0.0013,2.0328,-0.0175,1.0006,0.0012,0,-0.56298,0.34664,0,0.70711,0.70711,0
2.07,-1.5675,0.1294,0.0013,2.0328,-0.0175,1.0006,0.0012,0,-0.56414,0.34635,0,0.70711,0.70711,0
2.08,-1.5675,0.1294,0.0013,2.0328,-0.0175,1.0006,0.0012,0,-0.56521,0.34607,0,0.70711,0.70711,0
2.09,-1.5675,0.1294,0.0013,2.0328,-0.0175,1.0006,0.0012,0,-0.5662,0.34579,0,0.70711,0.70711,0
2.1,-1.5675,0.1294,0.0013,2.0328,-0.0175,1.0006,0.0012,0,-0.56709,0.3455,0,0.70711,0.70711,0
2.11,-1.5675,0.1294,0.0013,2.0328,-0.0175,1.0006,0.0012,0,-0.56789,0.34522,0,0.70711,0.70711,0
2.12,-1.5675,0.1294,0.0013,2.0328,-0.0175,1.0006,0.0012,0,-0.56859,0.34494,0,0.70711,0.70711,0
2.13,-1.5675,0.1294,0.0013,2.0328,-0.0175,1.0006,0.0012,0,-0.5692,0.34467,0,0.70711,0.70711,0
2.14,-1.5675,0.1294,0.0013,2.0328,-0.0175,1.0006,0.0012,0,-0.56972,0.34439,0,0.70711,0.70711,0
2.15,-1.5675,0.1294,0.0013,2.0328,-0.0175,1.0006,0.0012,0,-0.57015,0.34412,0,0.70711,0.70711,0
2.16,-1.5675,0.1294,0.0013,2.0328,-0.0175,1.0006,0.0012,0,-0.57048,0.34384,0,0.70711,0.70711,0
2.17,-1.5675,0.1294,0.0013,2.0328,-0.0175,1.0006,0.0012,0,-0.57072,0.34357,0,0.70711,0.70711,0
2.18,-1.5675,0.1294,0.0013,2.0328,-0.0175,1.0006,0.0012,0,-0.57087,0.34331,0,0.70711,0.70711,0
2.19,-1.5675,0.1294,0.0013,2.0328,-0.0175,1.0006,0.0012,0,-0.57092,0.34304,0,0.70711,0.70711,0
2.2,-1.5675,0.1294,0.0013,2.0328,-0.0175,1.0006,0.0012,0,-0.57087,0.34278,0,0.70711,0.70711,0
2.21,-1.5675,0.1294,0.0013,2.0328,-0.0175,1.0006,0.0012,0,-0.57073,0.34251,0,0.70711,0.70711,0
2.22,-1.5675,0.1294,0.0013,2.0328,-0.0175,1.0006,0.0012,0,-0.5705,0.34225,0,0.70711,0.70711,0
2.23,-1.5675,0.1294,0.0013,2.0328,-0.0175,1.0006,0.0012,0,-0.57018,0.342,0,0.70711,0.70711,0
2.24,-1.5675,0.1294,0.0013,2.0328,-0.0175,1.0006,0.0012,0,-0.56976,0.34174,0,0.70711,0.70711,0
2.25,-1.5675,0.1294,0.0013,2.0328,-0.0175,1.0006,0.0012,0,-0.56924,0.34149,0,0.70711,0.70711,0
2.26,-1.5675,0.1294,0.0013,2.0328,-0.0175,1.0006,0.0012,0,-0.56864,0.34124,0,0.70711,0.70711,0
2.27,-1.5675,0.1294,0.0013,2.0328,-0.0175,1.0006,0.0012,0,-0.56794,0.341,0,0.70711,0.70711,0
2.28,-1.5675,0.1294,0.0013,2.0328,-0.0175,1.0006,0.0012,0,-0.56714,0.34075,0,0.70711,0.70711,0
2.29,-1.5675,0.1294,0.0013,2.0328,-0.0175,1.0006,0.0012,0,-0.56626,0.34051,0,0.70711,0.70711,0
2.3,-1.5675,0.1294,0.0013,2.0328,-0.0175,1.0006,0.0012,0,-0.56528,0.34027,0,0.70711,0.70711,0
2.31,-1.5675,0.1294,0.0013,2.0328,-0.0175,1.0006,0.0012,0,-0.56422,0.34004,0,0.70711,0.70711,0
2.32,-1.5675,0.1294,0.0013,2.0328,-0.0175,1.0006,0.0012,0,-0.56306,0.33981,0,0.70711,0.70711,0
2.33,-1.5675,0.1294,0.0013,2.0328,-0.0175,1.0006,0.0012,0,-0.56181,0.33958,0,0.70711,0.70711,0
2.34,-1.5675,0.1294,0.0013,2.0328,-0.0175,1.0006,0.0012,0,-0.56047,0.33936,0,0.70711,0.70711,0
2.35,-1.5675,0.1294,0.0013,2.0328,-0.0175,1.0006,0.0012,0,-0.55905,0.33913,0,0.70711,0.70711,0
2.36,-1.5675,0.1294,0.0013,2.0328,-0.0175,1.0006,0.0012,0,-0.55754,0.33892,0,0.70711,0.70711,0
2.37,-1.5675,0.1294,0.0013,2.0328,-0.0175,1.0006,0.0012,0,-0.55594,0.3387,0,0.70711,0.70711,0
2.38,-1.5675,0.1294,0.0013,2.0328,-0.0175,1.0006,0.0012,0,-0.55425,0.33849,0,0.70711,0.70711,0
2.39,-1.5675,0.1294,0.0013,2.0328,-0.0175,1.0006,0.0012,0,-0.55248,0.33828,0,0.70711,0.70711,0
2.4,-1.5675,0.1294,0.0013,2.0328,-0.0175,1.0006,0.0012,0,-0.55063,0.33808,0,0.70711,0.70711,0
2.41,-1.5675,0.1294,0.0013,2.0328,-0.0175,1.0006,0.0012,0,-0.54869,0.33788,0,0.70711,0.70711,0
2.42,-1.5675,0.1294,0.0013,2.0328,-0.0175,1.0006,0.0012,0,-0.54667,0.33768,0,0.70711,0.70711,0
2.43,-1.5675,0.1294,0.0013,2.0328,-0.0175,1.0006,0.0012,0,-0.54457,0.33749,0,0.70711,0.70711,0
2.44,-1.5675,0.1294,0.0013,2.0328,-0.0175,1.0006,0.0012,0,-0.54239,0.3373,0,0.70711,0.70711,0
2.45,-1.5675,0.1294,0.0013,2.0328,-0.0175,1.0006,0.0012,0,-0.54014,0.33712,0,0.70711,0.70711,0
2.46,-1.5675,0.1294,0.0013,2.0328,-0.0175,1.0006,0.0012,0,-0.5378,0.33694,0,0.70711,0.70711,0
2.47,-1.5675,0.1294,0.0013,2.0328,-0.0175,1.0006,0.0012,0,-0.53539,0.33676,0,0.70711,0.70711,0
2.48,-1.5675,0.1294,0.0013,2.0328,-0.0175,1.0006,0.0012,0,-0.53291,0.33659,0,0.70711,0.70711,0
2.49,-1.5675,0.1294,0.0013,2.0328,-0.0175,1.0006,0.0012,0,-0.53035,0.33642,0,0.70711,0.70711,0
2.5,-1.5675,0.1294,0.0013,2.0328,-0.0175,1.0006,0.0012,0,-0.52772,0.33626,0,0.70711,0.70711,0
2.51,-1.5675,0.1294,0.0013,2.0328,-0.0175,1.0006,0.0012,0,-0.52502,0.3361,0,0.70711,0.70711,0
2.52,-1.5675,0.1294,0.0013,2.0328,-0.0175,1.0006,0.0012,0,-0.52225,0.33595,0,0.70711,0.70711,0
2.53,-1.5675,0.1294,0.0013,2.0328,-0.0175,1.0006,0.0012,0,-0.51942,0.3358,0,0.70711,0.70711,0
2.54,-1.5675,0.1294,0.0013,2.0328,-0.0175,1.0006,0.0012,0,-0.51652,0.33565,0,0.70711,0.70711,0
2.55,-1.5675,0.1294,0.0013,2.0328,-0.0175,1.0006,0.0012,0,-0.51356,0.33551,0,0.70711,0.70711,0
2.56,-1.5675,0.1294,0.0013,2.0328,-0.0175,1.0006,0.0012,0,-0.51053,0.33538,0,0.70711,0.70711,0
2.57,-1.5675,0.1294,0.0013,2.0328,-0.0175,1.0006,0.0012,0,-0.50744,0.33524,0,0.70711,0.70711,0
2.58,-1.5675,0.1294,0.0013,2.0328,-0.0175,1.0006,0.0012,0,-0.5043,0.33512,0,0.70711,0.70711,0
2.59,-1.5675,0.1294,0.0013,2.0328,-0.0175,1.0006,0.0012,0,-0.50109,0.335,0,0.70711,0.70711,0
2.6,-1.5675,0.1294,0.0013,2.0328,-0.0175,1.0006,0.0012,0,-0.49784,0.33488,0,0.70711,0.70711,0
2.61,-1.5675,0.1294,0.0013,2.0328,-0.0175,1.0006,0.0012,0,-0.49452,0.33477,0,0.70711,0.70711,0
2.62,-1.5675,0.1294,0.0013,2.0328,-0.0175,1.0006,0.0012,0,-0.49116,0.33466,0,0.70711,0.70711,0
2.63,-1.5675,0.1294,0.0013,2.0328,-0.0175,1.0006,0.0012,0,-0.48775,0.33455,0,0.70711,0.70711,0
2.64,-1.5675,0.1294,0.0013,2.0328,-0.0175,1.0006,0.0012,0,-0.48429,0.33446,0,0.70711,0.70711,0
2.65,-1.5675,0.1294,0.0013,2.0328,-0.0175,1.0006,0.0012,0,-0.48078,0.33436,0,0.70711,0.70711,0
2.66,-1.5675,0.1294,0.0013,2.0328,-0.0175,1.0006,0.0012,0,-0.47723,0.33428,0,0.70711,0.70711,0
2.67,-1.5675,0.1294,0.0013,2.0328,-0.0175,1.0006,0.0012,0,-0.47364,0.33419,0,0.70711,0.70711,0
2.68,-1.5675,0.1294,0.0013,2.0328,-0.0175,1.0006,0.0012,0,-0.47,0.33411,0,0.70711,0.70711,0
2.69,-1.5675,0.1294,0.0013,2.0328,-0.0175,1.0006,0.0012,0,-0.46633,0.33404,0,0.70711,0.70711,0
2.7,-1.5675,0.1294,0.0013,2.0328,-0.0175,1.0006,0.0012,0,-0.46263,0.33397,0,0.70711,0.70711,0
2.71,-1.5675,0.1294,0.0013,2.0328,-0.0175,1.0006,0.0012,0,-0.45889,0.33391,0,0.70711,0.70711,0
2.72,-1.5675,0.1294,0.0013,2.0328,-0.0175,1.0006,0.0012,0,-0.45512,0.33385,0,0.70711,0.70711,0
2.73,-1.5675,0.1294,0.0013,2.0328,-0.0175,1.0006,0.0012,0,-0.45131,0.3338,0,0.70711,0.70711,0
2.74,-1.5675,0.1294,0.0013,2.0328,-0.0175,1.0006,0.0012,0,-0.44749,0.33375,0,0.70711,0.70711,0
2.75,-1.5675,0.1294,0.0013,2.0328,-0.0175,1.0006,0.0012,0,-0.44363,0.33371,0,0.70711,0.70711,0
2.76,-1.5675,0.1294,0.0013,2.0328,-0.0175,1.0006,0.0012,0,-0.43975,0.33367,0,0.70711,0.70711,0
2.77,-1.5675,0.1294,0.0013,2.0328,-0.0175,1.0006,0.0012,0,-0.43585,0.33364,0,0.70711,0.70711,0
2.78,-1.5675,0.1294,0.0013,2.0328,-0.0175,1.0006,0.0012,0,-0.43194,0.33361,0,0.70711,0.70711,0
2.79,-1.5675,0.1294,0.0013,2.0328,-0.0175,1.0006,0.0012,0,-0.428,0.33359,0,0.70711,0.70711,0
2.8,-1.5675,0.1294,0.0013,2.0328,-0.0175,1.0006,0.0012,0,-0.42405,0.33358,0,0.70711,0.70711,0
2.81,-1.5675,0.1294,0.0013,2.0328,-0.0175,1.0006,0.0012,0,-0.42009,0.33357,0,0.70711,0.70711,0
2.82,-1.5675,0.1294,0.0013,2.0328,-0.0175,1.0006,0.0012,0,-0.41612,0.33356,0,0.70711,0.70711,0
2.83,-1.5675,0.1294,0.0013,2.0328,-0.0175,1.0006,0.0012,0,-0.41214,0.33356,0,0.70711,0.70711,0
2.84,-1.5675,0.1294,0.0013,2.0328,-0.0175,1.0006,0.0012,0,-0.40816,0.33356,0,0.70711,0.70711,0
2.85,-1.5675,0.1294,0.0013,2.0328,-0.0175,1.0006,0.0012,0,-0.40417,0.33357,0,0.70711,0.70711,0
2.86,-1.5675,0.1294,0.0013,2.0328,-0.0175,1.0006,0.0012,0,-0.40018,0.33359,0,0.70711,0.70711,0
2.87,-1.5675,0.1294,0.0013,2.0328,-0.0175,1.0006,0.0012,0,-0.39619,0.33361,0,0.70711,0.70711,0
2.88,-1.5675,0.1294,0.0013,2.0328,-0.0175,1.0006,0.0012,0,-0.39221,0.33363,0,0.70711,0.70711,0
2.89,-1.5675,0.1294,0.0013,2.0328,-0.0175,1.0006,0.0012,0,-0.38823,0.33367,0,0.70711,0.70711,0
2.9,-1.5675,0.1294,0.0013,2.0328,-0.0175,1.0006,0.0012,0,-0.38426,0.3337,0,0.70711,0.70711,0
2.91,-1.5675,0.1294,0.0013,2.0328,-0.0175,1.0006,0.0012,0,-0.38029,0.33374,0,0.70711,0.70711,0
2.92,-1.5675,0.1294,0.0013,2.0328,-0.0175,1.0006,0.0012,0,-0.37634,0.33379,0,0.70711,0.70711,0
2.93,-1.5675,0.1294,0.0013,2.0328,-0.0175,1.0006,0.0012,0,-0.37241,0.33384,0,0.70711,0.70711,0
2.94,-1.5675,0.1294,0.0013,2.0328,-0.0175,1.0006,0.0012,0,-0.36849,0.3339,0,0.70711,0.70711,0
2.95,-1.5675,0.1294,0.0013,2.0328,-0.0175,1.0006,0.0012,0,-0.36459,0.33396,0,0.70711,0.70711,0
2.96,-1.5675,0.1294,0.0013,2.0328,-0.0175,1.0006,0.0012,0,-0.36071,0.33403,0,0.70711,0.70711,0
2.97,-1.5675,0.1294,0.0013,2.0328,-0.0175,1.0006,0.0012,0,-0.35685,0.3341,0,0.70711,0.70711,0
2.98,-1.5675,0.1294,0.0013,2.0328,-0.0175,1.0006,0.0012,0,-0.35302,0.33417,0,0.70711,0.70711,0
2.99,-1.5675,0.1294,0.0013,2.0328,-0.0175,1.0006,0.0012,0,-0.34922,0.33426,0,0.70711,0.70711,0
3,-1.5675,0.1294,0.0013,2.0328,-0.0175,1.0006,0.0012,0,-0.34544,0.33434,0,0.70711,0.70711,0
3.01,-1.5675,0.1294,0.0013,2.0328,-0.0175,1.0006,0.0012,0,-0.3417,0.33443,0,0.70711,0.70711,0
3.02,-1.5675,0.1294,0.0013,2.0328,-0.0175,1.0006,0.0012,0,-0.33799,0.33453,0,0.70711,0.70711,0
3.03,-1.5675,0.1294,0.0013,2.0328,-0.0175,1.0006,0.0012,0,-0.33432,0.33463,0,0.70711,0.70711,0
3.04,-1.5675,0.1294,0.0013,2.0328,-0.0175,1.0006,0.0012,0,-0.33068,0.33474,0,0.70711,0.70711,0
3.05,-1.5675,0.1294,0.0013,2.0328,-0.0175,1.0006,0.0012,0,-0.32708,0.33485,0,0.70711,0.70711,0
3.06,-1.5675,0.1294,0.0013,2.0328,-0.0175,1.0006,0.0012,0,-0.32353,0.33497,0,0.70711,0.70711,0
3.07,-1.5675,0.1294,0.0013,2.0328,-0.0175,1.0006,0.0012,0,-0.32002,0.33509,0,0.70711,0.70711,0
3.08,-1.5675,0.1294,0.0013,2.0328,-0.0175,1.0006,0.0012,0,-0.31655,0.33521,0,0.70711,0.70711,0
3.09,-1.5675,0.1294,0.0013,2.0328,-0.0175,1.0006,0.0012,0,-0.31314,0.33534,0,0.70711,0.70711,0
3.1,-1.5675,0.1294,0.0013,2.0328,-0.0175,1.0006,0.0012,0,-0.30977,0.33548,0,0.70711,0.70711,0
3.11,-1.5675,0.1294,0.0013,2.0328,-0.0175,1.0006,0.0012,0,-0.30645,0.33562,0,0.70711,0.70711,0
3.12,-1.5675,0.1294,0.0013,2.0328,-0.0175,1.0006,0.0012,0,-0.30319,0.33576,0,0.70711,0.70711,0
3.13,-1.5675,0.1294,0.0013,2.0328,-0.0175,1.0006,0.0012,0,-0.29998,0.33591,0,0.70711,0.70711,0
3.14,-1.5675,0.1294,0.0013,2.0328,-0.0175,1.0006,0.0012,0,-0.29683,0.33607,0,0.70711,0.70711,0
3.15,-1.5675,0.1294,0.0013,2.0328,-0.0175,1.0006,0.0012,0,-0.29374,0.33622,0,0.70711,0.70711,0
3.16,-1.5675,0.1294,0.0013,2.0328,-0.0175,1.0006,0.0012,0,-0.29071,0.33639,0,0.70711,0.70711,0
3.17,-1.5675,0.1294,0.0013,2.0328,-0.0175,1.0006,0.0012,0,-0.28774,0.33655,0,0.70711,0.70711,0
3.18,-1.5675,0.1294,0.0013,2.0328,-0.0175,1.0006,0.0012,0,-0.28483,0.33672,0,0.70711,0.70711,0
3.19,-1.5675,0.1294,0.0013,2.0328,-0.0175,1.0006,0.0012,0,-0.28199,0.3369,0,0.70711,0.70711,0
3.2,-1.5675,0.1294,0.0013,2.0328,-0.0175,1.0006,0.0012,0,-0.27921,0.33708,0,0.70711,0.70711,0
3.21,-1.5675,0.1294,0.0013,2.0328,-0.0175,1.0006,0.0012,0,-0.27651,0.33726,0,0.70711,0.70711,0
3.22,-1.5675,0.1294,0.0013,2.0328,-0.0175,1.0006,0.0012,0,-0.27387,0.33745,0,0.70711,0.70711,0
3.23,-1.5675,0.1294,0.0013,2.0328,-0.0175,1.0006,0.0012,0,-0.27131,0.33764,0,0.70711,0.70711,0
3.24,-1.5675,0.1294,0.0013,2.0328,-0.0175,1.0006,0.0012,0,-0.26882,0.33783,0,0.70711,0.70711,0
3.25,-1.5675,0.1294,0.0013,2.0328,-0.0175,1.0006,0.0012,0,-0.2664,0.33803,0,0.70711,0.70711,0
3.26,-1.5675,0.1294,0.0013,2.0328,-0.0175,1.0006,0.0012,0,-0.26406,0.33824,0,0.70711,0.70711,0
3.27,-1.5675,0.1294,0.0013,2.0328,-0.0175,1.0006,0.0012,0,-0.2618,0.33844,0,0.70711,0.70711,0
3.28,-1.5675,0.1294,0.0013,2.0328,-0.0175,1.0006,0.0012,0,-0.25961,0.33865,0,0.70711,0.70711,0
3.29,-1.5675,0.1294,0.0013,2.0328,-0.0175,1.0006,0.0012,0,-0.2575,0.33887,0,0.70711,0.70711,0
3.3,-1.5675,0.1294,0.0013,2.0328,-0.0175,1.0006,0.0012,0,-0.25548,0.33908,0,0.70711,0.70711,0
3.31,-1.5675,0.1294,0.0013,2.0328,-0.0175,1.0006,0.0012,0,-0.25353,0.3393,0,0.70711,0.70711,0
3.32,-1.5675,0.1294,0.0013,2.0328,-0.0175,1.0006,0.0012,0,-0.25167,0.33953,0,0.70711,0.70711,0
3.33,-1.5675,0.1294,0.0013,2.0328,-0.0175,1.0006,0.0012,0,-0.24989,0.33976,0,0.70711,0.70711,0
3.34,-1.5675,0.1294,0.0013,2.0328,-0.0175,1.0006,0.0012,0,-0.2482,0.33999,0,0.70711,0.70711,0
3.35,-1.5675,0.1294,0.0013,2.0328,-0.0175,1.0006,0.0012,0,-0.24659,0.34022,0,0.70711,0.70711,0
3.36,-1.5675,0.1294,0.0013,2.0328,-0.0175,1.0006,0.0012,0,-0.24507,0.34046,0,0.70711,0.70711,0
3.37,-1.5675,0.1294,0.0013,2.0328,-0.0175,1.0006,0.0012,0,-0.24364,0.3407,0,0.70711,0.70711,0
3.38,-1.5675,0.1294,0.0013,2.0328,-0.0175,1.0006,0.0012,0,-0.2423,0.34094,0,0.70711,0.70711,0
3.39,-1.5675,0.1294,0.0013,2.0328,-0.0175,1.0006,0.0012,0,-0.24104,0.34119,0,0.70711,0.70711,0
3.4,-1.5675,0.1294,0.0013,2.0328,-0.0175,1.0006,0.0012,0,-0.23987,0.34143,0,0.70711,0.70711,0
3.41,-1.5675,0.1294,0.0013,2.0328,-0.0175,1.0006,0.0012,0,-0.2388,0.34169,0,0.70711,0.70711,0
3.42,-1.5675,0.1294,0.0013,2.0328,-0.0175,1.0006,0.0012,0,-0.23781,0.34194,0,0.70711,0.70711,0
3.43,-1.5675,0.1294,0.0013,2.0328,-0.0175,1.0006,0.0012,0,-0.23692,0.3422,0,0.70711,0.70711,0
3.44,-1.5675,0.1294,0.0013,2.0328,-0.0175,1.0006,0.0012,0,-0.23612,0.34245,0,0.70711,0.70711,0
3.45,-1.5675,0.1294,0.0013,2.0328,-0.0175,1.0006,0.0012,0,-0.23541,0.34272,0,0.70711,0.70711,0
3.46,-1.5675,0.1294,0.0013,2.0328,-0.0175,1.0006,0.0012,0,-0.2348,0.34298,0,0.70711,0.70711,0
3.47,-1.5675,0.1294,0.0013,2.0328,-0.0175,1.0006,0.0012,0,-0.23428,0.34324,0,0.70711,0.70711,0
3.48,-1.5675,0.1294,0.0013,2.0328,-0.0175,1.0006,0.0012,0,-0.23385,0.34351,0,0.70711,0.70711,0
3.49,-1.5675,0.1294,0.0013,2.0328,-0.0175,1.0006,0.0012,0,-0.23351,0.34378,0,0.70711,0.70711,0
3.5,-1.5675,0.1294,0.0013,2.0328,-0.0175,1.0006,0.0012,0,-0.23327,0.34405,0,0.70711,0.70711,0
3.51,-1.5675,0.1294,0.0013,2.0328,-0.0175,1.0006,0.0012,0,-0.23313,0.34433,0,0.70711,0.70711,0
3.52,-1.5675,0.1294,0.0013,2.0328,-0.0175,1.0006,0.0012,0,-0.23307,0.3446,0,0.70711,0.70711,0
3.53,-1.5675,0.1294,0.0013,2.0328,-0.0175,1.0006,0.0012,0,-0.23311,0.34488,0,0.70711,0.70711,0
3.54,-1.5675,0.1294,0.0013,2.0328,-0.0175,1.0006,0.0012,0,-0.23325,0.34516,0,0.70711,0.70711,0
3.55,-1.5675,0.1294,0.0013,2.0328,-0.0175,1.0006,0.0012,0,-0.23348,0.34544,0,0.70711,0.70711,0
3.56,-1.5675,0.1294,0.0013,2.0328,-0.0175,1.0006,0.0012,0,-0.2338,0.34572,0,0.70711,0.70711,0
3.57,-1.5675,0.1294,0.0013,2.0328,-0.0175,1.0006,0.0012,0,-0.23422,0.346,0,0.70711,0.70711,0
3.58,-1.5675,0.1294,0.0013,2.0328,-0.0175,1.0006,0.0012,0,-0.23473,0.34629,0,0.70711,0.70711,0
3.59,-1.5675,0.1294,0.0013,2.0328,-0.0175,1.0006,0.0012,0,-0.23534,0.34657,0,0.70711,0.70711,0
3.6,-1.5675,0.1294,0.0013,2.0328,-0.0175,1.0006,0.0012,0,-0.23604,0.34686,0,0.70711,0.70711,0
3.61,-1.5675,0.1294,0.0013,2.0328,-0.0175,1.0006,0.0012,0,-0.23683,0.34715,0,0.70711,0.70711,0
3.62,-1.5675,0.1294,0.0013,2.0328,-0.0175,1.0006,0.0012,0,-0.23771,0.34743,0,0.70711,0.70711,0
3.63,-1.5675,0.1294,0.0013,2.0328,-0.0175,1.0006,0.0012,0,-0.23868,0.34772,0,0.70711,0.70711,0
3.64,-1.5675,0.1294,0.0013,2.0328,-0.0175,1.0006,0.0012,0,-0.23975,0.34801,0,0.70711,0.70711,0
3.65,-1.5675,0.1294,0.0013,2.0328,-0.0175,1.0006,0.0012,0,-0.2409,0.3483,0,0.70711,0.70711,0
3.66,-1.5675,0.1294,0.0013,2.0328,-0.0175,1.0006,0.0012,0,-0.24215,0.34859,0,0.70711,0.70711,0
3.67,-1.5675,0.1294,0.0013,2.0328,-0.0175,1.0006,0.0012,0,-0.24348,0.34889,0,0.70711,0.70711,0
3.68,-1.5675,0.1294,0.0013,2.0328,-0.0175,1.0006,0.0012,0,-0.24491,0.34918,0,0.70711,0.70711,0
3.69,-1.5675,0.1294,0.0013,2.0328,-0.0175,1.0006,0.0012,0,-0.24642,0.34947,0,0.70711,0.70711,0
3.7,-1.5675,0.1294,0.0013,2.0328,-0.0175,1.0006,0.0012,0,-0.24801,0.34976,0,0.70711,0.70711,0
3.71,-1.5675,0.1294,0.0013,2.0328,-0.0175,1.0006,0.0012,0,-0.2497,0.35005,0,0.70711,0.70711,0
3.72,-1.5675,0.1294,0.0013,2.0328,-0.0175,1.0006,0.0012,0,-0.25147,0.35034,0,0.70711,0.70711,0
3.73,-1.5675,0.1294,0.0013,2.0328,-0.0175,1.0006,0.0012,0,-0.25332,0.35064,0,0.70711,0.70711,0
3.74,-1.5675,0.1294,0.0013,2.0328,-0.0175,1.0006,0.0012,0,-0.25525,0.35093,0,0.70711,0.70711,0
3.75,-1.5675,0.1294,0.0013,2.0328,-0.0175,1.0006,0.0012,0,-0.25727,0.35122,0,0.70711,0.70711,0
3.76,-1.5675,0.1294,0.0013,2.0328,-0.0175,1.0006,0.0012,0,-0.25937,0.35151,0,0.70711,0.70711,0
3.77,-1.5675,0.1294,0.0013,2.0328,-0.0175,1.0006,0.0012,0,-0.26154,0.3518,0,0.70711,0.70711,0
3.78,-1.5675,0.1294,0.0013,2.0328,-0.0175,1.0006,0.0012,0,-0.2638,0.35209,0,0.70711,0.70711,0
3.79,-1.5675,0.1294,0.0013,2.0328,-0.0175,1.0006,0.0012,0,-0.26613,0.35238,0,0.70711,0.70711,0
3.8,-1.5675,0.1294,0.0013,2.0328,-0.0175,1.0006,0.0012,0,-0.26854,0.35266,0,0.70711,0.70711,0
3.81,-1.5675,0.1294,0.0013,2.0328,-0.0175,1.0006,0.0012,0,-0.27102,0.35295,0,0.70711,0.70711,0
3.82,-1.5675,0.1294,0.0013,2.0328,-0.0175,1.0006,0.0012,0,-0.27358,0.35324,0,0.70711,0.70711,0
3.83,-1.5675,0.1294,0.0013,2.0328,-0.0175,1.0006,0.0012,0,-0.27621,0.35352,0,0.70711,0.70711,0
3.84,-1.5675,0.1294,0.0013,2.0328,-0.0175,1.0006,0.0012,0,-0.2789,0.35381,0,0.70711,0.70711,0
3.85,-1.5675,0.1294,0.0013,2.0328,-0.0175,1.0006,0.0012,0,-0.28167,0.35409,0,0.70711,0.70711,0
3.86,-1.5675,0.1294,0.0013,2.0328,-0.0175,1.0006,0.0012,0,-0.2845,0.35437,0,0.70711,0.70711,0
3.87,-1.5675,0.1294,0.0013,2.0328,-0.0175,1.0006,0.0012,0,-0.2874,0.35465,0,0.70711,0.70711,0
3.88,-1.5675,0.1294,0.0013,2.0328,-0.0175,1.0006,0.0012,0,-0.29037,0.35493,0,0.70711,0.70711,0
3.89,-1.5675,0.1294,0.0013,2.0328,-0.0175,1.0006,0.0012,0,-0.29339,0.3552,0,0.70711,0.70711,0
3.9,-1.5675,0.1294,0.0013,2.0328,-0.0175,1.0006,0.0012,0,-0.29648,0.35548,0,0.70711,0.70711,0
3.91,-1.5675,0.1294,0.0013,2.0328,-0.0175,1.0006,0.0012,0,-0.29962,0.35575,0,0.70711,0.70711,0
3.92,-1.5675,0.1294,0.0013,2.0328,-0.0175,1.0006,0.0012,0,-0.30282,0.35602,0,0.70711,0.70711,0
3.93,-1.5675,0.1294,0.0013,2.0328,-0.0175,1.0006,0.0012,0,-0.30608,0.35629,0,0.70711,0.70711,0
3.94,-1.5675,0.1294,0.0013,2.0328,-0.0175,1.0006,0.0012,0,-0.30939,0.35656,0,0.70711,0.70711,0
3.95,-1.5675,0.1294,0.0013,2.0328,-0.0175,1.0006,0.0012,0,-0.31275,0.35682,0,0.70711,0.70711,0
3.96,-1.5675,0.1294,0.0013,2.0328,-0.0175,1.0006,0.0012,0,-0.31616,0.35709,0,0.70711,0.70711,0
3.97,-1.5675,0.1294,0.0013,2.0328,-0.0175,1.0006,0.0012,0,-0.31962,0.35735,0,0.70711,0.70711,0
3.98,-1.5675,0.1294,0.0013,2.0328,-0.0175,1.0006,0.0012,0,-0.32313,0.35761,0,0.70711,0.70711,0
3.99,-1.5675,0.1294,0.0013,2.0328,-0.0175,1.0006,0.0012,0,-0.32668,0.35786,0,0.70711,0.70711,0
4,-1.5675,0.1294,0.0013,2.0328,-0.0175,1.0006,0.0012,0,-0.33027,0.35811,0,0.70711,0.70711,0
4.01,-1.5675,0.1294,0.0013,2.0328,-0.0175,1.0006,0.0012,0,-0.3339,0.35836,0,0.70711,0.70711,0
4.02,-1.5675,0.1294,0.0013,2.0328,-0.0175,1.0006,0.0012,0,-0.33757,0.35861,0,0.70711,0.70711,0
4.03,-1.5675,0.1294,0.0013,2.0328,-0.0175,1.0006,0.0012,0,-0.34128,0.35886,0,0.70711,0.70711,0
4.04,-1.5675,0.1294,0.0013,2.0328,-0.0175,1.0006,0.0012,0,-0.34502,0.3591,0,0.70711,0.70711,0
4.05,-1.5675,0.1294,0.0013,2.0328,-0.0175,1.0006,0.0012,0,-0.34879,0.35934,0,0.70711,0.70711,0
4.06,-1.5675,0.1294,0.0013,2.0328,-0.0175,1.0006,0.0012,0,-0.35259,0.35957,0,0.70711,0.70711,0
4.07,-1.5675,0.1294,0.0013,2.0328,-0.0175,1.0006,0.0012,0,-0.35642,0.35981,0,0.70711,0.70711,0
4.08,-1.5675,0.1294,0.0013,2.0328,-0.0175,1.0006,0.0012,0,-0.36027,0.36003,0,0.70711,0.70711,0
4.09,-1.5675,0.1294,0.0013,2.0328,-0.0175,1.0006,0.0012,0,-0.36415,0.36026,0,0.70711,0.70711,0
4.1,-1.5675,0.1294,0.0013,2.0328,-0.0175,1.0006,0.0012,0,-0.36805,0.36048,0,0.70711,0.70711,0
4.11,-1.5675,0.1294,0.0013,2.0328,-0.0175,1.0006,0.0012,0,-0.37196,0.3607,0,0.70711,0.70711,0
4.12,-1.5675,0.1294,0.0013,2.0328,-0.0175,1.0006,0.0012,0,-0.3759,0.36092,0,0.70711,0.70711,0
4.13,-1.5675,0.1294,0.0013,2.0328,-0.0175,1.0006,0.0012,0,-0.37985,0.36113,0,0.70711,0.70711,0
4.14,-1.5675,0.1294,0.0013,2.0328,-0.0175,1.0006,0.0012,0,-0.38381,0.36134,0,0.70711,0.70711,0
4.15,-1.5675,0.1294,0.0013,2.0328,-0.0175,1.0006,0.0012,0,-0.38778,0.36155,0,0.70711,0.70711,0
4.16,-1.5675,0.1294,0.0013,2.0328,-0.0175,1.0006,0.0012,0,-0.39176,0.36175,0,0.70711,0.70711,0
4.17,-1.5675,0.1294,0.0013,2.0328,-0.0175,1.0006,0.0012,0,-0.39574,0.36194,0,0.70711,0.70711,0
4.18,-1.5675,0.1294,0.0013,2.0328,-0.0175,1.0006,0.0012,0,-0.39973,0.36214,0,0.70711,0.70711,0
4.19,-1.5675,0.1294,0.0013,2.0328,-0.0175,1.0006,0.0012,0,-0.40372,0.36233,0,0.70711,0.70711,0
4.2,-1.5675,0.1294,0.0013,2.0328,-0.0175,1.0006,0.0012,0,-0.40771,0.36251,0,0.70711,0.70711,0
4.21,-1.5675,0.1294,0.0013,2.0328,-0.0175,1.0006,0.0012,0,-0.41169,0.3627,0,0.70711,0.70711,0
4.22,-1.5675,0.1294,0.0013,2.0328,-0.0175,1.0006,0.0012,0,-0.41567,0.36287,0,0.70711,0.70711,0
4.23,-1.5675,0.1294,0.0013,2.0328,-0.0175,1.0006,0.0012,0,-0.41964,0.36305,0,0.70711,0.70711,0
4.24,-1.5675,0.1294,0.0013,2.0328,-0.0175,1.0006,0.0012,0,-0.42361,0.36322,0,0.70711,0.70711,0
4.25,-1.5675,0.1294,0.0013,2.0328,-0.0175,1.0006,0.0012,0,-0.42756,0.36338,0,0.70711,0.70711,0
4.26,-1.5675,0.1294,0.0013,2.0328,-0.0175,1.0006,0.0012,0,-0.43149,0.36354,0,0.70711,0.70711,0
4.27,-1.5675,0.1294,0.0013,2.0328,-0.0175,1.0006,0.0012,0,-0.43541,0.3637,0,0.70711,0.70711,0
4.28,-1.5675,0.1294,0.0013,2.0328,-0.0175,1.0006,0.0012,0,-0.43931,0.36385,0,0.70711,0.70711,0
4.29,-1.5675,0.1294,0.0013,2.0328,-0.0175,1.0006,0.0012,0,-0.44319,0.364,0,0.70711,0.70711,0
4.3,-1.5675,0.1294,0.0013,2.0328,-0.0175,1.0006,0.0012,0,-0.44705,0.36414,0,0.70711,0.70711,0
4.31,-1.5675,0.1294,0.0013,2.0328,-0.0175,1.0006,0.0012,0,-0.45088,0.36428,0,0.70711,0.70711,0
4.32,-1.5675,0.1294,0.0013,2.0328,-0.0175,1.0006,0.0012,0,-0.45469,0.36441,0,0.70711,0.70711,0
4.33,-1.5675,0.1294,0.0013,2.0328,-0.0175,1.0006,0.0012,0,-0.45846,0.36454,0,0.70711,0.70711,0
4.34,-1.5675,0.1294,0.0013,2.0328,-0.0175,1.0006,0.0012,0,-0.46221,0.36466,0,0.70711,0.70711,0
4.35,-1.5675,0.1294,0.0013,2.0328,-0.0175,1.0006,0.0012,0,-0.46592,0.36478,0,0.70711,0.70711,0
4.36,-1.5675,0.1294,0.0013,2.0328,-0.0175,1.0006,0.0012,0,-0.46959,0.3649,0,0.70711,0.70711,0
4.37,-1.5675,0.1294,0.0013,2.0328,-0.0175,1.0006,0.0012,0,-0.47323,0.36501,0,0.70711,0.70711,0
4.38,-1.5675,0.1294,0.0013,2.0328,-0.0175,1.0006,0.0012,0,-0.47682,0.36511,0,0.70711,0.70711,0
4.39,-1.5675,0.1294,0.0013,2.0328,-0.0175,1.0006,0.0012,0,-0.48038,0.36521,0,0.70711,0.70711,0
4.4,-1.5675,0.1294,0.0013,2.0328,-0.0175,1.0006,0.0012,0,-0.48389,0.36531,0,0.70711,0.70711,0
4.41,-1.5675,0.1294,0.0013,2.0328,-0.0175,1.0006,0.0012,0,-0.48736,0.3654,0,0.70711,0.70711,0
4.42,-1.5675,0.1294,0.0013,2.0328,-0.0175,1.0006,0.0012,0,-0.49078,0.36548,0,0.70711,0.70711,0
4.43,-1.5675,0.1294,0.0013,2.0328,-0.0175,1.0006,0.0012,0,-0.49415,0.36556,0,0.70711,0.70711,0
4.44,-1.5675,0.1294,0.0013,2.0328,-0.0175,1.0006,0.0012,0,-0.49746,0.36564,0,0.70711,0.70711,0
4.45,-1.5675,0.1294,0.0013,2.0328,-0.0175,1.0006,0.0012,0,-0.50073,0.36571,0,0.70711,0.70711,0
4.46,-1.5675,0.1294,0.0013,2.0328,-0.0175,1.0006,0.0012,0,-0.50394,0.36577,0,0.70711,0.70711,0
4.47,-1.5675,0.1294,0.0013,2.0328,-0.0175,1.0006,0.0012,0,-0.50709,0.36583,0,0.70711,0.70711,0
4.48,-1.5675,0.1294,0.0013,2.0328,-0.0175,1.0006,0.0012,0,-0.51018,0.36589,0,0.70711,0.70711,0
4.49,-1.5675,0.1294,0.0013,2.0328,-0.0175,1.0006,0.0012,0,-0.51322,0.36594,0,0.70711,0.70711,0
4.5,-1.5675,0.1294,0.0013,2.0328,-0.0175,1.0006,0.0012,0,-0.51619,0.36598,0,0.70711,0.70711,0
4.51,-1.5675,0.1294,0.0013,2.0328,-0.0175,1.0006,0.0012,0,-0.5191,0.36602,0,0.70711,0.70711,0
4.52,-1.5675,0.1294,0.0013,2.0328,-0.0175,1.0006,0.0012,0,-0.52194,0.36605,0,0.70711,0.70711,0
4.53,-1.5675,0.1294,0.0013,2.0328,-0.0175,1.0006,0.0012,0,-0.52471,0.36608,0,0.70711,0.70711,0
4.54,-1.5675,0.1294,0.0013,2.0328,-0.0175,1.0006,0.0012,0,-0.52742,0.36611,0,0.70711,0.70711,0
4.55,-1.5675,0.1294,0.0013,2.0328,-0.0175,1.0006,0.0012,0,-0.53006,0.36613,0,0.70711,0.70711,0
4.56,-1.5675,0.1294,0.0013,2.0328,-0.0175,1.0006,0.0012,0,-0.53262,0.36614,0,0.70711,0.70711,0
4.57,-1.5675,0.1294,0.0013,2.0328,-0.0175,1.0006,0.0012,0,-0.53512,0.36615,0,0.70711,0.70711,0
4.58,-1.5675,0.1294,0.0013,2.0328,-0.0175,1.0006,0.0012,0,-0.53753,0.36615,0,0.70711,0.70711,0
4.59,-1.5675,0.1294,0.0013,2.0328,-0.0175,1.0006,0.0012,0,-0.53988,0.36615,0,0.70711,0.70711,0
4.6,-1.5675,0.1294,0.0013,2.0328,-0.0175,1.0006,0.0012,0,-0.54214,0.36614,0,0.70711,0.70711,0
4.61,-1.5675,0.1294,0.0013,2.0328,-0.0175,1.0006,0.0012,0,-0.54433,0.36613,0,0.70711,0.70711,0
4.62,-1.5675,0.1294,0.0013,2.0328,-0.0175,1.0006,0.0012,0,-0.54644,0.36611,0,0.70711,0.70711,0
4.63,-1.5675,0.1294,0.0013,2.0328,-0.0175,1.0006,0.0012,0,-0.54847,0.36608,0,0.70711,0.70711,0
4.64,-1.5675,0.1294,0.0013,2.0328,-0.0175,1.0006,0.0012,0,-0.55041,0.36606,0,0.70711,0.70711,0
4.65,-1.5675,0.1294,0.0013,2.0328,-0.0175,1.0006,0.0012,0,-0.55228,0.36602,0,0.70711,0.70711,0
4.66,-1.5675,0.1294,0.0013,2.0328,-0.0175,1.0006,0.0012,0,-0.55406,0.36598,0,0.70711,0.70711,0
4.67,-1.5675,0.1294,0.0013,2.0328,-0.0175,1.0006,0.0012,0,-0.55575,0.36594,0,0.70711,0.70711,0
4.68,-1.5675,0.1294,0.0013,2.0328,-0.0175,1.0006,0.0012,0,-0.55736,0.36589,0,0.70711,0.70711,0
4.69,-1.5675,0.1294,0.0013,2.0328,-0.0175,1.0006,0.0012,0,-0.55888,0.36584,0,0.70711,0.70711,0
4.7,-1.5675,0.1294,0.0013,2.0328,-0.0175,1.0006,0.0012,0,-0.56032,0.36578,0,0.70711,0.70711,0
4.71,-1.5675,0.1294,0.0013,2.0328,-0.0175,1.0006,0.0012,0,-0.56166,0.36571,0,0.70711,0.70711,0
4.72,-1.5675,0.1294,0.0013,2.0328,-0.0175,1.0006,0.0012,0,-0.56292,0.36564,0,0.70711,0.70711,0
4.73,-1.5675,0.1294,0.0013,2.0328,-0.0175,1.0006,0.0012,0,-0.56409,0.36557,0,0.70711,0.70711,0
4.74,-1.5675,0.1294,0.0013,2.0328,-0.0175,1.0006,0.0012,0,-0.56517,0.36549,0,0.70711,0.70711,0
4.75,-1.5675,0.1294,0.0013,2.0328,-0.0175,1.0006,0.0012,0,-0.56615,0.3654,0,0.70711,0.70711,0
4.76,-1.5675,0.1294,0.0013,2.0328,-0.0175,1.0006,0.0012,0,-0.56705,0.36531,0,0.70711,0.70711,0
4.77,-1.5675,0.1294,0.0013,2.0328,-0.0175,1.0006,0.0012,0,-0.56785,0.36522,0,0.70711,0.70711,0
4.78,-1.5675,0.1294,0.0013,2.0328,-0.0175,1.0006,0.0012,0,-0.56856,0.36512,0,0.70711,0.70711,0
4.79,-1.5675,0.1294,0.0013,2.0328,-0.0175,1.0006,0.0012,0,-0.56918,0.36501,0,0.70711,0.70711,0
4.8,-1.5675,0.1294,0.0013,2.0328,-0.0175,1.0006,0.0012,0,-0.5697,0.3649,0,0.70711,0.70711,0
4.81,-1.5675,0.1294,0.0013,2.0328,-0.0175,1.0006,0.0012,0,-0.57013,0.36479,0,0.70711,0.70711,0
4.82,-1.5675,0.1294,0.0013,2.0328,-0.0175,1.0006,0.0012,0,-0.57047,0.36467,0,0.70711,0.70711,0
4.83,-1.5675,0.1294,0.0013,2.0328,-0.0175,1.0006,0.0012,0,-0.57071,0.36455,0,0.70711,0.70711,0
4.84,-1.5675,0.1294,0.0013,2.0328,-0.0175,1.0006,0.0012,0,-0.57086,0.36442,0,0.70711,0.70711,0
4.85,-1.5675,0.1294,0.0013,2.0328,-0.0175,1.0006,0.0012,0,-0.57092,0.36428,0,0.70711,0.70711,0
4.86,-1.5675,0.1294,0.0013,2.0328,-0.0175,1.0006,0.0012,0,-0.57088,0.36415,0,0.70711,0.70711,0
4.87,-1.5675,0.1294,0.0013,2.0328,-0.0175,1.0006,0.0012,0,-0.57074,0.364,0,0.70711,0.70711,0
4.88,-1.5675,0.1294,0.0013,2.0328,-0.0175,1.0006,0.0012,0,-0.57052,0.36386,0,0.70711,0.70711,0
4.89,-1.5675,0.1294,0.0013,2.0328,-0.0175,1.0006,0.0012,0,-0.57019,0.36371,0,0.70711,0.70711,0
4.9,-1.5675,0.1294,0.0013,2.0328,-0.0175,1.0006,0.0012,0,-0.56978,0.36355,0,0.70711,0.70711,0
4.91,-1.5675,0.1294,0.0013,2.0328,-0.0175,1.0006,0.0012,0,-0.56927,0.36339,0,0.70711,0.70711,0
4.92,-1.5675,0.1294,0.0013,2.0328,-0.0175,1.0006,0.0012,0,-0.56867,0.36322,0,0.70711,0.70711,0
4.93,-1.5675,0.1294,0.0013,2.0328,-0.0175,1.0006,0.0012,0,-0.56797,0.36306,0,0.70711,0.70711,0
4.94,-1.5675,0.1294,0.0013,2.0328,-0.0175,1.0006,0.0012,0,-0.56718,0.36288,0,0.70711,0.70711,0
4.95,-1.5675,0.1294,0.0013,2.0328,-0.0175,1.0006,0.0012,0,-0.5663,0.3627,0,0.70711,0.70711,0
4.96,-1.5675,0.1294,0.0013,2.0328,-0.0175,1.0006,0.0012,0,-0.56533,0.36252,0,0.70711,0.70711,0
4.97,-1.5675,0.1294,0.0013,2.0328,-0.0175,1.0006,0.0012,0,-0.56427,0.36234,0,0.70711,0.70711,0
4.98,-1.5675,0.1294,0.0013,2.0328,-0.0175,1.0006,0.0012,0,-0.56311,0.36215,0,0.70711,0.70711,0
4.99,-1.5675,0.1294,0.0013,2.0328,-0.0175,1.0006,0.0012,0,-0.56187,0.36195,0,0.70711,0.70711,0
5,-1.5675,0.1294,0.0013,2.0328,-0.0175,1.0006,0.0012,0,-0.56054,0.36176,0,0.70711,0.70711,0
5.01,-1.5675,0.1294,0.0013,2.0328,-0.0175,1.0006,0.0012,0,-0.55912,0.36156,0,0.70711,0.70711,0
5.02,-1.5675,0.1294,0.0013,2.0328,-0.0175,1.0006,0.0012,0,-0.55761,0.36135,0,0.70711,0.70711,0
5.03,-1.5675,0.1294,0.0013,2.0328,-0.0175,1.0006,0.0012,0,-0.55601,0.36114,0,0.70711,0.70711,0
5.04,-1.5675,0.1294,0.0013,2.0328,-0.0175,1.0006,0.0012,0,-0.55433,0.36093,0,0.70711,0.70711,0
5.05,-1.5675,0.1294,0.0013,2.0328,-0.0175,1.0006,0.0012,0,-0.55256,0.36071,0,0.70711,0.70711,0
5.06,-1.5675,0.1294,0.0013,2.0328,-0.0175,1.0006,0.0012,0,-0.55071,0.3605,0,0.70711,0.70711,0
5.07,-1.5675,0.1294,0.0013,2.0328,-0.0175,1.0006,0.0012,0,-0.54878,0.36027,0,0.70711,0.70711,0
5.08,-1.5675,0.1294,0.0013,2.0328,-0.0175,1.0006,0.0012,0,-0.54677,0.36005,0,0.70711,0.70711,0
5.09,-1.5675,0.1294,0.0013,2.0328,-0.0175,1.0006,0.0012,0,-0.54467,0.35982,0,0.70711,0.70711,0
5.1,-1.5675,0.1294,0.0013,2.0328,-0.0175,1.0006,0.0012,0,-0.54249,0.35958,0,0.70711,0.70711,0
5.11,-1.5675,0.1294,0.0013,2.0328,-0.0175,1.0006,0.0012,0,-0.54024,0.35935,0,0.70711,0.70711,0
5.12,-1.5675,0.1294,0.0013,2.0328,-0.0175,1.0006,0.0012,0,-0.53791,0.35911,0,0.70711,0.70711,0
5.13,-1.5675,0.1294,0.0013,2.0328,-0.0175,1.0006,0.0012,0,-0.5355,0.35887,0,0.70711,0.70711,0
5.14,-1.5675,0.1294,0.0013,2.0328,-0.0175,1.0006,0.0012,0,-0.53302,0.35862,0,0.70711,0.70711,0
5.15,-1.5675,0.1294,0.0013,2.0328,-0.0175,1.0006,0.0012,0,-0.53047,0.35838,0,0.70711,0.70711,0
5.16,-1.5675,0.1294,0.0013,2.0328,-0.0175,1.0006,0.0012,0,-0.52784,0.35813,0,0.70711,0.70711,0
5.17,-1.5675,0.1294,0.0013,2.0328,-0.0175,1.0006,0.0012,0,-0.52515,0.35787,0,0.70711,0.70711,0
5.18,-1.5675,0.1294,0.0013,2.0328,-0.0175,1.0006,0.0012,0,-0.52238,0.35762,0,0.70711,0.70711,0
5.19,-1.5675,0.1294,0.0013,2.0328,-0.0175,1.0006,0.0012,0,-0.51955,0.35736,0,0.70711,0.70711,0
5.2,-1.5675,0.1294,0.0013,2.0328,-0.0175,1.0006,0.0012,0,-0.51665,0.3571,0,0.70711,0.70711,0
5.21,-1.5675,0.1294,0.0013,2.0328,-0.0175,1.0006,0.0012,0,-0.51369,0.35684,0,0.70711,0.70711,0
5.22,-1.5675,0.1294,0.0013,2.0328,-0.0175,1.0006,0.0012,0,-0.51067,0.35657,0,0.70711,0.70711,0
5.23,-1.5675,0.1294,0.0013,2.0328,-0.0175,1.0006,0.0012,0,-0.50758,0.35631,0,0.70711,0.70711,0
5.24,-1.5675,0.1294,0.0013,2.0328,-0.0175,1.0006,0.0012,0,-0.50444,0.35604,0,0.70711,0.70711,0
5.25,-1.5675,0.1294,0.0013,2.0328,-0.0175,1.0006,0.0012,0,-0.50124,0.35577,0,0.70711,0.70711,0
5.26,-1.5675,0.1294,0.0013,2.0328,-0.0175,1.0006,0.0012,0,-0.49798,0.35549,0,0.70711,0.70711,0
5.27,-1.5675,0.1294,0.0013,2.0328,-0.0175,1.0006,0.0012,0,-0.49467,0.35522,0,0.70711,0.70711,0
5.28,-1.5675,0.1294,0.0013,2.0328,-0.0175,1.0006,0.0012,0,-0.49131,0.35494,0,0.70711,0.70711,0
5.29,-1.5675,0.1294,0.0013,2.0328,-0.0175,1.0006,0.0012,0,-0.4879,0.35466,0,0.70711,0.70711,0
5.3,-1.5675,0.1294,0.0013,2.0328,-0.0175,1.0006,0.0012,0,-0.48444,0.35438,0,0.70711,0.70711,0
5.31,-1.5675,0.1294,0.0013,2.0328,-0.0175,1.0006,0.0012,0,-0.48094,0.3541,0,0.70711,0.70711,0
5.32,-1.5675,0.1294,0.0013,2.0328,-0.0175,1.0006,0.0012,0,-0.47739,0.35382,0,0.70711,0.70711,0
5.33,-1.5675,0.1294,0.0013,2.0328,-0.0175,1.0006,0.0012,0,-0.4738,0.35354,0,0.70711,0.70711,0
5.34,-1.5675,0.1294,0.0013,2.0328,-0.0175,1.0006,0.0012,0,-0.47017,0.35325,0,0.70711,0.70711,0
5.35,-1.5675,0.1294,0.0013,2.0328,-0.0175,1.0006,0.0012,0,-0.4665,0.35297,0,0.70711,0.70711,0
5.36,-1.5675,0.1294,0.0013,2.0328,-0.0175,1.0006,0.0012,0,-0.4628,0.35268,0,0.70711,0.70711,0
5.37,-1.5675,0.1294,0.0013,2.0328,-0.0175,1.0006,0.0012,0,-0.45906,0.35239,0,0.70711,0.70711,0
5.38,-1.5675,0.1294,0.0013,2.0328,-0.0175,1.0006,0.0012,0,-0.45529,0.3521,0,0.70711,0.70711,0
5.39,-1.5675,0.1294,0.0013,2.0328,-0.0175,1.0006,0.0012,0,-0.45149,0.35181,0,0.70711,0.70711,0
5.4,-1.5675,0.1294,0.0013,2.0328,-0.0175,1.0006,0.0012,0,-0.44766,0.35152,0,0.70711,0.70711,0
5.41,-1.5675,0.1294,0.0013,2.0328,-0.0175,1.0006,0.0012,0,-0.44381,0.35123,0,0.70711,0.70711,0
5.42,-1.5675,0.1294,0.0013,2.0328,-0.0175,1.0006,0.0012,0,-0.43993,0.35094,0,0.70711,0.70711,0
5.43,-1.5675,0.1294,0.0013,2.0328,-0.0175,1.0006,0.0012,0,-0.43603,0.35065,0,0.70711,0.70711,0
5.44,-1.5675,0.1294,0.0013,2.0328,-0.0175,1.0006,0.0012,0,-0.43211,0.35036,0,0.70711,0.70711,0
5.45,-1.5675,0.1294,0.0013,2.0328,-0.0175,1.0006,0.0012,0,-0.42818,0.35007,0,0.70711,0.70711,0
5.46,-1.5675,0.1294,0.0013,2.0328,-0.0175,1.0006,0.0012,0,-0.42423,0.34978,0,0.70711,0.70711,0
5.47,-1.5675,0.1294,0.0013,2.0328,-0.0175,1.0006,0.0012,0,-0.42027,0.34948,0,0.70711,0.70711,0
5.48,-1.5675,0.1294,0.0013,2.0328,-0.0175,1.0006,0.0012,0,-0.4163,0.34919,0,0.70711,0.70711,0
5.49,-1.5675,0.1294,0.0013,2.0328,-0.0175,1.0006,0.0012,0,-0.41232,0.3489,0,0.70711,0.70711,0
5.5,-1.5675,0.1294,0.0013,2.0328,-0.0175,1.0006,0.0012,0,-0.40834,0.34861,0,0.70711,0.70711,0
5.51,-1.5675,0.1294,0.0013,2.0328,-0.0175,1.0006,0.0012,0,-0.40435,0.34832,0,0.70711,0.70711,0
5.52,-1.5675,0.1294,0.0013,2.0328,-0.0175,1.0006,0.0012,0,-0.40036,0.34803,0,0.70711,0.70711,0
5.53,-1.5675,0.1294,0.0013,2.0328,-0.0175,1.0006,0.0012,0,-0.39637,0.34774,0,0.70711,0.70711,0
5.54,-1.5675,0.1294,0.0013,2.0328,-0.0175,1.0006,0.0012,0,-0.39239,0.34745,0,0.70711,0.70711,0
5.55,-1.5675,0.1294,0.0013,2.0328,-0.0175,1.0006,0.0012,0,-0.38841,0.34716,0,0.70711,0.70711,0
5.56,-1.5675,0.1294,0.0013,2.0328,-0.0175,1.0006,0.0012,0,-0.38444,0.34687,0,0.70711,0.70711,0
5.57,-1.5675,0.1294,0.0013,2.0328,-0.0175,1.0006,0.0012,0,-0.38047,0.34659,0,0.70711,0.70711,0
5.58,-1.5675,0.1294,0.0013,2.0328,-0.0175,1.0006,0.0012,0,-0.37652,0.3463,0,0.70711,0.70711,0
5.59,-1.5675,0.1294,0.0013,2.0328,-0.0175,1.0006,0.0012,0,-0.37259,0.34602,0,0.70711,0.70711,0
5.6,-1.5675,0.1294,0.0013,2.0328,-0.0175,1.0006,0.0012,0,-0.36867,0.34573,0,0.70711,0.70711,0
5.61,-1.5675,0.1294,0.0013,2.0328,-0.0175,1.0006,0.0012,0,-0.36476,0.34545,0,0.70711,0.70711,0
5.62,-1.5675,0.1294,0.0013,2.0328,-0.0175,1.0006,0.0012,0,-0.36088,0.34517,0,0.70711,0.70711,0
5.63,-1.5675,0.1294,0.0013,2.0328,-0.0175,1.0006,0.0012,0,-0.35703,0.34489,0,0.70711,0.70711,0
5.64,-1.5675,0.1294,0.0013,2.0328,-0.0175,1.0006,0.0012,0,-0.35319,0.34462,0,0.70711,0.70711,0
5.65,-1.5675,0.1294,0.0013,2.0328,-0.0175,1.0006,0.0012,0,-0.34939,0.34434,0,0.70711,0.70711,0
5.66,-1.5675,0.1294,0.0013,2.0328,-0.0175,1.0006,0.0012,0,-0.34561,0.34407,0,0.70711,0.70711,0
5.67,-1.5675,0.1294,0.0013,2.0328,-0.0175,1.0006,0.0012,0,-0.34187,0.3438,0,0.70711,0.70711,0
5.68,-1.5675,0.1294,0.0013,2.0328,-0.0175,1.0006,0.0012,0,-0.33816,0.34353,0,0.70711,0.70711,0
5.69,-1.5675,0.1294,0.0013,2.0328,-0.0175,1.0006,0.0012,0,-0.33448,0.34326,0,0.70711,0.70711,0
5.7,-1.5675,0.1294,0.0013,2.0328,-0.0175,1.0006,0.0012,0,-0.33084,0.34299,0,0.70711,0.70711,0
5.71,-1.5675,0.1294,0.0013,2.0328,-0.0175,1.0006,0.0012,0,-0.32725,0.34273,0,0.70711,0.70711,0
5.72,-1.5675,0.1294,0.0013,2.0328,-0.0175,1.0006,0.0012,0,-0.32369,0.34247,0,0.70711,0.70711,0
5.73,-1.5675,0.1294,0.0013,2.0328,-0.0175,1.0006,0.0012,0,-0.32018,0.34221,0,0.70711,0.70711,0
5.74,-1.5675,0.1294,0.0013,2.0328,-0.0175,1.0006,0.0012,0,-0.31671,0.34195,0,0.70711,0.70711,0
5.75,-1.5675,0.1294,0.0013,2.0328,-0.0175,1.0006,0.0012,0,-0.31329,0.3417,0,0.70711,0.70711,0
5.76,-1.5675,0.1294,0.0013,2.0328,-0.0175,1.0006,0.0012,0,-0.30992,0.34145,0,0.70711,0.70711,0
5.77,-1.5675,0.1294,0.0013,2.0328,-0.0175,1.0006,0.0012,0,-0.3066,0.3412,0,0.70711,0.70711,0
5.78,-1.5675,0.1294,0.0013,2.0328,-0.0175,1.0006,0.0012,0,-0.30334,0.34095,0,0.70711,0.70711,0
5.79,-1.5675,0.1294,0.0013,2.0328,-0.0175,1.0006,0.0012,0,-0.30012,0.34071,0,0.70711,0.70711,0
5.8,-1.5675,0.1294,0.0013,2.0328,-0.0175,1.0006,0.0012,0,-0.29697,0.34047,0,0.70711,0.70711,0
5.81,-1.5675,0.1294,0.0013,2.0328,-0.0175,1.0006,0.0012,0,-0.29388,0.34023,0,0.70711,0.70711,0
5.82,-1.5675,0.1294,0.0013,2.0328,-0.0175,1.0006,0.0012,0,-0.29084,0.34,0,0.70711,0.70711,0
5.83,-1.5675,0.1294,0.0013,2.0328,-0.0175,1.0006,0.0012,0,-0.28787,0.33977,0,0.70711,0.70711,0
5.84,-1.5675,0.1294,0.0013,2.0328,-0.0175,1.0006,0.0012,0,-0.28496,0.33954,0,0.70711,0.70711,0
5.85,-1.5675,0.1294,0.0013,2.0328,-0.0175,1.0006,0.0012,0,-0.28212,0.33932,0,0.70711,0.70711,0
5.86,-1.5675,0.1294,0.0013,2.0328,-0.0175,1.0006,0.0012,0,-0.27934,0.33909,0,0.70711,0.70711,0
5.87,-1.5675,0.1294,0.0013,2.0328,-0.0175,1.0006,0.0012,0,-0.27663,0.33888,0,0.70711,0.70711,0
5.88,-1.5675,0.1294,0.0013,2.0328,-0.0175,1.0006,0.0012,0,-0.27399,0.33866,0,0.70711,0.70711,0
5.89,-1.5675,0.1294,0.0013,2.0328,-0.0175,1.0006,0.0012,0,-0.27142,0.33845,0,0.70711,0.70711,0
5.9,-1.5675,0.1294,0.0013,2.0328,-0.0175,1.0006,0.0012,0,-0.26893,0.33825,0,0.70711,0.70711,0
5.91,-1.5675,0.1294,0.0013,2.0328,-0.0175,1.0006,0.0012,0,-0.26651,0.33804,0,0.70711,0.70711,0
5.92,-1.5675,0.1294,0.0013,2.0328,-0.0175,1.0006,0.0012,0,-0.26416,0.33784,0,0.70711,0.70711,0
5.93,-1.5675,0.1294,0.0013,2.0328,-0.0175,1.0006,0.0012,0,-0.2619,0.33765,0,0.70711,0.70711,0
5.94,-1.5675,0.1294,0.0013,2.0328,-0.0175,1.0006,0.0012,0,-0.25971,0.33746,0,0.70711,0.70711,0
5.95,-1.5675,0.1294,0.0013,2.0328,-0.0175,1.0006,0.0012,0,-0.2576,0.33727,0,0.70711,0.70711,0
5.96,-1.5675,0.1294,0.0013,2.0328,-0.0175,1.0006,0.0012,0,-0.25557,0.33709,0,0.70711,0.70711,0
5.97,-1.5675,0.1294,0.0013,2.0328,-0.0175,1.0006,0.0012,0,-0.25362,0.33691,0,0.70711,0.70711,0
5.98,-1.5675,0.1294,0.0013,2.0328,-0.0175,1.0006,0.0012,0,-0.25175,0.33673,0,0.70711,0.70711,0
5.99,-1.5675,0.1294,0.0013,2.0328,-0.0175,1.0006,0.0012,0,-0.24997,0.33656,0,0.70711,0.70711,0
6,-1.5675,0.1294,0.0013,2.0328,-0.0175,1.0006,0.0012,0,-0.24828,0.33639,0,0.70711,0.70711,0
6.01,-1.5675,0.1294,0.0013,2.0328,-0.0175,1.0006,0.0012,0,-0.24666,0.33623,0,0.70711,0.70711,0
6.02,-1.5675,0.1294,0.0013,2.0328,-0.0175,1.0006,0.0012,0,-0.24514,0.33607,0,0.70711,0.70711,0
6.03,-1.5675,0.1294,0.0013,2.0328,-0.0175,1.0006,0.0012,0,-0.2437,0.33592,0,0.70711,0.70711,0
6.04,-1.5675,0.1294,0.0013,2.0328,-0.0175,1.0006,0.0012,0,-0.24235,0.33577,0,0.70711,0.70711,0
6.05,-1.5675,0.1294,0.0013,2.0328,-0.0175,1.0006,0.0012,0,-0.24109,0.33563,0,0.70711,0.70711,0
6.06,-1.5675,0.1294,0.0013,2.0328,-0.0175,1.0006,0.0012,0,-0.23992,0.33549,0,0.70711,0.70711,0
6.07,-1.5675,0.1294,0.0013,2.0328,-0.0175,1.0006,0.0012,0,-0.23885,0.33535,0,0.70711,0.70711,0
6.08,-1.5675,0.1294,0.0013,2.0328,-0.0175,1.0006,0.0012,0,-0.23786,0.33522,0,0.70711,0.70711,0
6.09,-1.5675,0.1294,0.0013,2.0328,-0.0175,1.0006,0.0012,0,-0.23696,0.33509,0,0.70711,0.70711,0
6.1,-1.5675,0.1294,0.0013,2.0328,-0.0175,1.0006,0.0012,0,-0.23616,0.33497,0,0.70711,0.70711,0
6.11,-1.5675,0.1294,0.0013,2.0328,-0.0175,1.0006,0.0012,0,-0.23544,0.33486,0,0.70711,0.70711,0
6.12,-1.5675,0.1294,0.0013,2.0328,-0.0175,1.0006,0.0012,0,-0.23482,0.33475,0,0.70711,0.70711,0
6.13,-1.5675,0.1294,0.0013,2.0328,-0.0175,1.0006,0.0012,0,-0.2343,0.33464,0,0.70711,0.70711,0
6.14,-1.5675,0.1294,0.0013,2.0328,-0.0175,1.0006,0.0012,0,-0.23386,0.33454,0,0.70711,0.70711,0
6.15,-1.5675,0.1294,0.0013,2.0328,-0.0175,1.0006,0.0012,0,-0.23353,0.33444,0,0.70711,0.70711,0
6.16,-1.5675,0.1294,0.0013,2.0328,-0.0175,1.0006,0.0012,0,-0.23328,0.33435,0,0.70711,0.70711,0
6.17,-1.5675,0.1294,0.0013,2.0328,-0.0175,1.0006,0.0012,0,-0.23313,0.33426,0,0.70711,0.70711,0
6.18,-1.5675,0.1294,0.0013,2.0328,-0.0175,1.0006,0.0012,0,-0.23307,0.33418,0,0.70711,0.70711,0
6.19,-1.5675,0.1294,0.0013,2.0328,-0.0175,1.0006,0.0012,0,-0.23311,0.3341,0,0.70711,0.70711,0
6.2,-1.5675,0.1294,0.0013,2.0328,-0.0175,1.0006,0.0012,0,-0.23324,0.33403,0,0.70711,0.70711,0
6.21,-1.5675,0.1294,0.0013,2.0328,-0.0175,1.0006,0.0012,0,-0.23347,0.33396,0,0.70711,0.70711,0
6.22,-1.5675,0.1294,0.0013,2.0328,-0.0175,1.0006,0.0012,0,-0.23379,0.3339,0,0.70711,0.70711,0
6.23,-1.5675,0.1294,0.0013,2.0328,-0.0175,1.0006,0.0012,0,-0.2342,0.33384,0,0.70711,0.70711,0
6.24,-1.5675,0.1294,0.0013,2.0328,-0.0175,1.0006,0.0012,0,-0.23471,0.33379,0,0.70711,0.70711,0
6.25,-1.5675,0.1294,0.0013,2.0328,-0.0175,1.0006,0.0012,0,-0.23531,0.33374,0,0.70711,0.70711,0
6.26,-1.5675,0.1294,0.0013,2.0328,-0.0175,1.0006,0.0012,0,-0.236,0.3337,0,0.70711,0.70711,0
6.27,-1.5675,0.1294,0.0013,2.0328,-0.0175,1.0006,0.0012,0,-0.23679,0.33367,0,0.70711,0.70711,0
6.28,-1.5675,0.1294,0.0013,2.0328,-0.0175,1.0006,0.0012,0,-0.23767,0.33364,0,0.70711,0.70711,0
6.29,-1.5675,0.1294,0.0013,2.0328,-0.0175,1.0006,0.0012,0,-0.23864,0.33361,0,0.70711,0.70711,0
6.3,-1.5675,0.1294,0.0013,2.0328,-0.0175,1.0006,0.0012,0,-0.2397,0.33359,0,0.70711,0.70711,0
6.31,-1.5675,0.1294,0.0013,2.0328,-0.0175,1.0006,0.0012,0,-0.24085,0.33357,0,0.70711,0.70711,0
6.32,-1.5675,0.1294,0.0013,2.0328,-0.0175,1.0006,0.0012,0,-0.24209,0.33356,0,0.70711,0.70711,0
6.33,-1.5675,0.1294,0.0013,2.0328,-0.0175,1.0006,0.0012,0,-0.24342,0.33356,0,0.70711,0.70711,0
6.34,-1.5675,0.1294,0.0013,2.0328,-0.0175,1.0006,0.0012,0,-0.24484,0.33356,0,0.70711,0.70711,0
6.35,-1.5675,0.1294,0.0013,2.0328,-0.0175,1.0006,0.0012,0,-0.24635,0.33357,0,0.70711,0.70711,0
6.36,-1.5675,0.1294,0.0013,2.0328,-0.0175,1.0006,0.0012,0,-0.24794,0.33358,0,0.70711,0.70711,0
6.37,-1.5675,0.1294,0.0013,2.0328,-0.0175,1.0006,0.0012,0,-0.24962,0.33359,0,0.70711,0.70711,0
6.38,-1.5675,0.1294,0.0013,2.0328,-0.0175,1.0006,0.0012,0,-0.25138,0.33361,0,0.70711,0.70711,0
6.39,-1.5675,0.1294,0.0013,2.0328,-0.0175,1.0006,0.0012,0,-0.25323,0.33364,0,0.70711,0.70711,0
6.4,-1.5675,0.1294,0.0013,2.0328,-0.0175,1.0006,0.0012,0,-0.25516,0.33367,0,0.70711,0.70711,0
6.41,-1.5675,0.1294,0.0013,2.0328,-0.0175,1.0006,0.0012,0,-0.25718,0.33371,0,0.70711,0.70711,0
6.42,-1.5675,0.1294,0.0013,2.0328,-0.0175,1.0006,0.0012,0,-0.25927,0.33375,0,0.70711,0.70711,0
6.43,-1.5675,0.1294,0.0013,2.0328,-0.0175,1.0006,0.0012,0,-0.26144,0.3338,0,0.70711,0.70711,0
6.44,-1.5675,0.1294,0.0013,2.0328,-0.0175,1.0006,0.0012,0,-0.2637,0.33385,0,0.70711,0.70711,0
6.45,-1.5675,0.1294,0.0013,2.0328,-0.0175,1.0006,0.0012,0,-0.26603,0.33391,0,0.70711,0.70711,0
6.46,-1.5675,0.1294,0.0013,2.0328,-0.0175,1.0006,0.0012,0,-0.26843,0.33397,0,0.70711,0.70711,0
6.47,-1.5675,0.1294,0.0013,2.0328,-0.0175,1.0006,0.0012,0,-0.27091,0.33404,0,0.70711,0.70711,0
6.48,-1.5675,0.1294,0.0013,2.0328,-0.0175,1.0006,0.0012,0,-0.27346,0.33411,0,0.70711,0.70711,0
6.49,-1.5675,0.1294,0.0013,2.0328,-0.0175,1.0006,0.0012,0,-0.27609,0.33419,0,0.70711,0.70711,0
6.5,-1.5675,0.1294,0.0013,2.0328,-0.0175,1.0006,0.0012,0,-0.27878,0.33427,0,0.70711,0.70711,0
6.51,-1.5675,0.1294,0.0013,2.0328,-0.0175,1.0006,0.0012,0,-0.28154,0.33436,0,0.70711,0.70711,0
6.52,-1.5675,0.1294,0.0013,2.0328,-0.0175,1.0006,0.0012,0,-0.28437,0.33445,0,0.70711,0.70711,0
6.53,-1.5675,0.1294,0.0013,2.0328,-0.0175,1.0006,0.0012,0,-0.28727,0.33455,0,0.70711,0.70711,0
6.54,-1.5675,0.1294,0.0013,2.0328,-0.0175,1.0006,0.0012,0,-0.29023,0.33465,0,0.70711,0.70711,0
6.55,-1.5675,0.1294,0.0013,2.0328,-0.0175,1.0006,0.0012,0,-0.29325,0.33476,0,0.70711,0.70711,0
6.56,-1.5675,0.1294,0.0013,2.0328,-0.0175,1.0006,0.0012,0,-0.29634,0.33487,0,0.70711,0.70711,0
6.57,-1.5675,0.1294,0.0013,2.0328,-0.0175,1.0006,0.0012,0,-0.29948,0.33499,0,0.70711,0.70711,0
6.58,-1.5675,0.1294,0.0013,2.0328,-0.0175,1.0006,0.0012,0,-0.30268,0.33511,0,0.70711,0.70711,0
6.59,-1.5675,0.1294,0.0013,2.0328,-0.0175,1.0006,0.0012,0,-0.30593,0.33524,0,0.70711,0.70711,0
6.6,-1.5675,0.1294,0.0013,2.0328,-0.0175,1.0006,0.0012,0,-0.30924,0.33537,0,0.70711,0.70711,0
6.61,-1.5675,0.1294,0.0013,2.0328,-0.0175,1.0006,0.0012,0,-0.3126,0.3355,0,0.70711,0.70711,0
6.62,-1.5675,0.1294,0.0013,2.0328,-0.0175,1.0006,0.0012,0,-0.31601,0.33565,0,0.70711,0.70711,0
6.63,-1.5675,0.1294,0.0013,2.0328,-0.0175,1.0006,0.0012,0,-0.31947,0.33579,0,0.70711,0.70711,0
6.64,-1.5675,0.1294,0.0013,2.0328,-0.0175,1.0006,0.0012,0,-0.32297,0.33594,0,0.70711,0.70711,0
6.65,-1.5675,0.1294,0.0013,2.0328,-0.0175,1.0006,0.0012,0,-0.32652,0.33609,0,0.70711,0.70711,0
6.66,-1.5675,0.1294,0.0013,2.0328,-0.0175,1.0006,0.0012,0,-0.33011,0.33625,0,0.70711,0.70711,0
6.67,-1.5675,0.1294,0.0013,2.0328,-0.0175,1.0006,0.0012,0,-0.33374,0.33642,0,0.70711,0.70711,0
6.68,-1.5675,0.1294,0.0013,2.0328,-0.0175,1.0006,0.0012,0,-0.3374,0.33658,0,0.70711,0.70711,0
6.69,-1.5675,0.1294,0.0013,2.0328,-0.0175,1.0006,0.0012,0,-0.34111,0.33675,0,0.70711,0.70711,0
6.7,-1.5675,0.1294,0.0013,2.0328,-0.0175,1.0006,0.0012,0,-0.34485,0.33693,0,0.70711,0.70711,0
6.71,-1.5675,0.1294,0.0013,2.0328,-0.0175,1.0006,0.0012,0,-0.34862,0.33711,0,0.70711,0.70711,0
6.72,-1.5675,0.1294,0.0013,2.0328,-0.0175,1.0006,0.0012,0,-0.35242,0.33729,0,0.70711,0.70711,0
6.73,-1.5675,0.1294,0.0013,2.0328,-0.0175,1.0006,0.0012,0,-0.35624,0.33748,0,0.70711,0.70711,0
6.74,-1.5675,0.1294,0.0013,2.0328,-0.0175,1.0006,0.0012,0,-0.3601,0.33767,0,0.70711,0.70711,0
6.75,-1.5675,0.1294,0.0013,2.0328,-0.0175,1.0006,0.0012,0,-0.36397,0.33787,0,0.70711,0.70711,0
6.76,-1.5675,0.1294,0.0013,2.0328,-0.0175,1.0006,0.0012,0,-0.36787,0.33807,0,0.70711,0.70711,0
6.77,-1.5675,0.1294,0.0013,2.0328,-0.0175,1.0006,0.0012,0,-0.37179,0.33827,0,0.70711,0.70711,0
6.78,-1.5675,0.1294,0.0013,2.0328,-0.0175,1.0006,0.0012,0,-0.37572,0.33848,0,0.70711,0.70711,0
6.79,-1.5675,0.1294,0.0013,2.0328,-0.0175,1.0006,0.0012,0,-0.37967,0.33869,0,0.70711,0.70711,0
6.8,-1.5675,0.1294,0.0013,2.0328,-0.0175,1.0006,0.0012,0,-0.38363,0.3389,0,0.70711,0.70711,0
6.81,-1.5675,0.1294,0.0013,2.0328,-0.0175,1.0006,0.0012,0,-0.3876,0.33912,0,0.70711,0.70711,0
6.82,-1.5675,0.1294,0.0013,2.0328,-0.0175,1.0006,0.0012,0,-0.39158,0.33934,0,0.70711,0.70711,0
6.83,-1.5675,0.1294,0.0013,2.0328,-0.0175,1.0006,0.0012,0,-0.39556,0.33957,0,0.70711,0.70711,0
6.84,-1.5675,0.1294,0.0013,2.0328,-0.0175,1.0006,0.0012,0,-0.39955,0.3398,0,0.70711,0.70711,0
6.85,-1.5675,0.1294,0.0013,2.0328,-0.0175,1.0006,0.0012,0,-0.40354,0.34003,0,0.70711,0.70711,0
6.86,-1.5675,0.1294,0.0013,2.0328,-0.0175,1.0006,0.0012,0,-0.40753,0.34026,0,0.70711,0.70711,0
6.87,-1.5675,0.1294,0.0013,2.0328,-0.0175,1.0006,0.0012,0,-0.41151,0.3405,0,0.70711,0.70711,0
6.88,-1.5675,0.1294,0.0013,2.0328,-0.0175,1.0006,0.0012,0,-0.41549,0.34074,0,0.70711,0.70711,0
6.89,-1.5675,0.1294,0.0013,2.0328,-0.0175,1.0006,0.0012,0,-0.41946,0.34098,0,0.70711,0.70711,0
6.9,-1.5675,0.1294,0.0013,2.0328,-0.0175,1.0006,0.0012,0,-0.42343,0.34123,0,0.70711,0.70711,0
6.91,-1.5675,0.1294,0.0013,2.0328,-0.0175,1.0006,0.0012,0,-0.42738,0.34148,0,0.70711,0.70711,0
6.92,-1.5675,0.1294,0.0013,2.0328,-0.0175,1.0006,0.0012,0,-0.43131,0.34173,0,0.70711,0.70711,0
6.93,-1.5675,0.1294,0.0013,2.0328,-0.0175,1.0006,0.0012,0,-0.43523,0.34198,0,0.70711,0.70711,0
6.94,-1.5675,0.1294,0.0013,2.0328,-0.0175,1.0006,0.0012,0,-0.43914,0.34224,0,0.70711,0.70711,0
6.95,-1.5675,0.1294,0.0013,2.0328,-0.0175,1.0006,0.0012,0,-0.44302,0.3425,0,0.70711,0.70711,0
6.96,-1.5675,0.1294,0.0013,2.0328,-0.0175,1.0006,0.0012,0,-0.44688,0.34276,0,0.70711,0.70711,0
6.97,-1.5675,0.1294,0.0013,2.0328,-0.0175,1.0006,0.0012,0,-0.45071,0.34303,0,0.70711,0.70711,0
6.98,-1.5675,0.1294,0.0013,2.0328,-0.0175,1.0006,0.0012,0,-0.45452,0.34329,0,0.70711,0.70711,0
6.99,-1.5675,0.1294,0.0013,2.0328,-0.0175,1.0006,0.0012,0,-0.45829,0.34356,0,0.70711,0.70711,0
7,-1.5675,0.1294,0.0013,2.0328,-0.0175,1.0006,0.0012,0,-0.46204,0.34383,0,0.70711,0.70711,0
7.01,-1.5675,0.1294,0.0013,2.0328,-0.0175,1.0006,0.0012,0,-0.46575,0.3441,0,0.70711,0.70711,0
7.02,-1.5675,0.1294,0.0013,2.0328,-0.0175,1.0006,0.0012,0,-0.46943,0.34438,0,0.70711,0.70711,0
7.03,-1.5675,0.1294,0.0013,2.0328,-0.0175,1.0006,0.0012,0,-0.47306,0.34465,0,0.70711,0.70711,0
7.04,-1.5675,0.1294,0.0013,2.0328,-0.0175,1.0006,0.0012,0,-0.47666,0.34493,0,0.70711,0.70711,0
7.05,-1.5675,0.1294,0.0013,2.0328,-0.0175,1.0006,0.0012,0,-0.48022,0.34521,0,0.70711,0.70711,0
7.06,-1.5675,0.1294,0.0013,2.0328,-0.0175,1.0006,0.0012,0,-0.48373,0.34549,0,0.70711,0.70711,0
7.07,-1.5675,0.1294,0.0013,2.0328,-0.0175,1.0006,0.0012,0,-0.4872,0.34577,0,0.70711,0.70711,0
7.08,-1.5675,0.1294,0.0013,2.0328,-0.0175,1.0006,0.0012,0,-0.49062,0.34605,0,0.70711,0.70711,0
7.09,-1.5675,0.1294,0.0013,2.0328,-0.0175,1.0006,0.0012,0,-0.49399,0.34634,0,0.70711,0.70711,0
7.1,-1.5675,0.1294,0.0013,2.0328,-0.0175,1.0006,0.0012,0,-0.49731,0.34662,0,0.70711,0.70711,0
7.11,-1.5675,0.1294,0.0013,2.0328,-0.0175,1.0006,0.0012,0,-0.50058,0.34691,0,0.70711,0.70711,0
7.12,-1.5675,0.1294,0.0013,2.0328,-0.0175,1.0006,0.0012,0,-0.50379,0.3472,0,0.70711,0.70711,0
7.13,-1.5675,0.1294,0.0013,2.0328,-0.0175,1.0006,0.0012,0,-0.50695,0.34749,0,0.70711,0.70711,0
7.14,-1.5675,0.1294,0.0013,2.0328,-0.0175,1.0006,0.0012,0,-0.51004,0.34778,0,0.70711,0.70711,0
7.15,-1.5675,0.1294,0.0013,2.0328,-0.0175,1.0006,0.0012,0,-0.51308,0.34807,0,0.70711,0.70711,0
7.16,-1.5675,0.1294,0.0013,2.0328,-0.0175,1.0006,0.0012,0,-0.51605,0.34836,0,0.70711,0.70711,0
7.17,-1.5675,0.1294,0.0013,2.0328,-0.0175,1.0006,0.0012,0,-0.51896,0.34865,0,0.70711,0.70711,0
7.18,-1.5675,0.1294,0.0013,2.0328,-0.0175,1.0006,0.0012,0,-0.52181,0.34894,0,0.70711,0.70711,0
7.19,-1.5675,0.1294,0.0013,2.0328,-0.0175,1.0006,0.0012,0,-0.52459,0.34923,0,0.70711,0.70711,0
7.2,-1.5675,0.1294,0.0013,2.0328,-0.0175,1.0006,0.0012,0,-0.5273,0.34952,0,0.70711,0.70711,0
7.21,-1.5675,0.1294,0.0013,2.0328,-0.0175,1.0006,0.0012,0,-0.52994,0.34981,0,0.70711,0.70711,0
7.22,-1.5675,0.1294,0.0013,2.0328,-0.0175,1.0006,0.0012,0,-0.53251,0.3501,0,0.70711,0.70711,0
7.23,-1.5675,0.1294,0.0013,2.0328,-0.0175,1.0006,0.0012,0,-0.535,0.3504,0,0.70711,0.70711,0
7.24,-1.5675,0.1294,0.0013,2.0328,-0.0175,1.0006,0.0012,0,-0.53743,0.35069,0,0.70711,0.70711,0
7.25,-1.5675,0.1294,0.0013,2.0328,-0.0175,1.0006,0.0012,0,-0.53977,0.35098,0,0.70711,0.70711,0
7.26,-1.5675,0.1294,0.0013,2.0328,-0.0175,1.0006,0.0012,0,-0.54204,0.35127,0,0.70711,0.70711,0
7.27,-1.5675,0.1294,0.0013,2.0328,-0.0175,1.0006,0.0012,0,-0.54423,0.35156,0,0.70711,0.70711,0
7.28,-1.5675,0.1294,0.0013,2.0328,-0.0175,1.0006,0.0012,0,-0.54635,0.35185,0,0.70711,0.70711,0
7.29,-1.5675,0.1294,0.0013,2.0328,-0.0175,1.0006,0.0012,0,-0.54838,0.35214,0,0.70711,0.70711,0
7.3,-1.5675,0.1294,0.0013,2.0328,-0.0175,1.0006,0.0012,0,-0.55033,0.35243,0,0.70711,0.70711,0
7.31,-1.5675,0.1294,0.0013,2.0328,-0.0175,1.0006,0.0012,0,-0.55219,0.35272,0,0.70711,0.70711,0
7.32,-1.5675,0.1294,0.0013,2.0328,-0.0175,1.0006,0.0012,0,-0.55398,0.353,0,0.70711,0.70711,0
7.33,-1.5675,0.1294,0.0013,2.0328,-0.0175,1.0006,0.0012,0,-0.55568,0.35329,0,0.70711,0.70711,0
7.34,-1.5675,0.1294,0.0013,2.0328,-0.0175,1.0006,0.0012,0,-0.55729,0.35357,0,0.70711,0.70711,0
7.35,-1.5675,0.1294,0.0013,2.0328,-0.0175,1.0006,0.0012,0,-0.55882,0.35386,0,0.70711,0.70711,0
7.36,-1.5675,0.1294,0.0013,2.0328,-0.0175,1.0006,0.0012,0,-0.56025,0.35414,0,0.70711,0.70711,0
7.37,-1.5675,0.1294,0.0013,2.0328,-0.0175,1.0006,0.0012,0,-0.56161,0.35442,0,0.70711,0.70711,0
7.38,-1.5675,0.1294,0.0013,2.0328,-0.0175,1.0006,0.0012,0,-0.56287,0.3547,0,0.70711,0.70711,0
7.39,-1.5675,0.1294,0.0013,2.0328,-0.0175,1.0006,0.0012,0,-0.56404,0.35498,0,0.70711,0.70711,0
7.4,-1.5675,0.1294,0.0013,2.0328,-0.0175,1.0006,0.0012,0,-0.56512,0.35525,0,0.70711,0.70711,0
7.41,-1.5675,0.1294,0.0013,2.0328,-0.0175,1.0006,0.0012,0,-0.56611,0.35553,0,0.70711,0.70711,0
7.42,-1.5675,0.1294,0.0013,2.0328,-0.0175,1.0006,0.0012,0,-0.56701,0.3558,0,0.70711,0.70711,0
7.43,-1.5675,0.1294,0.0013,2.0328,-0.0175,1.0006,0.0012,0,-0.56782,0.35607,0,0.70711,0.70711,0
7.44,-1.5675,0.1294,0.0013,2.0328,-0.0175,1.0006,0.0012,0,-0.56853,0.35634,0,0.70711,0.70711,0
7.45,-1.5675,0.1294,0.0013,2.0328,-0.0175,1.0006,0.0012,0,-0.56915,0.35661,0,0.70711,0.70711,0
7.46,-1.5675,0.1294,0.0013,2.0328,-0.0175,1.0006,0.0012,0,-0.56968,0.35687,0,0.70711,0.70711,0
7.47,-1.5675,0.1294,0.0013,2.0328,-0.0175,1.0006,0.0012,0,-0.57012,0.35713,0,0.70711,0.70711,0
7.48,-1.5675,0.1294,0.0013,2.0328,-0.0175,1.0006,0.0012,0,-0.57046,0.35739,0,0.70711,0.70711,0
7.49,-1.5675,0.1294,0.0013,2.0328,-0.0175,1.0006,0.0012,0,-0.5707,0.35765,0,0.70711,0.70711,0
7.5,-1.5675,0.1294,0.0013,2.0328,-0.0175,1.0006,0.0012,0,-0.57086,0.35791,0,0.70711,0.70711,0
7.51,-1.5675,0.1294,0.0013,2.0328,-0.0175,1.0006,0.0012,0,-0.57092,0.35816,0,0.70711,0.70711,0
7.52,-1.5675,0.1294,0.0013,2.0328,-0.0175,1.0006,0.0012,0,-0.57088,0.35841,0,0.70711,0.70711,0
7.53,-1.5675,0.1294,0.0013,2.0328,-0.0175,1.0006,0.0012,0,-0.57075,0.35866,0,0.70711,0.70711,0
7.54,-1.5675,0.1294,0.0013,2.0328,-0.0175,1.0006,0.0012,0,-0.57053,0.3589,0,0.70711,0.70711,0
7.55,-1.5675,0.1294,0.0013,2.0328,-0.0175,1.0006,0.0012,0,-0.57021,0.35914,0,0.70711,0.70711,0
7.56,-1.5675,0.1294,0.0013,2.0328,-0.0175,1.0006,0.0012,0,-0.5698,0.35938,0,0.70711,0.70711,0
7.57,-1.5675,0.1294,0.0013,2.0328,-0.0175,1.0006,0.0012,0,-0.56929,0.35961,0,0.70711,0.70711,0
7.58,-1.5675,0.1294,0.0013,2.0328,-0.0175,1.0006,0.0012,0,-0.56869,0.35985,0,0.70711,0.70711,0
7.59,-1.5675,0.1294,0.0013,2.0328,-0.0175,1.0006,0.0012,0,-0.568,0.36008,0,0.70711,0.70711,0
7.6,-1.5675,0.1294,0.0013,2.0328,-0.0175,1.0006,0.0012,0,-0.56722,0.3603,0,0.70711,0.70711,0
7.61,-1.5675,0.1294,0.0013,2.0328,-0.0175,1.0006,0.0012,0,-0.56634,0.36052,0,0.70711,0.70711,0
7.62,-1.5675,0.1294,0.0013,2.0328,-0.0175,1.0006,0.0012,0,-0.56538,0.36074,0,0.70711,0.70711,0
7.63,-1.5675,0.1294,0.0013,2.0328,-0.0175,1.0006,0.0012,0,-0.56432,0.36096,0,0.70711,0.70711,0
7.64,-1.5675,0.1294,0.0013,2.0328,-0.0175,1.0006,0.0012,0,-0.56317,0.36117,0,0.70711,0.70711,0
7.65,-1.5675,0.1294,0.0013,2.0328,-0.0175,1.0006,0.0012,0,-0.56193,0.36138,0,0.70711,0.70711,0
7.66,-1.5675,0.1294,0.0013,2.0328,-0.0175,1.0006,0.0012,0,-0.5606,0.36158,0,0.70711,0.70711,0
7.67,-1.5675,0.1294,0.0013,2.0328,-0.0175,1.0006,0.0012,0,-0.55918,0.36178,0,0.70711,0.70711,0
7.68,-1.5675,0.1294,0.0013,2.0328,-0.0175,1.0006,0.0012,0,-0.55768,0.36198,0,0.70711,0.70711,0
7.69,-1.5675,0.1294,0.0013,2.0328,-0.0175,1.0006,0.0012,0,-0.55609,0.36217,0,0.70711,0.70711,0
7.7,-1.5675,0.1294,0.0013,2.0328,-0.0175,1.0006,0.0012,0,-0.55441,0.36236,0,0.70711,0.70711,0
7.71,-1.5675,0.1294,0.0013,2.0328,-0.0175,1.0006,0.0012,0,-0.55265,0.36255,0,0.70711,0.70711,0
7.72,-1.5675,0.1294,0.0013,2.0328,-0.0175,1.0006,0.0012,0,-0.5508,0.36273,0,0.70711,0.70711,0
7.73,-1.5675,0.1294,0.0013,2.0328,-0.0175,1.0006,0.0012,0,-0.54887,0.3629,0,0.70711,0.70711,0
7.74,-1.5675,0.1294,0.0013,2.0328,-0.0175,1.0006,0.0012,0,-0.54686,0.36308,0,0.70711,0.70711,0
7.75,-1.5675,0.1294,0.0013,2.0328,-0.0175,1.0006,0.0012,0,-0.54477,0.36325,0,0.70711,0.70711,0
7.76,-1.5675,0.1294,0.0013,2.0328,-0.0175,1.0006,0.0012,0,-0.5426,0.36341,0,0.70711,0.70711,0
7.77,-1.5675,0.1294,0.0013,2.0328,-0.0175,1.0006,0.0012,0,-0.54034,0.36357,0,0.70711,0.70711,0
7.78,-1.5675,0.1294,0.0013,2.0328,-0.0175,1.0006,0.0012,0,-0.53802,0.36373,0,0.70711,0.70711,0
7.79,-1.5675,0.1294,0.0013,2.0328,-0.0175,1.0006,0.0012,0,-0.53561,0.36388,0,0.70711,0.70711,0
7.8,-1.5675,0.1294,0.0013,2.0328,-0.0175,1.0006,0.0012,0,-0.53314,0.36402,0,0.70711,0.70711,0
7.81,-1.5675,0.1294,0.0013,2.0328,-0.0175,1.0006,0.0012,0,-0.53059,0.36416,0,0.70711,0.70711,0
7.82,-1.5675,0.1294,0.0013,2.0328,-0.0175,1.0006,0.0012,0,-0.52796,0.3643,0,0.70711,0.70711,0
7.83,-1.5675,0.1294,0.0013,2.0328,-0.0175,1.0006,0.0012,0,-0.52527,0.36443,0,0.70711,0.70711,0
7.84,-1.5675,0.1294,0.0013,2.0328,-0.0175,1.0006,0.0012,0,-0.52251,0.36456,0,0.70711,0.70711,0
7.85,-1.5675,0.1294,0.0013,2.0328,-0.0175,1.0006,0.0012,0,-0.51968,0.36469,0,0.70711,0.70711,0
7.86,-1.5675,0.1294,0.0013,2.0328,-0.0175,1.0006,0.0012,0,-0.51678,0.3648,0,0.70711,0.70711,0
7.87,-1.5675,0.1294,0.0013,2.0328,-0.0175,1.0006,0.0012,0,-0.51383,0.36492,0,0.70711,0.70711,0
7.88,-1.5675,0.1294,0.0013,2.0328,-0.0175,1.0006,0.0012,0,-0.51081,0.36503,0,0.70711,0.70711,0
7.89,-1.5675,0.1294,0.0013,2.0328,-0.0175,1.0006,0.0012,0,-0.50772,0.36513,0,0.70711,0.70711,0
7.9,-1.5675,0.1294,0.0013,2.0328,-0.0175,1.0006,0.0012,0,-0.50458,0.36523,0,0.70711,0.70711,0
7.91,-1.5675,0.1294,0.0013,2.0328,-0.0175,1.0006,0.0012,0,-0.50139,0.36532,0,0.70711,0.70711,0
7.92,-1.5675,0.1294,0.0013,2.0328,-0.0175,1.0006,0.0012,0,-0.49813,0.36541,0,0.70711,0.70711,0
7.93,-1.5675,0.1294,0.0013,2.0328,-0.0175,1.0006,0.0012,0,-0.49483,0.3655,0,0.70711,0.70711,0
7.94,-1.5675,0.1294,0.0013,2.0328,-0.0175,1.0006,0.0012,0,-0.49147,0.36558,0,0.70711,0.70711,0
7.95,-1.5675,0.1294,0.0013,2.0328,-0.0175,1.0006,0.0012,0,-0.48806,0.36565,0,0.70711,0.70711,0
7.96,-1.5675,0.1294,0.0013,2.0328,-0.0175,1.0006,0.0012,0,-0.4846,0.36572,0,0.70711,0.70711,0
7.97,-1.5675,0.1294,0.0013,2.0328,-0.0175,1.0006,0.0012,0,-0.4811,0.36578,0,0.70711,0.70711,0
7.98,-1.5675,0.1294,0.0013,2.0328,-0.0175,1.0006,0.0012,0,-0.47755,0.36584,0,0.70711,0.70711,0
7.99,-1.5675,0.1294,0.0013,2.0328,-0.0175,1.0006,0.0012,0,-0.47396,0.3659,0,0.70711,0.70711,0
8,-1.5675,0.1294,0.0013,2.0328,-0.0175,1.0006,0.0012,0,-0.47033,0.36594,0,0.70711,0.70711,0
8.01,-1.5675,0.1294,0.0013,2.0328,-0.0175,1.0006,0.0012,0,-0.46667,0.36599,0,0.70711,0.70711,0
8.02,-1.5675,0.1294,0.0013,2.0328,-0.0175,1.0006,0.0012,0,-0.46296,0.36603,0,0.70711,0.70711,0
8.03,-1.5675,0.1294,0.0013,2.0328,-0.0175,1.0006,0.0012,0,-0.45923,0.36606,0,0.70711,0.70711,0
8.04,-1.5675,0.1294,0.0013,2.0328,-0.0175,1.0006,0.0012,0,-0.45546,0.36609,0,0.70711,0.70711,0
8.05,-1.5675,0.1294,0.0013,2.0328,-0.0175,1.0006,0.0012,0,-0.45166,0.36611,0,0.70711,0.70711,0
8.06,-1.5675,0.1294,0.0013,2.0328,-0.0175,1.0006,0.0012,0,-0.44783,0.36613,0,0.70711,0.70711,0
8.07,-1.5675,0.1294,0.0013,2.0328,-0.0175,1.0006,0.0012,0,-0.44398,0.36614,0,0.70711,0.70711,0
8.08,-1.5675,0.1294,0.0013,2.0328,-0.0175,1.0006,0.0012,0,-0.44011,0.36615,0,0.70711,0.70711,0
8.09,-1.5675,0.1294,0.0013,2.0328,-0.0175,1.0006,0.0012,0,-0.43621,0.36615,0,0.70711,0.70711,0
8.1,-1.5675,0.1294,0.0013,2.0328,-0.0175,1.0006,0.0012,0,-0.43229,0.36615,0,0.70711,0.70711,0
8.11,-1.5675,0.1294,0.0013,2.0328,-0.0175,1.0006,0.0012,0,-0.42836,0.36614,0,0.70711,0.70711,0
8.12,-1.5675,0.1294,0.0013,2.0328,-0.0175,1.0006,0.0012,0,-0.42441,0.36612,0,0.70711,0.70711,0
8.13,-1.5675,0.1294,0.0013,2.0328,-0.0175,1.0006,0.0012,0,-0.42045,0.3661,0,0.70711,0.70711,0
8.14,-1.5675,0.1294,0.0013,2.0328,-0.0175,1.0006,0.0012,0,-0.41648,0.36608,0,0.70711,0.70711,0
8.15,-1.5675,0.1294,0.0013,2.0328,-0.0175,1.0006,0.0012,0,-0.4125,0.36605,0,0.70711,0.70711,0
8.16,-1.5675,0.1294,0.0013,2.0328,-0.0175,1.0006,0.0012,0,-0.40852,0.36602,0,0.70711,0.70711,0
8.17,-1.5675,0.1294,0.0013,2.0328,-0.0175,1.0006,0.0012,0,-0.40453,0.36598,0,0.70711,0.70711,0
8.18,-1.5675,0.1294,0.0013,2.0328,-0.0175,1.0006,0.0012,0,-0.40054,0.36593,0,0.70711,0.70711,0
8.19,-1.5675,0.1294,0.0013,2.0328,-0.0175,1.0006,0.0012,0,-0.39655,0.36588,0,0.70711,0.70711,0
8.2,-1.5675,0.1294,0.0013,2.0328,-0.0175,1.0006,0.0012,0,-0.39655,0.36588,0,0.70711,0.70711,0
8.21,-1.5675,0.1294,0.0013,2.0328,-0.0175,1.0006,0.0012,0,-0.39655,0.36588,0,0.70711,0.70711,0
8.22,-1.5675,0.1294,0.0013,2.0328,-0.0175,1.0006,0.0012,0,-0.39655,0.36588,0,0.70711,0.70711,0
8.23,-1.5675,0.1294,0.0013,2.0328,-0.0175,1.0006,0.0012,0,-0.39655,0.36588,0,0.70711,0.70711,0
8.24,-1.5675,0.1294,0.0013,2.0328,-0.0175,1.0006,0.0012,0,-0.39655,0.36588,0,0.70711,0.70711,0
8.25,-1.5675,0.1294,0.0013,2.0328,-0.0175,1.0006,0.0012,0,-0.39655,0.36588,0,0.70711,0.70711,0
8.26,-1.5675,0.1294,0.0013,2.0328,-0.0175,1.0006,0.0012,0,-0.39655,0.36588,0,0.70711,0.70711,0
8.27,-1.5675,0.1294,0.0013,2.0328,-0.0175,1.0006,0.0012,0,-0.39655,0.36588,0,0.70711,0.70711,0
8.28,-1.5675,0.1294,0.0013,2.0328,-0.0175,1.0006,0.0012,0,-0.39655,0.36588,0,0.70711,0.70711,0
8.29,-1.5675,0.1294,0.0013,2.0328,-0.0175,1.0006,0.0012,0,-0.39655,0.36588,0,0.70711,0.70711,0
8.3,-1.5675,0.1294,0.0013,2.0328,-0.0175,1.0006,0.0012,0,-0.39655,0.36588,0,0.70711,0.70711,0
8.31,-1.5675,0.1294,0.0013,2.0328,-0.0175,1.0006,0.0012,0,-0.39655,0.36588,0,0.70711,0.70711,0
8.32,-1.5675,0.1294,0.0013,2.0328,-0.0175,1.0006,0.0012,0,-0.39655,0.36588,0,0.70711,0.70711,0
8.33,-1.5675,0.1294,0.0013,2.0328,-0.0175,1.0006,0.0012,0,-0.39655,0.36588,0,0.70711,0.70711,0
8.34,-1.5675,0.1294,0.0013,2.0328,-0.0175,1.0006,0.0012,0,-0.39655,0.36588,0,0.70711,0.70711,0
8.35,-1.5675,0.1294,0.0013,2.0328,-0.0175,1.0006,0.0012,0,-0.39655,0.36588,0,0.70711,0.70711,0
8.36,-1.5675,0.1294,0.0013,2.0328,-0.0175,1.0006,0.0012,0,-0.39655,0.36588,0,0.70711,0.70711,0
8.37,-1.5675,0.1294,0.0013,2.0328,-0.0175,1.0006,0.0012,0,-0.39655,0.36588,0,0.70711,0.70711,0
8.38,-1.5675,0.1294,0.0013,2.0328,-0.0175,1.0006,0.0012,0,-0.39655,0.36588,0,0.70711,0.70711,0
8.39,-1.5675,0.1294,0.0013,2.0328,-0.0175,1.0006,0.0012,0,-0.39655,0.36588,0,0.70711,0.70711,0
8.4,-1.5675,0.1294,0.0013,2.0328,-0.0175,1.0006,0.0012,0,-0.39655,0.36588,0,0.70711,0.70711,0
8.41,-1.5675,0.1294,0.0013,2.0328,-0.0175,1.0006,0.0012,0,-0.3974,0.36197,0,0.70711,0.70711,0
8.42,-1.5675,0.1294,0.0013,2.0328,-0.0175,1.0006,0.0012,0,-0.39825,0.35806,0,0.70711,0.70711,0
8.43,-1.5675,0.1294,0.0013,2.0328,-0.0175,1.0006,0.0012,0,-0.3991,0.35415,0,0.70711,0.70711,0
8.44,-1.5675,0.1294,0.0013,2.0328,-0.0175,1.0006,0.0012,0,-0.4,0.35,0,0.70711,0.70711,0
8.45,-1.5675,0.1294,0.0013,2.0328,-0.0175,1.0006,0.0012,0,-0.4,0.35,0,0.70711,0.70711,0
8.46,-1.5675,0.1294,0.0013,2.0328,-0.0175,1.0006,0.0012,0,-0.4,0.35,0,0.70711,0.70711,0
8.47,-1.5675,0.1294,0.0013,2.0328,-0.0175,1.0006,0.0012,0,-0.4,0.35,0,0.70711,0.70711,0
8.48,-1.5675,0.1294,0.0013,2.0328,-0.0175,1.0006,0.0012,0,-0.4,0.35,0,0.70711,0.70711,0
8.49,-1.5675,0.1294,0.0013,2.0328,-0.0175,1.0006,0.0012,0,-0.4,0.35,0,0.70711,0.70711,0
8.5,-1.5675,0.1294,0.0013,2.0328,-0.0175,1.0006,0.0012,0,-0.4,0.35,0,0.70711,0.70711,0
8.51,-1.5675,0.1294,0.0013,2.0328,-0.0175,1.0006,0.0012,0,-0.4,0.35,0,0.70711,0.70711,0
8.52,-1.5675,0.1294,0.0013,2.0328,-0.0175,1.0006,0.0012,0,-0.4,0.35,0,0.70711,0.70711,0
8.53,-1.5675,0.1294,0.0013,2.0328,-0.0175,1.0006,0.0012,0,-0.4,0.35,0,0.70711,0.70711,0
8.54,-1.5675,0.1294,0.0013,2.0328,-0.0175,1.0006,0.0012,0,-0.4,0.35,0,0.70711,0.70711,0
8.55,-1.5675,0.1294,0.0013,2.0328,-0.0175,1.0006,0.0012,0,-0.4,0.35,0,0.70711,0.70711,0
8.56,-1.5675,0.1294,0.0013,2.0328,-0.0175,1.0006,0.0012,0,-0.4,0.35,0,0.70711,0.70711,0
8.57,-1.5675,0.1294,0.0013,2.0328,-0.0175,1.0006,0.0012,0,-0.4,0.35,0,0.70711,0.70711,0
8.58,-1.5675,0.1294,0.0013,2.0328,-0.0175,1.0006,0.0012,0,-0.4,0.35,0,0.70711,0.70711,0
8.59,-1.5675,0.1294,0.0013,2.0328,-0.0175,1.0006,0.0012,0,-0.4,0.35,0,0.70711,0.70711,0
8.6,-1.5675,0.1294,0.0013,2.0328,-0.0175,1.0006,0.0012,0,-0.4,0.35,0,0.70711,0.70711,0
8.61,-1.5675,0.1294,0.0013,2.0328,-0.0175,1.0006,0.0012,0,-0.4,0.35,0,0.70711,0.70711,0
8.62,-1.5675,0.1294,0.0013,2.0328,-0.0175,1.0006,0.0012,0,-0.4,0.35,0,0.70711,0.70711,0
8.63,-1.5675,0.1294,0.0013,2.0328,-0.0175,1.0006,0.0012,0,-0.4,0.35,0,0.70711,0.70711,0
8.64,-1.5675,0.1294,0.0013,2.0328,-0.0175,1.0006,0.0012,0,-0.4,0.35,0,0.70711,0.70711,0
