%time,field.position.x,field.position.y,field.position.z,field.orientation.x,field.orientation.y,field.orientation.z,field.orientation.w
1624449031334802620,-0.00775545509532,-1.38178050518,0.0169101655483,-0.705714180304,0.000675015115855,0.0163462154108,0.709482119911
1624449031384756126,-0.00775545509532,-1.38178050518,0.0169101655483,-0.705714180304,0.000675015115855,0.0163462154108,0.709482119911
1624449031434782779,-0.00734821800143,-1.381737113,0.0204476863146,-0.706662015363,0.00473696636215,0.0191230375831,0.708411531197
1624449031485811706,-0.00601862091571,-1.38161766529,0.0187751203775,-0.706153008311,0.00287410804739,0.0184942211193,0.708956773325
1624449031534726766,-0.00601862091571,-1.38161766529,0.0187751203775,-0.706153008311,0.00287410804739,0.0184942211193,0.708956773325
1624449031585751723,-0.0017539212713,-1.38125216961,0.0191761851311,-0.706175673899,0.00638143296945,0.0204230458318,0.708637757486
1624449031635791597,-0.0017539212713,-1.38125216961,0.0191761851311,-0.706175673899,0.00638143296945,0.0204230458318,0.708637757486
1624449031684726679,-0.0017539212713,-1.38125216961,0.0191761851311,-0.706175673899,0.00638143296945,0.0204230458318,0.708637757486
1624449031735786926,0.00168125971686,-1.38087534904,0.0181207358837,-0.705733266764,0.00811601819107,0.0218649061005,0.708890773027
1624449031784992892,0.00339259812608,-1.38075935841,0.0185764729977,-0.705830319213,0.00969944806372,0.0225319311545,0.708642647852
1624449031834739454,0.00339259812608,-1.38075935841,0.0185764729977,-0.705830319213,0.00969944806372,0.0225319311545,0.708642647852
1624449031884788712,0.00339259812608,-1.38075935841,0.0185764729977,-0.705830319213,0.00969944806372,0.0225319311545,0.708642647852
1624449031934810477,8.93406540854e-05,-1.38116514683,0.0188595354557,-0.705929372381,0.00840329075188,0.0223184785539,0.708771946457
1624449031984751528,8.93406540854e-05,-1.38116514683,0.0188595354557,-0.705929372381,0.00840329075188,0.0223184785539,0.708771946457
1624449032034792780,0.00199073832482,-1.38095295429,0.0183517485857,-0.705721940121,0.00925065880113,0.0229578039796,0.708865706424
1624449032084813591,0.00199073832482,-1.38095295429,0.0183517485857,-0.705721940121,0.00925065880113,0.0229578039796,0.708865706424
1624449032134754081,0.00199073832482,-1.38095295429,0.0183517485857,-0.705721940121,0.00925065880113,0.0229578039796,0.708865706424
1624449032184839506,0.00320139969699,-1.38081729412,0.0182022601366,-0.70565236621,0.00998332087028,0.0233924793576,0.708848553464
1624449032234839355,0.00320139969699,-1.38081729412,0.0182022601366,-0.70565236621,0.00998332087028,0.0233924793576,0.708848553464
1624449032284761679,0.00320139969699,-1.38081729412,0.0182022601366,-0.70565236621,0.00998332087028,0.0233924793576,0.708848553464
1624449032334786807,0.00320139969699,-1.38081729412,0.0182022601366,-0.70565236621,0.00998332087028,0.0233924793576,0.708848553464
1624449032384784289,0.00320139969699,-1.38081729412,0.0182022601366,-0.70565236621,0.00998332087028,0.0233924793576,0.708848553464
1624449032434735610,0.00320139969699,-1.38081729412,0.0182022601366,-0.70565236621,0.00998332087028,0.0233924793576,0.708848553464
1624449032484726103,0.00320139969699,-1.38081729412,0.0182022601366,-0.70565236621,0.00998332087028,0.0233924793576,0.708848553464
1624449032534796612,0.00320139969699,-1.38081729412,0.0182022601366,-0.70565236621,0.00998332087028,0.0233924793576,0.708848553464
1624449032584751043,0.00320139969699,-1.38081729412,0.0182022601366,-0.70565236621,0.00998332087028,0.0233924793576,0.708848553464
1624449032634817966,0.00251757958904,-1.38095462322,0.0182538181543,-0.70574062398,0.00887731595305,0.0228536177224,0.708848713425
1624449032684784857,0.00251757958904,-1.38095462322,0.0182538181543,-0.70574062398,0.00887731595305,0.0228536177224,0.708848713425
1624449032734776807,0.00315820006654,-1.38086032867,0.0183622688055,-0.705747393943,0.00972210493871,0.0230177189318,0.708761722684
1624449032784733142,0.00315820006654,-1.38086032867,0.0183622688055,-0.705747393943,0.00972210493871,0.0230177189318,0.708761722684
1624449032834839358,0.00315820006654,-1.38086032867,0.0183622688055,-0.705747393943,0.00972210493871,0.0230177189318,0.708761722684
1624449032884804870,0.00103738962207,-1.38111913204,0.0183444917202,-0.705784894429,0.00839659843985,0.0223331324488,0.708892333789
1624449032934740431,0.00103738962207,-1.38111913204,0.0183444917202,-0.705784894429,0.00839659843985,0.0223331324488,0.708892333789
1624449032984800973,5.76119746256e-05,-1.38120245934,0.0184618681669,-0.705853498671,0.00782288121967,0.0218050312119,0.708866246979
1624449033034764639,5.76119746256e-05,-1.38120245934,0.0184618681669,-0.705853498671,0.00782288121967,0.0218050312119,0.708866246979
1624449033084794453,-0.00138974539004,-1.38138580322,0.0184849202633,-0.705886776861,0.00668628502891,0.0212261553737,0.70895838969
1624449033134730795,-0.00138974539004,-1.38138580322,0.0184849202633,-0.705886776861,0.00668628502891,0.0212261553737,0.70895838969
1624449033184792401,-7.43157943361e-05,-1.381270051,0.0182231813669,-0.705776896872,0.00733129878603,0.0216612608143,0.70899600914
1624449033234900476,0.000507201126311,-1.38121461868,0.0184166580439,-0.705818808884,0.00801814109806,0.0218165141065,0.708889306114
1624449033284737114,0.000507201126311,-1.38121461868,0.0184166580439,-0.705818808884,0.00801814109806,0.0218165141065,0.708889306114
1624449033334836980,0.00100942375138,-1.38115131855,0.0185744911432,-0.705842711783,0.00869782070698,0.0220085966809,0.708804626559
1624449033384835392,0.00100942375138,-1.38115131855,0.0185744911432,-0.705842711783,0.00869782070698,0.0220085966809,0.708804626559
1624449033434765396,0.000573535857257,-1.3812057972,0.0184902250767,-0.705840372604,0.00823830235264,0.0217064341762,0.708843709108
1624449033484764162,0.000573535857257,-1.3812057972,0.0184902250767,-0.705840372604,0.00823830235264,0.0217064341762,0.708843709108
1624449033534812424,0.000573535857257,-1.3812057972,0.0184902250767,-0.705840372604,0.00823830235264,0.0217064341762,0.708843709108
1624449033584783377,0.000573535857257,-1.3812057972,0.0184902250767,-0.705840372604,0.00823830235264,0.0217064341762,0.708843709108
1624449033634743240,0.000573535857257,-1.3812057972,0.0184902250767,-0.705840372604,0.00823830235264,0.0217064341762,0.708843709108
1624449033684835729,0.00144718808588,-1.38114583492,0.0185886323452,-0.705770097146,0.00950224428851,0.0219892102779,0.708826628044
1624449033734770335,0.00206180149689,-1.38108193874,0.0185517668724,-0.705741113563,0.00986869172629,0.0222077004553,0.708811271831
1624449033784867247,0.00206180149689,-1.38108193874,0.0185517668724,-0.705741113563,0.00986869172629,0.0222077004553,0.708811271831
1624449033834794083,0.000813476159237,-1.38122808933,0.0188646614552,-0.705855102499,0.00957347101035,0.0220698017705,0.708761784525
1624449033885000498,0.000813476159237,-1.38122808933,0.0188646614552,-0.705855102499,0.00957347101035,0.0220698017705,0.708761784525
1624449033934842936,0.000813476159237,-1.38122808933,0.0188646614552,-0.705855102499,0.00957347101035,0.0220698017705,0.708761784525
1624449033984881346,0.000813476159237,-1.38122808933,0.0188646614552,-0.705855102499,0.00957347101035,0.0220698017705,0.708761784525
1624449034034782268,0.000311107287416,-1.38129091263,0.0190389603376,-0.705939586877,0.00922477449577,0.0217438484752,0.708706936135
1624449034084844126,0.000311107287416,-1.38129091263,0.0190389603376,-0.705939586877,0.00922477449577,0.0217438484752,0.708706936135
1624449034134783399,-1.37596850891e-06,-1.3813046217,0.0189865529537,-0.705934959826,0.00885799080487,0.0214268894252,0.708733027494
1624449034184830170,-1.37596850891e-06,-1.3813046217,0.0189865529537,-0.705934959826,0.00885799080487,0.0214268894252,0.708733027494
1624449034234779329,-0.000201741000637,-1.38131332397,0.0189384073019,-0.705911356157,0.00883681865721,0.0214904373305,0.708763438209
1624449034284753396,-0.000201741000637,-1.38131332397,0.0189384073019,-0.705911356157,0.00883681865721,0.0214904373305,0.708763438209
1624449034334872886,-0.000201741000637,-1.38131332397,0.0189384073019,-0.705911356157,0.00883681865721,0.0214904373305,0.708763438209
1624449034384763106,-0.000869092007633,-1.38137614727,0.0189854949713,-0.705914194202,0.00854999785554,0.0214874492272,0.708802342363
1624449034434868974,-0.000869092007633,-1.38137614727,0.0189854949713,-0.705914194202,0.00854999785554,0.0214874492272,0.708802342363
1624449034484823811,-0.00118846620899,-1.38138437271,0.0190324783325,-0.705924844601,0.00859385551842,0.0214683085881,0.708796841292
1624449034534755500,-0.00118846620899,-1.38138437271,0.0190324783325,-0.705924844601,0.00859385551842,0.0214683085881,0.708796841292
1624449034584845004,-0.000585006724577,-1.38131821156,0.0188961774111,-0.70587414712,0.00882494561105,0.0217096749246,0.708816252234
1624449034637865389,-0.000585006724577,-1.38131821156,0.0188961774111,-0.70587414712,0.00882494561105,0.0217096749246,0.708816252234
1624449034684801165,-0.000123412479297,-1.38126432896,0.0188574045897,-0.705853296213,0.00909919383762,0.021868808473,0.70880489107
1624449034734779094,-0.000123412479297,-1.38126432896,0.0188574045897,-0.705853296213,0.00909919383762,0.021868808473,0.70880489107
1624449034784755361,-0.000123412479297,-1.38126432896,0.0188574045897,-0.705853296213,0.00909919383762,0.021868808473,0.70880489107
1624449034834812612,-0.000123412479297,-1.38126432896,0.0188574045897,-0.705853296213,0.00909919383762,0.021868808473,0.70880489107
1624449034884751868,-0.000123412479297,-1.38126432896,0.0188574045897,-0.705853296213,0.00909919383762,0.021868808473,0.70880489107
1624449034934809391,-0.000123412479297,-1.38126432896,0.0188574045897,-0.705853296213,0.00909919383762,0.021868808473,0.70880489107
1624449034984817758,-0.000123412479297,-1.38126432896,0.0188574045897,-0.705853296213,0.00909919383762,0.021868808473,0.70880489107
1624449035034850230,-0.000123412479297,-1.38126432896,0.0188574045897,-0.705853296213,0.00909919383762,0.021868808473,0.70880489107
1624449035084867161,-0.000123412479297,-1.38126432896,0.0188574045897,-0.705853296213,0.00909919383762,0.021868808473,0.70880489107
1624449035134825899,0.000211778460653,-1.38120794296,0.0188232660294,-0.705830122989,0.00941911357261,0.0220130163561,0.70879624131
1624449035184873811,0.000710063322913,-1.38116526604,0.0187048912048,-0.705788245684,0.00959924330799,0.0222092089327,0.708812412807
1624449035234799474,0.000959216151386,-1.38113510609,0.0187758356333,-0.705809282465,0.00986704242213,0.0222805644924,0.708764727416
1624449035284730347,0.000959216151386,-1.38113510609,0.0187758356333,-0.705809282465,0.00986704242213,0.0222805644924,0.708764727416
1624449035334734915,0.000959216151386,-1.38113510609,0.0187758356333,-0.705809282465,0.00986704242213,0.0222805644924,0.708764727416
1624449035384958582,0.00137511058711,-1.38109576702,0.0187587141991,-0.705800243556,0.0101254790842,0.0223984424137,0.708745893652
1624449035434811676,0.00180211837869,-1.3810454607,0.0186412930489,-0.705750916879,0.01030509473,0.0225427303278,0.708769924052
1624449035484928761,0.00180211837869,-1.3810454607,0.0186412930489,-0.705750916879,0.01030509473,0.0225427303278,0.708769924052
1624449035534974291,0.00204467680305,-1.38102507591,0.0187379419804,-0.705777249013,0.0105428654878,0.022619531839,0.708719200173
1624449035584859440,0.00204467680305,-1.38102507591,0.0187379419804,-0.705777249013,0.0105428654878,0.022619531839,0.708719200173
1624449035634923574,0.00204467680305,-1.38102507591,0.0187379419804,-0.705777249013,0.0105428654878,0.022619531839,0.708719200173
1624449035684967583,0.00236585130915,-1.3809838295,0.0186906605959,-0.705756676753,0.0107827747928,0.0226871839968,0.708714860123
1624449035734742230,0.00236585130915,-1.3809838295,0.0186906605959,-0.705756676753,0.0107827747928,0.0226871839968,0.708714860123
1624449035784988341,0.00259381812066,-1.3809607029,0.0187355875969,-0.705764700659,0.0110149238709,0.0228137940399,0.708684717958
1624449035834734170,0.00259381812066,-1.3809607029,0.0187355875969,-0.705764700659,0.0110149238709,0.0228137940399,0.708684717958
1624449035884780494,0.00278409710154,-1.38093173504,0.0187038630247,-0.705748260074,0.0112138701337,0.0229033519576,0.708681168659
1624449035934750900,0.00278409710154,-1.38093173504,0.0187038630247,-0.705748260074,0.0112138701337,0.0229033519576,0.708681168659
1624449035984770869,0.00278409710154,-1.38093173504,0.0187038630247,-0.705748260074,0.0112138701337,0.0229033519576,0.708681168659
1624449036034770522,0.00278409710154,-1.38093173504,0.0187038630247,-0.705748260074,0.0112138701337,0.0229033519576,0.708681168659
1624449036084717386,0.00278409710154,-1.38093173504,0.0187038630247,-0.705748260074,0.0112138701337,0.0229033519576,0.708681168659
1624449036134796161,0.00328550464474,-1.38089442253,0.0186099112034,-0.705667871147,0.0117171600467,0.0230517981814,0.708722814411
1624449036184823708,0.00328550464474,-1.38089442253,0.0186099112034,-0.705667871147,0.0117171600467,0.0230517981814,0.708722814411
1624449036234777271,0.00367407617159,-1.38085567951,0.0184965878725,-0.705628265397,0.0118668506991,0.0231896310741,0.708742870033
1624449036284804389,0.00367407617159,-1.38085567951,0.0184965878725,-0.705628265397,0.0118668506991,0.0231896310741,0.708742870033
1624449036334760382,0.00408726092428,-1.38083100319,0.0184712558985,-0.70557591488,0.0123551205633,0.0233189676698,0.708759046115
1624449036384852012,0.00433260342106,-1.38080096245,0.0184099823236,-0.705551214657,0.0124668178523,0.0234204738622,0.708767807526
1624449036434731117,0.00433260342106,-1.38080096245,0.0184099823236,-0.705551214657,0.0124668178523,0.0234204738622,0.708767807526
1624449036484712638,0.00433260342106,-1.38080096245,0.0184099823236,-0.705551214657,0.0124668178523,0.0234204738622,0.708767807526
1624449036534742269,0.00423700734973,-1.3808079958,0.018343642354,-0.705542866056,0.0121242608224,0.0233091568182,0.708800419083
1624449036584834577,0.00423700734973,-1.3808079958,0.018343642354,-0.705542866056,0.0121242608224,0.0233091568182,0.708800419083
1624449036634716551,0.00449758116156,-1.38077926636,0.0182685554028,-0.705512653943,0.0122362695558,0.0234219193966,0.708814783361
1624449036684735924,0.00449758116156,-1.38077926636,0.0182685554028,-0.705512653943,0.0122362695558,0.0234219193966,0.708814783361
1624449036734686941,0.00449758116156,-1.38077926636,0.0182685554028,-0.705512653943,0.0122362695558,0.0234219193966,0.708814783361
1624449036784783134,0.0045914305374,-1.38075566292,0.0182768404484,-0.705515561965,0.0123607649337,0.0234534392836,0.708798724506
1624449036834718140,0.0045914305374,-1.38075566292,0.0182768404484,-0.705515561965,0.0123607649337,0.0234534392836,0.708798724506
1624449036884760098,0.0045914305374,-1.38075566292,0.0182768404484,-0.705515561965,0.0123607649337,0.0234534392836,0.708798724506
1624449036934778180,0.0042201243341,-1.38080108166,0.018386721611,-0.705567929033,0.0121513733516,0.0232426692374,0.708769412332
1624449036984725813,0.0042201243341,-1.38080108166,0.018386721611,-0.705567929033,0.0121513733516,0.0232426692374,0.708769412332
1624449037034772344,0.00439644930884,-1.3807772398,0.0183681249619,-0.70556097827,0.0122460106034,0.0233061026348,0.708763448392
1624449037084753188,0.00455582747236,-1.38076686859,0.0184138864279,-0.70557456941,0.0123602285086,0.0233593249021,0.708736152831
1624449037134683724,0.00455582747236,-1.38076686859,0.0184138864279,-0.70557456941,0.0123602285086,0.0233593249021,0.708736152831
1624449037184757063,0.00445332285017,-1.38078355789,0.0184432417154,-0.705586507614,0.0122265283143,0.0233804920987,0.708736494733
1624449037234681878,0.00445332285017,-1.38078355789,0.0184432417154,-0.705586507614,0.0122265283143,0.0233804920987,0.708736494733
1624449037284760618,0.00460994336754,-1.38076364994,0.0184467732906,-0.705582574318,0.0123601397053,0.0234425474185,0.708725831299
1624449037334710259,0.00460994336754,-1.38076364994,0.0184467732906,-0.705582574318,0.0123601397053,0.0234425474185,0.708725831299
1624449037384767116,0.00470706447959,-1.38075304031,0.0184995234013,-0.705600629575,0.0124728238469,0.0234878662191,0.70869646108
1624449037434684949,0.00470706447959,-1.38075304031,0.0184995234013,-0.705600629575,0.0124728238469,0.0234878662191,0.70869646108
1624449037484710378,0.00470706447959,-1.38075304031,0.0184995234013,-0.705600629575,0.0124728238469,0.0234878662191,0.70869646108
1624449037534691750,0.00470706447959,-1.38075304031,0.0184995234013,-0.705600629575,0.0124728238469,0.0234878662191,0.70869646108
1624449037584764470,0.00470706447959,-1.38075304031,0.0184995234013,-0.705600629575,0.0124728238469,0.0234878662191,0.70869646108
1624449037634670984,0.00470706447959,-1.38075304031,0.0184995234013,-0.705600629575,0.0124728238469,0.0234878662191,0.70869646108
1624449037684712724,0.00470706447959,-1.38075304031,0.0184995234013,-0.705600629575,0.0124728238469,0.0234878662191,0.70869646108
1624449037734713121,0.00483080092818,-1.38074052334,0.0185415297747,-0.705613975816,0.012580137988,0.0235426384699,0.708671483869
1624449037784756358,0.00483080092818,-1.38074052334,0.0185415297747,-0.705613975816,0.012580137988,0.0235426384699,0.708671483869
1624449037834659159,0.00483080092818,-1.38074052334,0.0185415297747,-0.705613975816,0.012580137988,0.0235426384699,0.708671483869
1624449037884769667,0.00493537867442,-1.38073253632,0.018612191081,-0.705636338653,0.0126919237534,0.0235666592078,0.708637093547
1624449037934666599,0.00493537867442,-1.38073253632,0.018612191081,-0.705636338653,0.0126919237534,0.0235666592078,0.708637093547
1624449037984775171,0.00504838814959,-1.38071501255,0.018613666296,-0.705637570378,0.0127713963535,0.0236171426894,0.708626311565
1624449038034668986,0.00504838814959,-1.38071501255,0.018613666296,-0.705637570378,0.0127713963535,0.0236171426894,0.708626311565
1624449038084731557,0.00504838814959,-1.38071501255,0.018613666296,-0.705637570378,0.0127713963535,0.0236171426894,0.708626311565
1624449038134753766,0.0051566096954,-1.38069915771,0.0186253041029,-0.705641466835,0.0128528402633,0.0236500623609,0.708612431315
1624449038184744244,0.0051566096954,-1.38069915771,0.0186253041029,-0.705641466835,0.0128528402633,0.0236500623609,0.708612431315
1624449038234743881,0.00533453887329,-1.38068223,0.0185934156179,-0.705632980014,0.0128887623633,0.0237362570599,0.708613203871
1624449038284764318,0.00536100100726,-1.38068056107,0.0186923593283,-0.705669729103,0.0129857796751,0.0237634454255,0.708568530681
1624449038334758453,0.00536100100726,-1.38068056107,0.0186923593283,-0.705669729103,0.0129857796751,0.0237634454255,0.708568530681
1624449038384823648,0.00548438215628,-1.38066458702,0.0186756104231,-0.705665400384,0.0130384730446,0.023818450171,0.70856497965
1624449038434769135,0.00548438215628,-1.38066458702,0.0186756104231,-0.705665400384,0.0130384730446,0.023818450171,0.70856497965
1624449038484799430,0.0056486139074,-1.38063526154,0.0185630470514,-0.705626391789,0.0130794390837,0.0238931960008,0.70859599929
1624449038534726148,0.0056486139074,-1.38063526154,0.0185630470514,-0.705626391789,0.0130794390837,0.0238931960008,0.70859599929
1624449038584779351,0.00572384148836,-1.38061690331,0.0185535997152,-0.705620166073,0.0131704028492,0.0238997599601,0.708592431474
1624449038634751995,0.00588477542624,-1.38060390949,0.0185359418392,-0.705614734437,0.0132087686121,0.0239668783307,0.708590199085
1624449038684712698,0.00588477542624,-1.38060390949,0.0185359418392,-0.705614734437,0.0132087686121,0.0239668783307,0.708590199085
1624449038734879153,0.00600259704515,-1.3805898428,0.0185139775276,-0.705606009025,0.0132695376065,0.0240136381965,0.708590556337
1624449038784731751,0.00600259704515,-1.3805898428,0.0185139775276,-0.705606009025,0.0132695376065,0.0240136381965,0.708590556337
1624449038834757864,0.0060468185693,-1.38058614731,0.0185716450214,-0.705627173209,0.013341512068,0.0240262287547,0.708562334459
1624449038884728028,0.0060468185693,-1.38058614731,0.0185716450214,-0.705627173209,0.013341512068,0.0240262287547,0.708562334459
1624449038934881395,0.00611150451005,-1.38058495522,0.0186497122049,-0.705653114276,0.0134218781496,0.0240422602052,0.708528156462
1624449038984710612,0.00611150451005,-1.38058495522,0.0186497122049,-0.705653114276,0.0134218781496,0.0240422602052,0.708528156462
1624449039034717389,0.00611150451005,-1.38058495522,0.0186497122049,-0.705653114276,0.0134218781496,0.0240422602052,0.708528156462
1624449039084785543,0.00611150451005,-1.38058495522,0.0186497122049,-0.705653114276,0.0134218781496,0.0240422602052,0.708528156462
1624449039134722859,0.00611150451005,-1.38058495522,0.0186497122049,-0.705653114276,0.0134218781496,0.0240422602052,0.708528156462
1624449039184774556,0.00625539198518,-1.38057005405,0.0186113864183,-0.705639398535,0.0134623008966,0.0241080492733,0.708534621786
1624449039234761325,0.00625539198518,-1.38057005405,0.0186113864183,-0.705639398535,0.0134623008966,0.0241080492733,0.708534621786
1624449039284753809,0.00636552972719,-1.38056206703,0.0186251103878,-0.705643393642,0.0135143859499,0.0241524928079,0.708523134847
1624449039334744577,0.00636552972719,-1.38056206703,0.0186251103878,-0.705643393642,0.0135143859499,0.0241524928079,0.708523134847
1624449039384811791,0.00642041442916,-1.38055503368,0.0186609178782,-0.70565444121,0.0135882688348,0.0241698437806,0.708504461437
1624449039434719230,0.00642041442916,-1.38055503368,0.0186609178782,-0.70565444121,0.0135882688348,0.0241698437806,0.708504461437
1624449039484778508,0.00616873800755,-1.3805783987,0.0187349170446,-0.705682376896,0.0135217141759,0.0241209092926,0.70848918919
1624449039534831588,0.00620644446462,-1.38057100773,0.0187721550465,-0.705695692219,0.0135835616697,0.024129947862,0.708469613183
1624449039584775977,0.00623582536355,-1.38056516647,0.0188125520945,-0.705711543103,0.0136348443907,0.0241323709226,0.708448527154
1624449039634731055,0.00623582536355,-1.38056516647,0.0188125520945,-0.705711543103,0.0136348443907,0.0241323709226,0.708448527154
1624449039684805801,0.00623582536355,-1.38056516647,0.0188125520945,-0.705711543103,0.0136348443907,0.0241323709226,0.708448527154
1624449039734763993,0.00623582536355,-1.38056516647,0.0188125520945,-0.705711543103,0.0136348443907,0.0241323709226,0.708448527154
1624449039784765196,0.0059528965503,-1.38058638573,0.0188458263874,-0.705730513198,0.0134532925328,0.0240139733879,0.708447156852
1624449039834734344,0.0059528965503,-1.38058638573,0.0188458263874,-0.705730513198,0.0134532925328,0.0240139733879,0.708447156852
1624449039884797479,0.00570107996464,-1.38061213493,0.0188771486282,-0.705748796148,0.0132682623034,0.0239017671209,0.708445631836
1624449039934757270,0.00576329929754,-1.3806014061,0.0188906788826,-0.705751176755,0.0133392758854,0.0239158251967,0.708435641134
1624449039984731451,0.00576329929754,-1.3806014061,0.0188906788826,-0.705751176755,0.0133392758854,0.0239158251967,0.708435641134
1624449040034797187,0.00576329929754,-1.3806014061,0.0188906788826,-0.705751176755,0.0133392758854,0.0239158251967,0.708435641134
1624449040084724535,0.00576329929754,-1.3806014061,0.0188906788826,-0.705751176755,0.0133392758854,0.0239158251967,0.708435641134
1624449040134788963,0.00576329929754,-1.3806014061,0.0188906788826,-0.705751176755,0.0133392758854,0.0239158251967,0.708435641134
1624449040184716656,0.00576329929754,-1.3806014061,0.0188906788826,-0.705751176755,0.0133392758854,0.0239158251967,0.708435641134
1624449040234803832,0.00581419654191,-1.3805937767,0.0189167708158,-0.70575924103,0.0134056026386,0.0239275505161,0.708420853248
1624449040284741567,0.00581419654191,-1.3805937767,0.0189167708158,-0.70575924103,0.0134056026386,0.0239275505161,0.708420853248
1624449040334762134,0.00584739632905,-1.38058674335,0.0189535319805,-0.705770569588,0.0134825513029,0.0239466801032,0.708402894793
1624449040384743334,0.00584739632905,-1.38058674335,0.0189535319805,-0.705770569588,0.0134825513029,0.0239466801032,0.708402894793
1624449040434801138,0.00551749253646,-1.38060951233,0.0189520567656,-0.705775706234,0.0133451861543,0.0238096001003,0.708413383883
1624449040484766696,0.00551749253646,-1.38060951233,0.0189520567656,-0.705775706234,0.0133451861543,0.0238096001003,0.708413383883
1624449040534772038,0.00530954450369,-1.38061988354,0.0189421772957,-0.705771650505,0.0132667581279,0.0238078115649,0.708427293587
1624449040584773586,0.00530954450369,-1.38061988354,0.0189421772957,-0.705771650505,0.0132667581279,0.0238078115649,0.708427293587
1624449040634774267,0.00530954450369,-1.38061988354,0.0189421772957,-0.705771650505,0.0132667581279,0.0238078115649,0.708427293587
1624449040684772013,0.00542715284973,-1.38060426712,0.0189082920551,-0.705756164166,0.0133270151299,0.0238439744771,0.708434857539
1624449040734836351,0.00542715284973,-1.38060426712,0.0189082920551,-0.705756164166,0.0133270151299,0.0238439744771,0.708434857539
1624449040784716462,0.00542715284973,-1.38060426712,0.0189082920551,-0.705756164166,0.0133270151299,0.0238439744771,0.708434857539
1624449040834826695,0.00520220166072,-1.38061857224,0.0189090967178,-0.705762603426,0.0131606296266,0.0237446885447,0.708443405639
1624449040884727142,0.00520220166072,-1.38061857224,0.0189090967178,-0.705762603426,0.0131606296266,0.0237446885447,0.708443405639
1624449040934762376,0.0052720955573,-1.38060283661,0.0188916325569,-0.705753278134,0.0132264706281,0.0237486333166,0.708445313291
1624449040984781302,0.0052720955573,-1.38060283661,0.0188916325569,-0.705753278134,0.0132264706281,0.0237486333166,0.708445313291
1624449041034815152,0.00499136513099,-1.3806296587,0.0189185589552,-0.705768533103,0.0130928659471,0.0236264558875,0.708444251997
1624449041084724746,0.00499136513099,-1.3806296587,0.0189185589552,-0.705768533103,0.0130928659471,0.0236264558875,0.708444251997
1624449041134794084,0.0051076435484,-1.38061416149,0.0188775062561,-0.705753021257,0.0131335515592,0.0236799968169,0.708453657751
1624449041184879231,0.0051076435484,-1.38061416149,0.0188775062561,-0.705753021257,0.0131335515592,0.0236799968169,0.708453657751
1624449041234732055,0.0051076435484,-1.38061416149,0.0188775062561,-0.705753021257,0.0131335515592,0.0236799968169,0.708453657751
1624449041284829690,0.00521677313372,-1.38060498238,0.0188593268394,-0.705747294745,0.0131613033685,0.0237194062097,0.708454169946
1624449041334770621,0.00521677313372,-1.38060498238,0.0188593268394,-0.705747294745,0.0131613033685,0.0237194062097,0.708454169946
1624449041384751093,0.00521677313372,-1.38060498238,0.0188593268394,-0.705747294745,0.0131613033685,0.0237194062097,0.708454169946
1624449041434815833,0.00505672767758,-1.38062381744,0.0188878923655,-0.705763028917,0.0130207532908,0.023608438418,0.708451550633
1624449041484737819,0.00505672767758,-1.38062381744,0.0188878923655,-0.705763028917,0.0130207532908,0.023608438418,0.708451550633
1624449041534784990,0.00488733872771,-1.38064432144,0.0189225673676,-0.705781601909,0.0128858295671,0.0235032828269,0.708446440807
1624449041584729453,0.00488733872771,-1.38064432144,0.0189225673676,-0.705781601909,0.0128858295671,0.0235032828269,0.708446440807
1624449041634831964,0.00500799017027,-1.38063180447,0.0188796073198,-0.705766577387,0.0129161637706,0.0235588954333,0.708456138451
1624449041684725922,0.00500799017027,-1.38063180447,0.0188796073198,-0.705766577387,0.0129161637706,0.0235588954333,0.708456138451
1624449041734908407,0.00504802167416,-1.38062870502,0.0189090967178,-0.705776675588,0.012980135708,0.0235813639042,0.708440343591
1624449041784712293,0.00504802167416,-1.38062870502,0.0189090967178,-0.705776675588,0.012980135708,0.0235813639042,0.708440343591
1624449041834865238,0.00491968775168,-1.38064599037,0.0189269781113,-0.705789996844,0.0128347584518,0.023497373807,0.708440252226
1624449041884740002,0.00491968775168,-1.38064599037,0.0189269781113,-0.705789996844,0.0128347584518,0.023497373807,0.708440252226
1624449041934746163,0.00491968775168,-1.38064599037,0.0189269781113,-0.705789996844,0.0128347584518,0.023497373807,0.708440252226
1624449041984852969,0.00500891497359,-1.38064837456,0.0189544260502,-0.705799414351,0.012887784002,0.0235338477732,0.708424592419
1624449042034767383,0.00509459944442,-1.38063716888,0.0189262032509,-0.705788529106,0.0129308157783,0.0235681081186,0.708429965657
1624449042084802601,0.00509459944442,-1.38063716888,0.0189262032509,-0.705788529106,0.0129308157783,0.0235681081186,0.708429965657
1624449042134743083,0.00509459944442,-1.38063716888,0.0189262032509,-0.705788529106,0.0129308157783,0.0235681081186,0.708429965657
1624449042184756036,0.00509459944442,-1.38063716888,0.0189262032509,-0.705788529106,0.0129308157783,0.0235681081186,0.708429965657
1624449042234730599,0.00509459944442,-1.38063716888,0.0189262032509,-0.705788529106,0.0129308157783,0.0235681081186,0.708429965657
1624449042284805450,0.0051444908604,-1.38063180447,0.0189470350742,-0.705794701164,0.0129852967874,0.0235775137278,0.708418154603
1624449042334763441,0.0051444908604,-1.38063180447,0.0189470350742,-0.705794701164,0.0129852967874,0.0235775137278,0.708418154603
1624449042384780753,0.00497488863766,-1.38064980507,0.0189937949181,-0.705816474057,0.0128667545136,0.0234743137297,0.708408778615
1624449042434753476,0.00497488863766,-1.38064980507,0.0189937949181,-0.705816474057,0.0128667545136,0.0234743137297,0.708408778615
1624449042484834463,0.00497488863766,-1.38064980507,0.0189937949181,-0.705816474057,0.0128667545136,0.0234743137297,0.708408778615
1624449042534864077,0.00497488863766,-1.38064980507,0.0189937949181,-0.705816474057,0.0128667545136,0.0234743137297,0.708408778615
1624449042584768559,0.00497488863766,-1.38064980507,0.0189937949181,-0.705816474057,0.0128667545136,0.0234743137297,0.708408778615
1624449042634867954,0.00507514178753,-1.38063406944,0.0189223140478,-0.705792762788,0.0128921509791,0.0235353347143,0.708428376351
1624449042684722480,0.00507514178753,-1.38063406944,0.0189223140478,-0.705792762788,0.0128921509791,0.0235353347143,0.708428376351
1624449042734819941,0.00512241851538,-1.38063144684,0.018941283226,-0.705798671515,0.0129490217357,0.0235486447273,0.708416871914
1624449042784726158,0.00512241851538,-1.38063144684,0.018941283226,-0.705798671515,0.0129490217357,0.0235486447273,0.708416871914
1624449042834727401,0.00512241851538,-1.38063144684,0.018941283226,-0.705798671515,0.0129490217357,0.0235486447273,0.708416871914
1624449042884777288,0.00516079179943,-1.38062596321,0.0189657658339,-0.705807136978,0.0129998567114,0.0235612908659,0.708403477113
1624449042934841938,0.0052568023093,-1.3806142807,0.0189294666052,-0.705794206253,0.0130301874694,0.0236057286041,0.70841168419
1624449042984844389,0.0052568023093,-1.3806142807,0.0189294666052,-0.705794206253,0.0130301874694,0.0236057286041,0.70841168419
1624449043034782710,0.00503604346886,-1.38063406944,0.0189915597439,-0.705820557902,0.0129161320841,0.0235079836433,0.708397100649
1624449043084726065,0.00503604346886,-1.38063406944,0.0189915597439,-0.705820557902,0.0129161320841,0.0235079836433,0.708397100649
1624449043134764874,0.00489730294794,-1.38063442707,0.0189393311739,-0.705801125178,0.0128496940876,0.0235064970817,0.708423635279
1624449043184737819,0.00489730294794,-1.38063442707,0.0189393311739,-0.705801125178,0.0128496940876,0.0235064970817,0.708423635279
1624449043234715103,0.00489730294794,-1.38063442707,0.0189393311739,-0.705801125178,0.0128496940876,0.0235064970817,0.708423635279
1624449043284803988,0.00494431843981,-1.38063287735,0.0189872831106,-0.705815960254,0.0129113023846,0.0235184295641,0.708403066276
1624449043334817332,0.00494431843981,-1.38063287735,0.0189872831106,-0.705815960254,0.0129113023846,0.0235184295641,0.708403066276
1624449043384779428,0.00502006569877,-1.38062667847,0.0189828872681,-0.70581411686,0.0129498780778,0.0235515606319,0.708400060667
1624449043434735814,0.00502006569877,-1.38062667847,0.0189828872681,-0.70581411686,0.0129498780778,0.0235515606319,0.708400060667
1624449043484842583,0.00505291717127,-1.38062810898,0.0190400332212,-0.705834159688,0.0130038736585,0.0235624918104,0.708375342688
1624449043534776011,0.00505291717127,-1.38062810898,0.0190400332212,-0.705834159688,0.0130038736585,0.0235624918104,0.708375342688
1624449043584751635,0.00510350335389,-1.38062131405,0.0190480947495,-0.705834949486,0.0130571252098,0.0235758733452,0.708368934417
1624449043634757477,0.00510350335389,-1.38062131405,0.0190480947495,-0.705834949486,0.0130571252098,0.0235758733452,0.708368934417
1624449043684788435,0.00515554938465,-1.38061380386,0.0190504193306,-0.705835285419,0.0131013688149,0.0236011211427,0.708363994995
1624449043734742245,0.00515554938465,-1.38061380386,0.0190504193306,-0.705835285419,0.0131013688149,0.0236011211427,0.708363994995
1624449043784777439,0.00515554938465,-1.38061380386,0.0190504193306,-0.705835285419,0.0131013688149,0.0236011211427,0.708363994995
1624449043834745329,0.00515554938465,-1.38061380386,0.0190504193306,-0.705835285419,0.0131013688149,0.0236011211427,0.708363994995
1624449043884731915,0.00515554938465,-1.38061380386,0.0190504193306,-0.705835285419,0.0131013688149,0.0236011211427,0.708363994995
1624449043934817261,0.00515554938465,-1.38061380386,0.0190504193306,-0.705835285419,0.0131013688149,0.0236011211427,0.708363994995
1624449043984730749,0.00519207352772,-1.38060820103,0.0190680921078,-0.705840810442,0.0131519185044,0.0236206404453,0.708354016866
1624449044034839510,0.00519207352772,-1.38060820103,0.0190680921078,-0.705840810442,0.0131519185044,0.0236206404453,0.708354016866
1624449044084778244,0.00522871082649,-1.38060498238,0.0190845876932,-0.705847764058,0.013192651042,0.0236461357444,0.708343323021
1624449044134760122,0.00528054358438,-1.38060367107,0.0191016793251,-0.705855647185,0.0132230939587,0.0236920049396,0.708332435492
1624449044184722765,0.00528054358438,-1.38060367107,0.0191016793251,-0.705855647185,0.0132230939587,0.0236920049396,0.708332435492
1624449044234836406,0.00531899416819,-1.38059914112,0.0191124975681,-0.705859394667,0.0132624397094,0.0237077896744,0.708324663854
1624449044284765909,0.00538476696238,-1.38059031963,0.0190969109535,-0.70585342976,0.0132947852859,0.0237382361042,0.70832651192
1624449044334729327,0.00538476696238,-1.38059031963,0.0190969109535,-0.70585342976,0.0132947852859,0.0237382361042,0.70832651192
1624449044384769659,0.00538476696238,-1.38059031963,0.0190969109535,-0.70585342976,0.0132947852859,0.0237382361042,0.70832651192
1624449044434861620,0.00542302336544,-1.38058567047,0.0191076397896,-0.705856588812,0.0133382948977,0.023756797646,0.708319204107
1624449044484715954,0.00542302336544,-1.38058567047,0.0191076397896,-0.705856588812,0.0133382948977,0.023756797646,0.708319204107
1624449044534813465,0.00548683898523,-1.38057971001,0.0190996229649,-0.705853306706,0.0133694249042,0.0237858485208,0.708318486618
1624449044584741306,0.00548683898523,-1.38057971001,0.0190996229649,-0.705853306706,0.0133694249042,0.0237858485208,0.708318486618
1624449044634829017,0.00551822548732,-1.38057565689,0.0191148519516,-0.705858094556,0.0134144227863,0.0238002735105,0.708309586602
1624449044684745459,0.00551822548732,-1.38057565689,0.0191148519516,-0.705858094556,0.0134144227863,0.0238002735105,0.708309586602
1624449044734774526,0.00534868938848,-1.38058900833,0.0191372931004,-0.705869815006,0.0133018089555,0.0237240060086,0.708308423039
1624449044784734859,0.00534868938848,-1.38058900833,0.0191372931004,-0.705869815006,0.0133018089555,0.0237240060086,0.708308423039
1624449044834761404,0.00534868938848,-1.38058900833,0.0191372931004,-0.705869815006,0.0133018089555,0.0237240060086,0.708308423039
1624449044884781152,0.00514055043459,-1.38060331345,0.0191496759653,-0.705872043924,0.0132827480466,0.0236953025088,0.708312097308
1624449044934765980,0.00514055043459,-1.38060331345,0.0191496759653,-0.705872043924,0.0132827480466,0.0236953025088,0.708312097308
1624449044984770561,0.00520456535742,-1.38059234619,0.019120067358,-0.705859730901,0.0133203249409,0.0237128427816,0.708319808766
1624449045034759830,0.00520456535742,-1.38059234619,0.019120067358,-0.705859730901,0.0133203249409,0.0237128427816,0.708319808766
1624449045084868487,0.00527953077108,-1.38058197498,0.0190913230181,-0.705848374393,0.0133505711982,0.0237424957429,0.708326898395
1624449045134734516,0.00527953077108,-1.38058197498,0.0190913230181,-0.705848374393,0.0133505711982,0.0237424957429,0.708326898395
1624449045184861519,0.00530232768506,-1.38057923317,0.0191188007593,-0.705857279416,0.0133953509228,0.0237456449475,0.708313993398
1624449045234729055,0.00530232768506,-1.38057923317,0.0191188007593,-0.705857279416,0.0133953509228,0.0237456449475,0.708313993398
1624449045284771466,0.00530232768506,-1.38057923317,0.0191188007593,-0.705857279416,0.0133953509228,0.0237456449475,0.708313993398
1624449045334790575,0.00533908838406,-1.38057124615,0.0191098153591,-0.705853183726,0.0134334977313,0.0237516712154,0.708314007861
1624449045384735984,0.00533908838406,-1.38057124615,0.0191098153591,-0.705853183726,0.0134334977313,0.0237516712154,0.708314007861
1624449045434785117,0.00537932198495,-1.38056457043,0.0191097557545,-0.705852966396,0.0134651733959,0.0237650602721,0.708310679326
1624449045484770658,0.00537932198495,-1.38056457043,0.0191097557545,-0.705852966396,0.0134651733959,0.0237650602721,0.708310679326
1624449045534765402,0.00537932198495,-1.38056457043,0.0191097557545,-0.705852966396,0.0134651733959,0.0237650602721,0.708310679326
1624449045584808312,0.00542006734759,-1.38055956364,0.0191161185503,-0.705853580965,0.0135068421006,0.0237747750064,0.708305734896
1624449045634785002,0.00542006734759,-1.38055956364,0.0191161185503,-0.705853580965,0.0135068421006,0.0237747750064,0.708305734896
1624449045684744192,0.00542006734759,-1.38055956364,0.0191161185503,-0.705853580965,0.0135068421006,0.0237747750064,0.708305734896
1624449045734812976,0.00548358540982,-1.38055276871,0.0190988183022,-0.705847616547,0.0135287632577,0.023799858019,0.7083083001
1624449045784730878,0.00548358540982,-1.38055276871,0.0190988183022,-0.705847616547,0.0135287632577,0.023799858019,0.7083083001
1624449045834801002,0.00529082491994,-1.38056981564,0.0191221088171,-0.705854915471,0.0135038905769,0.0237733962475,0.70830716127
1624449045884851056,0.00529082491994,-1.38056981564,0.0191221088171,-0.705854915471,0.0135038905769,0.0237733962475,0.70830716127
1624449045934772387,0.00533738359809,-1.38056635857,0.0191303938627,-0.705857560901,0.0135342239952,0.0237863579819,0.708300981169
1624449045984757706,0.00533738359809,-1.38056635857,0.0191303938627,-0.705857560901,0.0135342239952,0.0237863579819,0.708300981169
1624449046034749763,0.00533738359809,-1.38056635857,0.0191303938627,-0.705857560901,0.0135342239952,0.0237863579819,0.708300981169
1624449046084821712,0.00539886765182,-1.38055872917,0.0191110372543,-0.705850886106,0.0135553794023,0.0238117218332,0.708304343608
1624449046134780885,0.00545195443556,-1.38055086136,0.0190943032503,-0.705845097727,0.0135788195892,0.0238370441145,0.70830698549
1624449046184813209,0.00545195443556,-1.38055086136,0.0190943032503,-0.705845097727,0.0135788195892,0.0238370441145,0.70830698549
1624449046234738001,0.00545195443556,-1.38055086136,0.0190943032503,-0.705845097727,0.0135788195892,0.0238370441145,0.70830698549
1624449046284778224,0.00552340503782,-1.38054442406,0.0190668851137,-0.705837037353,0.013588920014,0.023883764114,0.708312878492
1624449046334805342,0.00552340503782,-1.38054442406,0.0190668851137,-0.705837037353,0.013588920014,0.023883764114,0.708312878492
1624449046384854085,0.00560017256066,-1.38053500652,0.0190323889256,-0.705825194372,0.0136016471483,0.0239156355549,0.708321638683
1624449046434758087,0.00560017256066,-1.38053500652,0.0190323889256,-0.705825194372,0.0136016471483,0.0239156355549,0.708321638683
1624449046484928316,0.00567362364382,-1.38052272797,0.0189787000418,-0.705805709286,0.0136210187499,0.02395099986,0.708337815263
1624449046534925714,0.00567362364382,-1.38052272797,0.0189787000418,-0.705805709286,0.0136210187499,0.02395099986,0.708337815263
1624449046584776030,0.00550250709057,-1.38053297997,0.0189616829157,-0.705799204814,0.0135905273312,0.0239334284173,0.708350465745
1624449046634849759,0.00550250709057,-1.38053297997,0.0189616829157,-0.705799204814,0.0135905273312,0.0239334284173,0.708350465745
1624449046684741542,0.00550250709057,-1.38053297997,0.0189616829157,-0.705799204814,0.0135905273312,0.0239334284173,0.708350465745
1624449046734779372,0.00553732970729,-1.38052868843,0.0189673602581,-0.705801109391,0.013618292155,0.0239450231308,0.708345471878
1624449046784753605,0.00553732970729,-1.38052868843,0.0189673602581,-0.705801109391,0.013618292155,0.0239450231308,0.708345471878
1624449046834840371,0.00557874934748,-1.38052487373,0.0189774483442,-0.705803592439,0.0136512239302,0.0239570355255,0.708339348565
1624449046884725141,0.00557874934748,-1.38052487373,0.0189774483442,-0.705803592439,0.0136512239302,0.0239570355255,0.708339348565
1624449046934844130,0.00565320951864,-1.38051605225,0.0189451873302,-0.705792659933,0.0136601801071,0.0239861320119,0.708347618098
1624449046984841521,0.00565320951864,-1.38051605225,0.0189451873302,-0.705792659933,0.0136601801071,0.0239861320119,0.708347618098
1624449047034818242,0.00569105288014,-1.38051044941,0.0189447253942,-0.705791511697,0.0136922484853,0.0240022423614,0.708345265785
1624449047084812480,0.00569105288014,-1.38051044941,0.0189447253942,-0.705791511697,0.0136922484853,0.0240022423614,0.708345265785
1624449047134972049,0.00572558864951,-1.38050758839,0.0189538598061,-0.705795525916,0.0137164376992,0.0240208219504,0.708338640218
1624449047184928168,0.00572558864951,-1.38050758839,0.0189538598061,-0.705795525916,0.0137164376992,0.0240208219504,0.708338640218
1624449047234906560,0.00579496659338,-1.38050115108,0.0189347416162,-0.705788935109,0.0137327013281,0.024054087996,0.708342299046
1624449047284764622,0.00581658445299,-1.3804987669,0.0189498215914,-0.705794135635,0.0137625092115,0.0240600694968,0.708334208429
1624449047334776052,0.00581658445299,-1.3804987669,0.0189498215914,-0.705794135635,0.0137625092115,0.0240600694968,0.708334208429
1624449047384915174,0.00588539382443,-1.38049328327,0.0189321041107,-0.705787324496,0.0137815000628,0.0240913340834,0.708337877223
1624449047434804010,0.00588539382443,-1.38049328327,0.0189321041107,-0.705787324496,0.0137815000628,0.0240913340834,0.708337877223
1624449047484796195,0.00590379023924,-1.38049340248,0.0189660340548,-0.705798384319,0.0138216423575,0.0241044686789,0.708323526284
1624449047534735003,0.00590379023924,-1.38049340248,0.0189660340548,-0.705798384319,0.0138216423575,0.0241044686789,0.708323526284
1624449047584897649,0.00581780169159,-1.38050222397,0.018956169486,-0.705798764405,0.0137232140945,0.0240456922766,0.708332392103
1624449047634891234,0.00581780169159,-1.38050222397,0.018956169486,-0.705798764405,0.0137232140945,0.0240456922766,0.708332392103
1624449047684950964,0.00581780169159,-1.38050222397,0.018956169486,-0.705798764405,0.0137232140945,0.0240456922766,0.708332392103
1624449047735052466,0.00581780169159,-1.38050222397,0.018956169486,-0.705798764405,0.0137232140945,0.0240456922766,0.708332392103
1624449047785062674,0.00581780169159,-1.38050222397,0.018956169486,-0.705798764405,0.0137232140945,0.0240456922766,0.708332392103
1624449047834936157,0.00581780169159,-1.38050222397,0.018956169486,-0.705798764405,0.0137232140945,0.0240456922766,0.708332392103
1624449047884972685,0.00581780169159,-1.38050222397,0.018956169486,-0.705798764405,0.0137232140945,0.0240456922766,0.708332392103
1624449047935092287,0.00583701161668,-1.38050401211,0.0190006196499,-0.7058133546,0.0137627710387,0.0240470120653,0.708314371909
1624449047985019614,0.00583701161668,-1.38050401211,0.0190006196499,-0.7058133546,0.0137627710387,0.0240470120653,0.708314371909
1624449048034774418,0.00583701161668,-1.38050401211,0.0190006196499,-0.7058133546,0.0137627710387,0.0240470120653,0.708314371909
1624449048084734183,0.00583701161668,-1.38050401211,0.0190006196499,-0.7058133546,0.0137627710387,0.0240470120653,0.708314371909
1624449048134775929,0.00583701161668,-1.38050401211,0.0190006196499,-0.7058133546,0.0137627710387,0.0240470120653,0.708314371909
1624449048184758197,0.00583701161668,-1.38050401211,0.0190006196499,-0.7058133546,0.0137627710387,0.0240470120653,0.708314371909
1624449048234786081,0.00583701161668,-1.38050401211,0.0190006196499,-0.7058133546,0.0137627710387,0.0240470120653,0.708314371909
1624449048284735835,0.00583701161668,-1.38050401211,0.0190006196499,-0.7058133546,0.0137627710387,0.0240470120653,0.708314371909
1624449048334815710,0.00583701161668,-1.38050401211,0.0190006196499,-0.7058133546,0.0137627710387,0.0240470120653,0.708314371909
1624449048384739623,0.00583701161668,-1.38050401211,0.0190006196499,-0.7058133546,0.0137627710387,0.0240470120653,0.708314371909
1624449048434733073,0.00583701161668,-1.38050401211,0.0190006196499,-0.7058133546,0.0137627710387,0.0240470120653,0.708314371909
1624449048484876957,0.00589585211128,-1.38049769402,0.0189788788557,-0.705806099863,0.0137745698386,0.0240681403366,0.708319076732
1624449048534748540,0.00589585211128,-1.38049769402,0.0189788788557,-0.705806099863,0.0137745698386,0.0240681403366,0.708319076732
1624449048584807715,0.00589585211128,-1.38049769402,0.0189788788557,-0.705806099863,0.0137745698386,0.0240681403366,0.708319076732
1624449048635102992,0.00589585211128,-1.38049769402,0.0189788788557,-0.705806099863,0.0137745698386,0.0240681403366,0.708319076732
1624449048685211889,0.00595659483224,-1.3804911375,0.0189535617828,-0.705796835972,0.0137932392887,0.0240959524147,0.708325375749
1624449048735098000,0.00595659483224,-1.3804911375,0.0189535617828,-0.705796835972,0.0137932392887,0.0240959524147,0.708325375749
1624449048785081616,0.00595659483224,-1.3804911375,0.0189535617828,-0.705796835972,0.0137932392887,0.0240959524147,0.708325375749
1624449048835175354,0.00581806944683,-1.38050234318,0.0189689695835,-0.705805684286,0.0137019813037,0.0240374664596,0.708325574123
1624449048885313664,0.00581806944683,-1.38050234318,0.0189689695835,-0.705805684286,0.0137019813037,0.0240374664596,0.708325574123
1624449048935121169,0.00581806944683,-1.38050234318,0.0189689695835,-0.705805684286,0.0137019813037,0.0240374664596,0.708325574123
1624449048985192908,0.00581806944683,-1.38050234318,0.0189689695835,-0.705805684286,0.0137019813037,0.0240374664596,0.708325574123
1624449049035206316,0.00581806944683,-1.38050234318,0.0189689695835,-0.705805684286,0.0137019813037,0.0240374664596,0.708325574123
1624449049084789041,0.00581806944683,-1.38050234318,0.0189689695835,-0.705805684286,0.0137019813037,0.0240374664596,0.708325574123
1624449049134774932,0.00581806944683,-1.38050234318,0.0189689695835,-0.705805684286,0.0137019813037,0.0240374664596,0.708325574123
1624449049184715656,0.00581806944683,-1.38050234318,0.0189689695835,-0.705805684286,0.0137019813037,0.0240374664596,0.708325574123
1624449049234751834,0.0058856443502,-1.38049471378,0.0189397633076,-0.705795151479,0.0137123643225,0.0240605649818,0.708333357831
1624449049284762663,0.0058856443502,-1.38049471378,0.0189397633076,-0.705795151479,0.0137123643225,0.0240605649818,0.708333357831
1624449049334744668,0.0058856443502,-1.38049471378,0.0189397633076,-0.705795151479,0.0137123643225,0.0240605649818,0.708333357831
1624449049384787452,0.00572555465624,-1.38050222397,0.0189176797867,-0.705786286246,0.0136864166855,0.0240377079316,0.708347744399
1624449049434775588,0.00572555465624,-1.38050222397,0.0189176797867,-0.705786286246,0.0136864166855,0.0240377079316,0.708347744399
1624449049484768458,0.00572555465624,-1.38050222397,0.0189176797867,-0.705786286246,0.0136864166855,0.0240377079316,0.708347744399
1624449049534803644,0.005734664388,-1.38050067425,0.0189427435398,-0.705795094091,0.0137193326187,0.0240399800893,0.708336328963
1624449049584810048,0.005734664388,-1.38050067425,0.0189427435398,-0.705795094091,0.0137193326187,0.0240399800893,0.708336328963
1624449049634730566,0.005734664388,-1.38050067425,0.0189427435398,-0.705795094091,0.0137193326187,0.0240399800893,0.708336328963
1624449049684760162,0.00557401077822,-1.38051259518,0.01893620193,-0.705795880516,0.0136425538905,0.0239729544091,0.708344132521
1624449049734848978,0.00562733970582,-1.38050615788,0.0189195424318,-0.705789569865,0.0136622759924,0.0239963588496,0.708347594678
1624449049784751979,0.0056930128485,-1.38049900532,0.0188897103071,-0.705778956574,0.013675989429,0.024024994168,0.708355501897
1624449049834798336,0.0056930128485,-1.38049900532,0.0188897103071,-0.705778956574,0.013675989429,0.024024994168,0.708355501897
1624449049884777276,0.0056930128485,-1.38049900532,0.0188897103071,-0.705778956574,0.013675989429,0.024024994168,0.708355501897
1624449049934836392,0.0056930128485,-1.38049900532,0.0188897103071,-0.705778956574,0.013675989429,0.024024994168,0.708355501897
1624449049984781670,0.0056930128485,-1.38049900532,0.0188897103071,-0.705778956574,0.013675989429,0.024024994168,0.708355501897
1624449050034780454,0.00550117297098,-1.38051593304,0.0189337730408,-0.705794293673,0.013661345019,0.0239865101821,0.708346147349
1624449050084716780,0.00550117297098,-1.38051593304,0.0189337730408,-0.705794293673,0.013661345019,0.0239865101821,0.708346147349
1624449050134845000,0.00550117297098,-1.38051593304,0.0189337730408,-0.705794293673,0.013661345019,0.0239865101821,0.708346147349
1624449050184785916,0.00550117297098,-1.38051593304,0.0189337730408,-0.705794293673,0.013661345019,0.0239865101821,0.708346147349
1624449050234730253,0.00550117297098,-1.38051593304,0.0189337730408,-0.705794293673,0.013661345019,0.0239865101821,0.708346147349
1624449050284878328,0.00550117297098,-1.38051593304,0.0189337730408,-0.705794293673,0.013661345019,0.0239865101821,0.708346147349
1624449050334783969,0.00555757340044,-1.38051342964,0.0189394652843,-0.705796682372,0.0136731565103,0.0240080954523,0.708341343192
1624449050384745580,0.00555757340044,-1.38051342964,0.0189394652843,-0.705796682372,0.0136731565103,0.0240080954523,0.708341343192
1624449050434780204,0.00555757340044,-1.38051342964,0.0189394652843,-0.705796682372,0.0136731565103,0.0240080954523,0.708341343192
1624449050484771561,0.00557117117569,-1.38051307201,0.0189633369446,-0.705805896186,0.0136960153219,0.0240108692573,0.708330111726
1624449050534790260,0.00557117117569,-1.38051307201,0.0189633369446,-0.705805896186,0.0136960153219,0.0240108692573,0.708330111726
1624449050584750047,0.00557117117569,-1.38051307201,0.0189633369446,-0.705805896186,0.0136960153219,0.0240108692573,0.708330111726
1624449050634828157,0.00563378958032,-1.38050615788,0.0189387351274,-0.705797874586,0.0137035127765,0.0240368925806,0.708335966406
1624449050684823070,0.00563378958032,-1.38050615788,0.0189387351274,-0.705797874586,0.0137035127765,0.0240368925806,0.708335966406
1624449050734788841,0.00569685827941,-1.38049912453,0.0189138054848,-0.705789390911,0.0137108968376,0.0240610223272,0.7083421794
1624449050784714702,0.00569685827941,-1.38049912453,0.0189138054848,-0.705789390911,0.0137108968376,0.0240610223272,0.7083421794
1624449050834774509,0.00569685827941,-1.38049912453,0.0189138054848,-0.705789390911,0.0137108968376,0.0240610223272,0.7083421794
1624449050884894820,0.00573863461614,-1.38049614429,0.018918082118,-0.705790985807,0.0137288014412,0.0240774801664,0.708338129665
1624449050934748652,0.00573863461614,-1.38049614429,0.018918082118,-0.705790985807,0.0137288014412,0.0240774801664,0.708338129665
1624449050984815487,0.00578915560618,-1.38049578667,0.0189292281866,-0.70579490709,0.0137477174489,0.0241049610287,0.70833166074
1624449051035254668,0.00578915560618,-1.38049578667,0.0189292281866,-0.70579490709,0.0137477174489,0.0241049610287,0.70833166074
1624449051085260234,0.00578915560618,-1.38049578667,0.0189292281866,-0.70579490709,0.0137477174489,0.0241049610287,0.70833166074
