%time,field.header.seq,field.header.stamp,field.header.frame_id,field.name0,field.name1,field.name2,field.name3,field.name4,field.name5,field.name6,field.position0,field.position1,field.position2,field.position3,field.position4,field.position5,field.position6,field.velocity0,field.velocity1,field.velocity2,field.velocity3,field.velocity4,field.velocity5,field.velocity6,field.effort0,field.effort1,field.effort2,field.effort3,field.effort4,field.effort5,field.effort6
1624449277704867072,8935,1624449277705354259,,iri_wam_joint_1,iri_wam_joint_2,iri_wam_joint_3,iri_wam_joint_4,iri_wam_joint_5,iri_wam_joint_6,iri_wam_joint_7,-1.28646203075,0.164176669457,-0.345785387082,2.00857739943,0.0816805233962,0.976608077896,-0.106340932047,0.0,0.0,0.0,0.0,-0.0395950983822,-0.0395950983822,0.0,-0.0934860410232,-11.2932127727,-0.577968263653,-4.53775683589,-0.157155705098,0.0621086839767,0.0590267380774
1624449277740548343,8936,1624449277741085108,,iri_wam_joint_1,iri_wam_joint_2,iri_wam_joint_3,iri_wam_joint_4,iri_wam_joint_5,iri_wam_joint_6,iri_wam_joint_7,-1.2864255074,0.164176669457,-0.345785387082,2.00857739943,0.0817595945708,0.976529006721,-0.106340932047,0.0,0.0,0.0,0.0,0.0,0.0,0.0,-0.0970726638419,-11.2970212034,-0.582016332806,-4.54702925902,-0.168247702825,0.0534803551725,0.0537616294628
1624449277804993613,8937,1624449277805495041,,iri_wam_joint_1,iri_wam_joint_2,iri_wam_joint_3,iri_wam_joint_4,iri_wam_joint_5,iri_wam_joint_6,iri_wam_joint_7,-1.2864255074,0.164176669457,-0.345785387082,2.00857739943,0.0818386657454,0.976608077896,-0.106443676909,0.0,0.0,0.0,0.0,0.0395998261551,-0.0395998261551,0.0,-0.0971628301417,-11.290690607,-0.582470914123,-4.53692547802,-0.17835794498,0.0620279157761,0.0495043123576
1624449277840662397,8938,1624449277841220964,,iri_wam_joint_1,iri_wam_joint_2,iri_wam_joint_3,iri_wam_joint_4,iri_wam_joint_5,iri_wam_joint_6,iri_wam_joint_7,-1.28646203075,0.164176669457,-0.345785387082,2.00857739943,0.0817595945708,0.976529006721,-0.106443676909,0.0,0.0,0.0,0.0,0.0,0.0,0.0,-0.0945241840015,-11.2961679573,-0.579975681454,-4.54700535337,-0.167252810499,0.0535290990345,0.054754887918
1624449277905159924,8939,1624449277905635088,,iri_wam_joint_1,iri_wam_joint_2,iri_wam_joint_3,iri_wam_joint_4,iri_wam_joint_5,iri_wam_joint_6,iri_wam_joint_7,-1.2864255074,0.164176669457,-0.345785387082,2.00849217827,0.0818386657454,0.976608077896,-0.106340932047,0.0,0.0,0.0,-0.0426798126337,0.0,0.0,0.0514559027066,-0.0866074005359,-11.2759010051,-0.570544816578,-4.50959073487,-0.176592237662,0.0662612469492,0.0419179413064
1624449277940812367,8940,1624449277941356060,,iri_wam_joint_1,iri_wam_joint_2,iri_wam_joint_3,iri_wam_joint_4,iri_wam_joint_5,iri_wam_joint_6,iri_wam_joint_7,-1.2864255074,0.164176669457,-0.345785387082,2.00849217827,0.0817595945708,0.976529006721,-0.106340932047,0.0,0.0,0.0,-0.042669622873,-0.039590371738,-0.039590371738,0.0,-0.0987977358397,-11.272480166,-0.58154996248,-4.49604291655,-0.158937825383,0.077494463774,0.0596544209369
1624449278006305913,8941,1624449278006833864,,iri_wam_joint_1,iri_wam_joint_2,iri_wam_joint_3,iri_wam_joint_4,iri_wam_joint_5,iri_wam_joint_6,iri_wam_joint_7,-1.28646203075,0.164176669457,-0.345785387082,2.00857739943,0.0818386657454,0.976608077896,-0.106340932047,-0.0182673553273,0.0,0.0,0.042623829097,0.0,0.0,0.0,-0.0736289351139,-11.3110144045,-0.562369184183,-4.5822860052,-0.169675998838,0.0401980678473,0.0476444851721
1624449278040931970,8942,1624449278041488134,,iri_wam_joint_1,iri_wam_joint_2,iri_wam_joint_3,iri_wam_joint_4,iri_wam_joint_5,iri_wam_joint_6,iri_wam_joint_7,-1.28646203075,0.164176669457,-0.345785387082,2.00857739943,0.0817595945708,0.976529006721,-0.106443676909,0.0,0.0,0.0,0.0,0.0,0.0,0.0,-0.0945241840015,-11.2961679573,-0.579975681454,-4.54700535337,-0.167252810499,0.0535290990345,0.054754887918
1624449278106489792,8943,1624449278106989894,,iri_wam_joint_1,iri_wam_joint_2,iri_wam_joint_3,iri_wam_joint_4,iri_wam_joint_5,iri_wam_joint_6,iri_wam_joint_7,-1.2864255074,0.164176669457,-0.345785387082,2.00849217827,0.0817595945708,0.976529006721,-0.106443676909,0.0,0.0,0.0,0.0,-0.039538453034,-0.039538453034,0.0,-0.0994334240772,-11.290702233,-0.583194185953,-4.52912016113,-0.157789905668,0.0652017187366,0.0605251244985
1624449278141078225,8944,1624449278141621247,,iri_wam_joint_1,iri_wam_joint_2,iri_wam_joint_3,iri_wam_joint_4,iri_wam_joint_5,iri_wam_joint_6,iri_wam_joint_7,-1.2864255074,0.164176669457,-0.345785387082,2.00857739943,0.0817595945708,0.976529006721,-0.106443676909,0.0182891644908,0.0,0.0,0.0426747171451,2.7797354782e-14,-0.0791901967643,0.0,-0.115361473454,-11.309117187,-0.598480389978,-4.55697229826,-0.166547990921,0.0606982116011,0.0588759234939
1624449278206992955,8945,1624449278207518093,,iri_wam_joint_1,iri_wam_joint_2,iri_wam_joint_3,iri_wam_joint_4,iri_wam_joint_5,iri_wam_joint_6,iri_wam_joint_7,-1.28646203075,0.164176669457,-0.345785387082,2.00857739943,0.0817595945708,0.976529006721,-0.106340932047,0.0,0.0,0.0,0.0187792072506,1.22323549256e-14,-0.0348480134548,0.0,-0.0908816552453,-11.3047884571,-0.576760809902,-4.5575245858,-0.167826949931,0.0610454272539,0.0525437523804
1624449278242264185,8946,1624449278242816862,,iri_wam_joint_1,iri_wam_joint_2,iri_wam_joint_3,iri_wam_joint_4,iri_wam_joint_5,iri_wam_joint_6,iri_wam_joint_7,-1.28646203075,0.164176669457,-0.345785387082,2.00849217827,0.0818386657454,0.976608077896,-0.106238187185,0.0,0.0,0.0,0.0,0.039552599171,0.039552599171,0.0513945360963,-0.0794189917903,-11.2964889239,-0.5659204072,-4.55403945269,-0.186705935675,0.0441513844831,0.034014693628
1624449278307113505,8947,1624449278307659483,,iri_wam_joint_1,iri_wam_joint_2,iri_wam_joint_3,iri_wam_joint_4,iri_wam_joint_5,iri_wam_joint_6,iri_wam_joint_7,-1.2864255074,0.164176669457,-0.345785387082,2.00857739943,0.0817595945708,0.976529006721,-0.106340932047,0.0182608227172,0.0,0.0,0.0,0.0,0.0,-0.0513700304169,-0.127858517395,-11.3003882976,-0.610418328052,-4.54583516603,-0.161011988884,0.0532007874321,0.0699427881271
1624449278342523848,8948,1624449278342966751,,iri_wam_joint_1,iri_wam_joint_2,iri_wam_joint_3,iri_wam_joint_4,iri_wam_joint_5,iri_wam_joint_6,iri_wam_joint_7,-1.2864255074,0.164176669457,-0.345785387082,2.00857739943,0.0817595945708,0.976529006721,-0.106340932047,0.0,0.0,0.0,0.0,-0.039552599171,-0.039552599171,0.0,-0.0977263305815,-11.2938257677,-0.581687498057,-4.53591818932,-0.158574578818,0.0633753039188,0.0589052811841
1624449278408308246,8949,1624449278408841917,,iri_wam_joint_1,iri_wam_joint_2,iri_wam_joint_3,iri_wam_joint_4,iri_wam_joint_5,iri_wam_joint_6,iri_wam_joint_7,-1.28646203075,0.164176669457,-0.345785387082,2.00857739943,0.0817595945708,0.976529006721,-0.106238187185,0.0,0.0,0.0,0.0,0.0,0.0,0.0,-0.0914420421322,-11.2961843039,-0.576936852346,-4.54719529142,-0.16897488829,0.0535479840539,0.0516727424648
1624449278442760799,8950,1624449278443109678,,iri_wam_joint_1,iri_wam_joint_2,iri_wam_joint_3,iri_wam_joint_4,iri_wam_joint_5,iri_wam_joint_6,iri_wam_joint_7,-1.28646203075,0.164176669457,-0.345785387082,2.00849217827,0.0818386657454,0.976608077896,-0.106238187185,0.0,0.0,0.0,0.0,0.0,0.0,0.0513700304169,-0.080071818182,-11.2932939444,-0.565590666345,-4.54292879439,-0.177032420654,0.0540459680884,0.0391583452789
1624449278508500147,8951,1624449278509003238,,iri_wam_joint_1,iri_wam_joint_2,iri_wam_joint_3,iri_wam_joint_4,iri_wam_joint_5,iri_wam_joint_6,iri_wam_joint_7,-1.28646203075,0.164176669457,-0.345785387082,2.00857739943,0.0817595945708,0.976529006721,-0.106340932047,-0.0182586462187,0.0,0.0,0.0,0.0,0.0,0.0,-0.0741341620047,-11.2926848231,-0.561816372352,-4.54748636065,-0.168665530556,0.0538181887919,0.0489705309259
1624449278542760675,8952,1624449278543260020,,iri_wam_joint_1,iri_wam_joint_2,iri_wam_joint_3,iri_wam_joint_4,iri_wam_joint_5,iri_wam_joint_6,iri_wam_joint_7,-1.28646203075,0.164176669457,-0.345785387082,2.00849217827,0.0818386657454,0.976608077896,-0.106238187185,-0.0182651772714,0.0,0.0,-0.0426187469664,0.0,0.0,0.0,-0.0740643412972,-11.271447114,-0.560587337556,-4.50933426551,-0.171187888499,0.0666089853913,0.0475236476573
1624449278608619190,8953,1624449278609150700,,iri_wam_joint_1,iri_wam_joint_2,iri_wam_joint_3,iri_wam_joint_4,iri_wam_joint_5,iri_wam_joint_6,iri_wam_joint_7,-1.2864255074,0.164176669457,-0.345785387082,2.00849217827,0.0818386657454,0.976608077896,-0.106340932047,0.0,0.0,0.0,-0.0425832059575,0.0395101910947,-0.0395101910947,0.0,-0.096693963135,-11.2693538952,-0.580814826935,-4.49714584156,-0.179582542773,0.0761562077323,0.0487124602489
1624449278643040254,8954,1624449278643416893,,iri_wam_joint_1,iri_wam_joint_2,iri_wam_joint_3,iri_wam_joint_4,iri_wam_joint_5,iri_wam_joint_6,iri_wam_joint_7,-1.2864255074,0.164176669457,-0.345785387082,2.00857739943,0.0817595945708,0.976529006721,-0.106238187185,0.0,0.0,0.0,0.0,0.0,0.0,0.0,-0.0955315928242,-11.2970293767,-0.580496918151,-4.54712422809,-0.169108741655,0.0534897976489,0.0522205566531
1624449278708942266,8955,1624449278709394117,,iri_wam_joint_1,iri_wam_joint_2,iri_wam_joint_3,iri_wam_joint_4,iri_wam_joint_5,iri_wam_joint_6,iri_wam_joint_7,-1.2864255074,0.164176669457,-0.345785387082,2.00849217827,0.0817595945708,0.976529006721,-0.106340932047,0.0182087295584,0.0,0.0,-0.0424870356362,0.0,0.0,0.0,-0.116994131987,-11.2791674286,-0.598519629232,-4.50676734224,-0.168059461454,0.0673199854361,0.058753711974
1624449278743154313,8956,1624449278743568382,,iri_wam_joint_1,iri_wam_joint_2,iri_wam_joint_3,iri_wam_joint_4,iri_wam_joint_5,iri_wam_joint_6,iri_wam_joint_7,-1.28646203075,0.164176669457,-0.345785387082,2.00857739943,0.0817595945708,0.976529006721,-0.106340932047,0.0,0.0,0.0,0.0,0.0,0.0,0.0,-0.0929831133477,-11.2961761303,-0.578456267243,-4.54710032224,-0.168113849639,0.0535385416564,0.0532138154723
1624449278809024935,8957,1624449278809553144,,iri_wam_joint_1,iri_wam_joint_2,iri_wam_joint_3,iri_wam_joint_4,iri_wam_joint_5,iri_wam_joint_6,iri_wam_joint_7,-1.2864255074,0.164176669457,-0.345785387082,2.00849217827,0.0817595945708,0.976529006721,-0.106340932047,0.0,0.0,0.0,0.0,0.0,0.0,0.0513884074848,-0.0853026322212,-11.2940302153,-0.570242559179,-4.54113400185,-0.175008052283,0.0553162158867,0.0419025266443
1624449278843424249,8958,1624449278843709331,,iri_wam_joint_1,iri_wam_joint_2,iri_wam_joint_3,iri_wam_joint_4,iri_wam_joint_5,iri_wam_joint_6,iri_wam_joint_7,-1.28646203075,0.164176669457,-0.345785387082,2.00849217827,0.0816805233962,0.976608077896,-0.106340932047,0.0,0.0135776539008,0.0228104262555,0.0,0.0,0.0,0.0,-0.116375813619,-11.3194862142,-0.599950614189,-4.54800859821,-0.166051224107,0.0518946801353,0.0591513067378
1624449278909181672,8959,1624449278909695826,,iri_wam_joint_1,iri_wam_joint_2,iri_wam_joint_3,iri_wam_joint_4,iri_wam_joint_5,iri_wam_joint_6,iri_wam_joint_7,-1.2864255074,0.164176669457,-0.345785387082,2.00857739943,0.0817595945708,0.976529006721,-0.106340932047,0.0182629997347,0.0,0.0,0.0426136660476,-0.039538453034,-0.039538453034,0.0,-0.115670331346,-11.31554782,-0.598452605361,-4.56870433059,-0.157736031566,0.0508125542969,0.0624781954078
1624449278944496254,8960,1624449278944930508,,iri_wam_joint_1,iri_wam_joint_2,iri_wam_joint_3,iri_wam_joint_4,iri_wam_joint_5,iri_wam_joint_6,iri_wam_joint_7,-1.28646203075,0.164176669457,-0.345785387082,2.00849217827,0.0817595945708,0.976529006721,-0.106443676909,-0.0182629997347,0.0,0.0,0.0,0.0,0.0,-0.0513761546456,-0.0877776783558,-11.2894366277,-0.575084788215,-4.53988062959,-0.161196429276,0.0556446201798,0.0625282499457
1624449279010534005,8961,1624449279010983746,,iri_wam_joint_1,iri_wam_joint_2,iri_wam_joint_3,iri_wam_joint_4,iri_wam_joint_5,iri_wam_joint_6,iri_wam_joint_7,-1.2864255074,0.164176669457,-0.345785387082,2.00849217827,0.0817595945708,0.976529006721,-0.106340932047,0.0182651772714,0.0,0.0,0.0,-0.0395431672885,-0.0395431672885,0.0513822803348,-0.104805430991,-11.2943273696,-0.586553527964,-4.52963719411,-0.164783078061,0.0649310291613,0.0512894604286
1624449279044676613,8962,1624449279045092699,,iri_wam_joint_1,iri_wam_joint_2,iri_wam_joint_3,iri_wam_joint_4,iri_wam_joint_5,iri_wam_joint_6,iri_wam_joint_7,-1.28646203075,0.164176669457,-0.345785387082,2.00857739943,0.0817595945708,0.976529006721,-0.106443676909,0.0,0.0,0.0,0.0427410535463,0.0,0.0,0.0,-0.0936191243999,-11.3143984691,-0.580100869039,-4.58017783376,-0.166965840067,0.0412460612018,0.0540848606585
1624449279110610927,8963,1624449279111147809,,iri_wam_joint_1,iri_wam_joint_2,iri_wam_joint_3,iri_wam_joint_4,iri_wam_joint_5,iri_wam_joint_6,iri_wam_joint_7,-1.2864255074,0.164176669457,-0.345785387082,2.00849217827,0.0818386657454,0.976608077896,-0.106340932047,0.0,0.0,0.0,-0.0426085863401,0.0,0.0,0.0513700304169,-0.0866074005359,-11.2759010051,-0.570544816578,-4.50959073487,-0.176592237662,0.0662612469492,0.0419179413064
1624449279144714552,8964,1624449279145236429,,iri_wam_joint_1,iri_wam_joint_2,iri_wam_joint_3,iri_wam_joint_4,iri_wam_joint_5,iri_wam_joint_6,iri_wam_joint_7,-1.2864255074,0.164176669457,-0.345785387082,2.00857739943,0.0817595945708,0.976529006721,-0.106340932047,0.0182608227172,0.0,0.0,0.0426085863401,0.0,0.0,0.0,-0.115017142663,-11.3187435286,-0.598781963994,-4.57981544829,-0.167409280879,0.0409177308768,0.057334886126
1624449279210849490,8965,1624449279211287731,,iri_wam_joint_1,iri_wam_joint_2,iri_wam_joint_3,iri_wam_joint_4,iri_wam_joint_5,iri_wam_joint_6,iri_wam_joint_7,-1.2864255074,0.164176669457,-0.345785387082,2.00849217827,0.0818386657454,0.976608077896,-0.106340932047,0.0182629997347,0.0,0.0,-0.0426136660476,0.039538453034,0.039538453034,0.0,-0.116740531821,-11.282462513,-0.599276431605,-4.51950639749,-0.179031264772,0.0560864852818,0.0529551051907
1624449279244863215,8966,1624449279245382372,,iri_wam_joint_1,iri_wam_joint_2,iri_wam_joint_3,iri_wam_joint_4,iri_wam_joint_5,iri_wam_joint_6,iri_wam_joint_7,-1.2864255074,0.164176669457,-0.345785387082,2.00849217827,0.0817595945708,0.976529006721,-0.106340932047,0.0,0.0,0.0,-0.0426136660476,0.039538453034,-0.039538453034,0.0513761546456,-0.0843580654305,-11.2693777291,-0.568625861815,-4.49632481803,-0.184967299822,0.0774949486284,0.0374285969081
1624449279310906482,8967,1624449279311430197,,iri_wam_joint_1,iri_wam_joint_2,iri_wam_joint_3,iri_wam_joint_4,iri_wam_joint_5,iri_wam_joint_6,iri_wam_joint_7,-1.2864255074,0.164176669457,-0.345785387082,2.00857739943,0.0817595945708,0.976529006721,-0.106443676909,0.0182564702389,0.0,0.0,0.0,-0.0395243170121,-0.0395243170121,0.0,-0.118116196407,-11.2973093643,-0.599846671577,-4.53543715294,-0.157161704779,0.0630861333614,0.0646896367029
1624449279344975500,8968,1624449279345524415,,iri_wam_joint_1,iri_wam_joint_2,iri_wam_joint_3,iri_wam_joint_4,iri_wam_joint_5,iri_wam_joint_6,iri_wam_joint_7,-1.2864255074,0.164176669457,-0.345785387082,2.00857739943,0.0818386657454,0.976608077896,-0.106340932047,0.018271712998,0.0,0.0,0.0,0.0,0.0,0.0,-0.116321166586,-11.300612242,-0.599083645885,-4.54827083371,-0.168994149502,0.0518624981143,0.0573495721597
1624449279411037035,8969,1624449279411571821,,iri_wam_joint_1,iri_wam_joint_2,iri_wam_joint_3,iri_wam_joint_4,iri_wam_joint_5,iri_wam_joint_6,iri_wam_joint_7,-1.28646203075,0.16420381956,-0.34583099919,2.00849217827,0.0817595945708,0.97668714907,-0.106340932047,-0.0182564702389,0.0135711814166,-0.0227995524973,0.0,-0.0395243170122,0.0395243170121,0.0513577863386,-0.0424741527596,-11.3164066674,-0.533180170941,-4.56331296917,-0.165327071336,0.0420205926473,0.0363376330528
1624449279445142008,8970,1624449279445666351,,iri_wam_joint_1,iri_wam_joint_2,iri_wam_joint_3,iri_wam_joint_4,iri_wam_joint_5,iri_wam_joint_6,iri_wam_joint_7,-1.2864255074,0.164176669457,-0.345785387082,2.00857739943,0.0817595945708,0.976529006721,-0.106443676909,0.0182651772714,0.0,0.0,0.0,0.0,0.0,0.0,-0.117462685621,-11.3005047748,-0.600175662487,-4.54654799904,-0.166834989453,0.0531913453094,0.0595459862513
1624449279511217554,8971,1624449279511708444,,iri_wam_joint_1,iri_wam_joint_2,iri_wam_joint_3,iri_wam_joint_4,iri_wam_joint_5,iri_wam_joint_6,iri_wam_joint_7,-1.2864255074,0.164176669457,-0.345785387082,2.00857739943,0.0816805233962,0.976608077896,-0.106340932047,0.0182608227172,0.0,0.0,0.0426085863401,-0.0790674798067,0.0,0.0,-0.117368992672,-11.3222016751,-0.599784574056,-4.58210840483,-0.146778406448,0.0395932546988,0.068291425775
1624449279546195454,8972,1624449279545802160,,iri_wam_joint_1,iri_wam_joint_2,iri_wam_joint_3,iri_wam_joint_4,iri_wam_joint_5,iri_wam_joint_6,iri_wam_joint_7,-1.28646203075,0.164176669457,-0.345785387082,2.00857739943,0.0817595945708,0.976529006721,-0.106443676909,0.0,0.0,0.0,0.042623829097,0.0,0.0,0.0,-0.0936191243999,-11.3143984691,-0.580100869039,-4.58017783376,-0.166965840067,0.0412460612018,0.0540848606585
1624449279612839646,8973,1624449279613327746,,iri_wam_joint_1,iri_wam_joint_2,iri_wam_joint_3,iri_wam_joint_4,iri_wam_joint_5,iri_wam_joint_6,iri_wam_joint_7,-1.2864255074,0.164176669457,-0.345785387082,2.00482766861,0.080415384602,0.974710369704,-0.105929952599,0.00861005180839,-0.0128007849895,-1.30862547018e-14,-0.140630846204,0.0372806366961,-0.0745612733923,0.0,-0.106645580028,-11.221727168,-0.58503387289,-6.0169853805,-0.149124640952,0.0188668756999,0.0607253842046
1624449279646459868,8974,1624449279646984375,,iri_wam_joint_1,iri_wam_joint_2,iri_wam_joint_3,iri_wam_joint_4,iri_wam_joint_5,iri_wam_joint_6,iri_wam_joint_7,-1.2864255074,0.164230969662,-0.345785387082,1.9967316589,0.0800990999035,0.975184796752,-0.105210738566,0.0,0.0,0.0,-0.255865018474,2.77774568902e-14,0.0791335108684,0.10282586141,-0.0811355018365,-11.1844037601,-0.555433641351,-6.89842901467,-0.133346674926,-0.0754003814286,0.0414940758309
1624449279712981925,8975,1624449279713473093,,iri_wam_joint_1,iri_wam_joint_2,iri_wam_joint_3,iri_wam_joint_4,iri_wam_joint_5,iri_wam_joint_6,iri_wam_joint_7,-1.2864255074,0.164421020379,-0.34564855076,1.96613726429,0.0796246728557,0.977556931991,-0.104183289947,0.0182608227172,0.0,0.0456099761604,-0.511303036083,-0.11860121971,0.11860121971,0.0,-0.249275115619,-10.150914883,-0.648315335276,-6.41441946836,-0.0950977252786,0.316145070368,0.117916781844
1624449279746602136,8976,1624449279747129080,,iri_wam_joint_1,iri_wam_joint_2,iri_wam_joint_3,iri_wam_joint_4,iri_wam_joint_5,iri_wam_joint_6,iri_wam_joint_7,-1.2864255074,0.164638221199,-0.34546610233,1.94508763904,0.0757501852987,0.983329127739,-0.100895454367,0.0,0.0135792729867,0.0228131463159,-0.639357436457,-0.0790957653349,0.316383061339,0.154165222454,-0.198268368974,-9.4327971275,-0.556155544721,-6.21145642838,-0.0926801969472,0.462484233097,0.0729131416537
1624449279813214768,8977,1624449279813613232,,iri_wam_joint_1,iri_wam_joint_2,iri_wam_joint_3,iri_wam_joint_4,iri_wam_joint_5,iri_wam_joint_6,iri_wam_joint_7,-1.28646203075,0.165941426116,-0.344371411749,1.90435192701,0.0656290749456,1.01906929867,-0.0914429270742,0.0182608227172,0.0135744168872,0.0228049880802,-0.553911622423,2.7754278657e-14,0.790674798067,0.102740060834,-0.343298004588,-8.24066193581,-0.603110574218,-6.01145077278,-0.0311778723381,0.290667988096,0.0654920375729
1624449279846712985,8978,1624449279847269707,,iri_wam_joint_1,iri_wam_joint_2,iri_wam_joint_3,iri_wam_joint_4,iri_wam_joint_5,iri_wam_joint_6,iri_wam_joint_7,-1.28649855411,0.167488981955,-0.343960902782,1.88398407099,0.0693454201534,1.03290675423,-0.0907237130411,-0.018252119835,0.0407038424639,-0.0227941195049,-0.553647634995,0.237089391671,0.474178783342,0.0513455480957,-0.448483841718,-7.72119651786,-0.672364507832,-6.00413298611,-0.149391503907,0.365588549586,0.0163357180677
1624449279913243667,8979,1624449279913748514,,iri_wam_joint_1,iri_wam_joint_2,iri_wam_joint_3,iri_wam_joint_4,iri_wam_joint_5,iri_wam_joint_6,iri_wam_joint_7,-1.28646203075,0.172864702238,-0.343778454351,1.84946950326,0.0668151425651,1.05504668313,-0.088155091494,0.0182629997347,0.108608281608,-2.77575874647e-14,-0.511363992573,0.039538453034,0.59307679551,0.0,-0.810180208689,-7.56078811089,-0.955294786523,-6.06455289702,-0.0758163522916,0.359891021072,0.0795052969105
1624449279946849250,8980,1624449279947397233,,iri_wam_joint_1,iri_wam_joint_2,iri_wam_joint_3,iri_wam_joint_4,iri_wam_joint_5,iri_wam_joint_6,iri_wam_joint_7,-1.28649855411,0.176910067502,-0.344827532824,1.83268093575,0.0661825731681,1.06801435577,-0.0874358774609,0.0,0.135744168872,-0.0456099761604,-0.340868690722,-0.11860121971,0.197668699517,0.0,-0.803875894482,-7.78498924734,-0.947060187536,-6.55608292028,-0.0184381205707,0.337572697261,0.0739593224541
1624449280014536522,8981,1624449280015045316,,iri_wam_joint_1,iri_wam_joint_2,iri_wam_joint_3,iri_wam_joint_4,iri_wam_joint_5,iri_wam_joint_6,iri_wam_joint_7,-1.28682726428,0.188557461449,-0.350985167339,1.80404662771,0.0649174343739,1.0719679145,-0.0892852849747,0.0,0.230572691225,-0.159501824087,-0.425730622688,0.0395007794246,0.0395007794246,-0.153981604991,-2.49530707433,-5.89209178354,-2.19066661918,-6.14445383384,-0.16534716205,0.337236362587,0.0382967456584
1624449280047011445,8982,1624449280047534411,,iri_wam_joint_1,iri_wam_joint_2,iri_wam_joint_3,iri_wam_joint_4,iri_wam_joint_5,iri_wam_joint_6,iri_wam_joint_7,-1.28730206785,0.197082593615,-0.359195346692,1.79220088718,0.0642057938022,1.07157255863,-0.0920593962455,-0.0182130593003,0.297856049443,-0.272944066111,-0.297479968572,-5.53633678882e-14,0.157721338271,-0.307413994888,-3.09354362585,-5.18530258151,-2.58225506915,-6.64023884383,-0.163859527641,0.13412973714,-0.018701859524
1624449280114642999,8983,1624449280115184034,,iri_wam_joint_1,iri_wam_joint_2,iri_wam_joint_3,iri_wam_joint_4,iri_wam_joint_5,iri_wam_joint_6,iri_wam_joint_7,-1.28806905825,0.225182949641,-0.390622088771,1.76237348297,0.066419786692,1.07188884333,-0.118875805196,0.0182608227172,0.475104591051,-0.524514725844,-0.553911622423,0.158134959613,-1.11017114628e-13,-0.565070334586,-2.71431527597,-6.23158216647,-2.21631737092,-6.93682143837,0.0647625468654,0.259043704325,-0.0550702503977
1624449280147133530,8984,1624449280147673067,,iri_wam_joint_1,iri_wam_joint_2,iri_wam_joint_3,iri_wam_joint_4,iri_wam_joint_5,iri_wam_joint_6,iri_wam_joint_7,-1.28850733847,0.242993416842,-0.410782640293,1.74294305966,0.0706105589475,1.07497261914,-0.135520472821,-0.0182608227172,0.624423176809,-0.775369594726,-0.681737381444,0.11860121971,0.197668699517,-0.565070334586,-2.32975037527,-6.82659777482,-1.86419495329,-7.33749337718,0.200008437411,0.195149773366,-0.152901550419
1624449280214858765,8985,1624449280215319908,,iri_wam_joint_1,iri_wam_joint_2,iri_wam_joint_3,iri_wam_joint_4,iri_wam_joint_5,iri_wam_joint_6,iri_wam_joint_7,-1.28952999233,0.287329534127,-0.456805256777,1.68516311665,0.0965459042272,1.10011725267,-0.187920352381,-0.0182651772715,0.665305041142,-0.615881508898,-0.894993686297,0.790863345771,0.632690676617,-0.719351924687,-5.34379793219,-4.55715203698,-3.73622426094,-8.9230918046,-0.0235488240655,-0.668880968447,-0.0946193462588
1624449280248320338,8986,1624449280247827617,,iri_wam_joint_1,iri_wam_joint_2,iri_wam_joint_3,iri_wam_joint_4,iri_wam_joint_5,iri_wam_joint_6,iri_wam_joint_7,-1.29058916954,0.310027019768,-0.477969274665,1.65150076047,0.116313697886,1.11956876163,-0.211962650061,-0.0365303545428,0.692460348943,-0.570260656387,-0.980231180231,0.474518007463,0.632690676617,-0.873498765691,-2.40549571365,-10.1281874387,-2.12836264095,-6.85298899262,0.250190136798,0.319135174561,-0.0194853937335
1624449280314940219,8987,1624449280315452229,,iri_wam_joint_1,iri_wam_joint_2,iri_wam_joint_3,iri_wam_joint_4,iri_wam_joint_5,iri_wam_joint_6,iri_wam_joint_7,-1.29365713112,0.358381352214,-0.519339456182,1.57974454806,0.161463338601,1.16345326355,-0.258814307079,-0.0365172924374,0.70578554587,-0.638463559014,-1.10769120394,0.632464446339,0.553406390547,-0.462275168833,-2.78562423313,-12.7771209747,-2.64511085968,-6.15823749429,-0.000224949291881,0.508489780182,-0.131582760665
1624449280348507045,8988,1624449280349022967,,iri_wam_joint_1,iri_wam_joint_2,iri_wam_joint_3,iri_wam_joint_4,iri_wam_joint_5,iri_wam_joint_6,iri_wam_joint_7,-1.2951180652,0.381676140108,-0.54013857721,1.54846838422,0.176170577083,1.17926749848,-0.279260534593,-0.0547433145116,0.678235755011,-0.592505916632,-0.766406403163,0.276538392894,0.43456033169,-0.615999788209,-3.22899194921,-13.9478674197,-3.0257659658,-6.46549743001,0.119228573715,0.423499359928,-0.0555353056066
1624449280415155889,8989,1624449280415592202,,iri_wam_joint_1,iri_wam_joint_2,iri_wam_joint_3,iri_wam_joint_4,iri_wam_joint_5,iri_wam_joint_6,iri_wam_joint_7,-1.29935477404,0.421152389056,-0.576172142148,1.49963666247,0.201473352966,1.20314699322,-0.314193787633,-0.109617203417,0.516073913432,-0.3650538724,-0.639433686598,0.514183789223,0.276868194197,-0.513945360963,-6.97518324699,-11.0771165743,-4.7980904946,-8.25909605255,-0.022349036769,-0.575284337452,-0.0645597727777
1624449280448758398,8990,1624449280449217095,,iri_wam_joint_1,iri_wam_joint_2,iri_wam_joint_3,iri_wam_joint_4,iri_wam_joint_5,iri_wam_joint_6,iri_wam_joint_7,-1.30322624937,0.438202653389,-0.592045155563,1.47739394104,0.214678239129,1.21540302529,-0.331352179567,-0.109564936304,0.475104591051,-0.387684797363,-0.639128795104,0.395337399033,0.47440487884,-0.462330273752,-3.67157328937,-15.9496352506,-3.48252364953,-7.16258768577,0.173700611387,0.266407146313,-0.0674541499961
1624449280515196459,8991,1624449280515740753,,iri_wam_joint_1,iri_wam_joint_2,iri_wam_joint_3,iri_wam_joint_4,iri_wam_joint_5,iri_wam_joint_6,iri_wam_joint_7,-1.31429282505,0.465624256854,-0.613938967171,1.43367548859,0.239190303266,1.23738481184,-0.358785057689,-0.182455981152,0.35264058658,-0.227859748695,-0.638595934031,0.434508573671,0.276505455972,-0.153981604991,-3.62205536208,-15.4358863001,-3.30915670595,-7.06374183591,0.143926116191,0.253837485536,-0.115725594505
1624449280548891315,8992,1624449280549384787,,iri_wam_joint_1,iri_wam_joint_2,iri_wam_joint_3,iri_wam_joint_4,iri_wam_joint_5,iri_wam_joint_6,iri_wam_joint_7,-1.32203577569,0.478059003772,-0.620963231729,1.40998400753,0.247729990126,1.245608214,-0.368545819568,-0.237334113106,0.379993079664,-0.227995524973,-0.724173319479,0.158097268049,0.237145902073,-0.308146718032,-3.82407027043,-14.4427592862,-3.17383389668,-6.94085219944,0.257756088658,0.218697407145,-0.0690176191271
1624449280616310681,8993,1624449280615872530,,iri_wam_joint_1,iri_wam_joint_2,iri_wam_joint_3,iri_wam_joint_4,iri_wam_joint_5,iri_wam_joint_6,iri_wam_joint_7,-1.34044354515,0.501815343407,-0.628215556824,1.36447591082,0.262120943909,1.25968288308,-0.384574018021,-0.310396985718,0.366465571894,-0.0684068098943,-0.681656125499,0.395290278962,0.237174167377,-0.308183445889,-3.77286886281,-13.6390053135,-2.91053578888,-6.7027998515,0.253330938867,0.251995204769,-0.0688896939127
1624449280648980518,8994,1624449280649524090,,iri_wam_joint_1,iri_wam_joint_2,iri_wam_joint_3,iri_wam_joint_4,iri_wam_joint_5,iri_wam_joint_6,iri_wam_joint_7,-1.35209449446,0.515118893603,-0.63013126534,1.34018788168,0.272321125437,1.26940863756,-0.393410076143,-0.383111930127,0.393283043316,0.0227832612843,-0.723655868018,0.197480376354,0.355464677437,-0.205284356398,-3.83200848394,-13.1355682821,-2.78652900434,-6.85492189053,0.291086414883,0.130431370328,-0.072663999243
1624449280716579675,8995,1624449280717054715,,iri_wam_joint_1,iri_wam_joint_2,iri_wam_joint_3,iri_wam_joint_4,iri_wam_joint_5,iri_wam_joint_6,iri_wam_joint_7,-1.37809912115,0.545554158438,-0.631362792243,1.28513501563,0.292721488492,1.28822757713,-0.409027295149,-0.401068775324,0.474313032765,-0.0227669933363,-0.808214350275,0.552550234046,0.473614486325,-0.102568888532,-4.02053605917,-12.8188297199,-2.72052915446,-7.05247439745,0.206032185862,0.0261987374877,-0.112779596593
1624449280749117814,8996,1624449280749657260,,iri_wam_joint_1,iri_wam_joint_2,iri_wam_joint_3,iri_wam_joint_4,iri_wam_joint_5,iri_wam_joint_6,iri_wam_joint_7,-1.39146666802,0.56192567021,-0.63159085278,1.25471106334,0.305056591735,1.30087896507,-0.414164538243,-0.383477277062,0.502253424825,0.0228049880802,-0.894780313145,0.35580365913,0.434871138937,-0.205480121668,-3.66794753501,-13.8604021376,-2.65339400395,-6.8869110053,0.215254524978,0.190956402248,-0.0751508714524
1624449280816705851,8997,1624449280817203699,,iri_wam_joint_1,iri_wam_joint_2,iri_wam_joint_3,iri_wam_joint_4,iri_wam_joint_5,iri_wam_joint_6,iri_wam_joint_7,-1.41871308868,0.599094160451,-0.631180343813,1.18985776447,0.342061901464,1.34009826768,-0.425980197359,-0.383843321474,0.502732845825,0.0228267563543,-0.895634416773,0.63314362305,0.712286575932,-0.257095325837,-0.958942563415,-7.43367758122,-0.321700262798,-4.40915462288,0.188449006721,0.0310103178357,-0.07540300165
1624449280849273439,8998,1624449280849796409,,iri_wam_joint_1,iri_wam_joint_2,iri_wam_joint_3,iri_wam_joint_4,iri_wam_joint_5,iri_wam_joint_6,iri_wam_joint_7,-1.42857439375,0.616823177345,-0.630040041125,1.16744460074,0.358271492263,1.35662414318,-0.429884502111,-0.274337467362,0.53022391922,-0.0228403826415,-0.682795474324,0.35635588544,0.35635588544,-0.0514497594517,-1.08610096308,-15.9560065096,-1.83698286278,-6.0640911653,-0.0190298853636,0.379717611282,-0.099897296471
1624449280916791694,8999,1624449280917336870,,iri_wam_joint_1,iri_wam_joint_2,iri_wam_joint_3,iri_wam_joint_4,iri_wam_joint_5,iri_wam_joint_6,iri_wam_joint_7,-1.44040795982,0.649267549761,-0.625980563556,1.14128170619,0.369657741411,1.36832667703,-0.431322930177,-0.109551877312,0.434329566689,0.0912090798592,-0.170414031375,0.0395290278962,0.118587083689,0.0,-0.258920727654,-13.100630479,-0.910816923837,-5.69149357104,0.231084172618,-0.105773880275,-0.067238309487
1624449280950609061,9000,1624449280950999320,,iri_wam_joint_1,iri_wam_joint_2,iri_wam_joint_3,iri_wam_joint_4,iri_wam_joint_5,iri_wam_joint_6,iri_wam_joint_7,-1.44183237056,0.661838047191,-0.624749036653,1.13523100419,0.373215944269,1.37077788344,-0.431220185315,0.0,0.325591946437,0.0,-0.255499235746,0.118530573284,0.0395101910947,0.0,-1.48265896561,-21.2362866269,-2.83654092709,-7.31697264335,0.0206532024107,0.198280451513,-0.036187577335
1624449281016959704,9001,1624449281017473075,,iri_wam_joint_1,iri_wam_joint_2,iri_wam_joint_3,iri_wam_joint_4,iri_wam_joint_5,iri_wam_joint_6,iri_wam_joint_7,-1.44194194061,0.683530979041,-0.624520976115,1.11861287899,0.374955510111,1.37235930694,-0.428240584321,0.0,0.244223054783,0.0,-0.25552967769,0.0790297972236,0.158059594447,0.0,-2.528921269,-21.2852119936,-3.20694126526,-7.08191458618,0.0840596312517,0.0442380447313,0.0144817216241
1624449281050746703,9002,1624449281051154322,,iri_wam_joint_1,iri_wam_joint_2,iri_wam_joint_3,iri_wam_joint_4,iri_wam_joint_5,iri_wam_joint_6,iri_wam_joint_7,-1.44186889391,0.692001811002,-0.6244297519,1.10855678271,0.376220648905,1.37299187633,-0.426596666531,0.0,0.203616253307,-0.0228049880802,-0.298260104382,0.0,0.0,0.0,-3.19741120214,-21.6820004492,-3.49680614362,-6.80042762294,0.0777673610674,0.143802940512,0.0501300055542
1624449281117126763,9003,1624449281117605278,,iri_wam_joint_1,iri_wam_joint_2,iri_wam_joint_3,iri_wam_joint_4,iri_wam_joint_5,iri_wam_joint_6,iri_wam_joint_7,-1.44194194061,0.703594904744,-0.625661278803,1.09901201337,0.377090431826,1.37291280516,-0.42495274874,0.0,0.135695642596,-0.0455936713547,0.0,0.0395196072509,0.0395196072508,0.0,-2.66986608066,-12.902618688,-1.69233244997,-5.07694350872,0.357389352621,-0.420364640773,0.0344909127636
1624449281150799899,9004,1624449281151293695,,iri_wam_joint_1,iri_wam_joint_2,iri_wam_joint_3,iri_wam_joint_4,iri_wam_joint_5,iri_wam_joint_6,iri_wam_joint_7,-1.44208803402,0.708400472876,-0.626254236201,1.0987563499,0.378434641795,1.37156859519,-0.42495274874,0.0,0.135469644619,-0.045517736142,0.0,2.76981493759e-14,-0.157815153009,0.0,-3.15463272761,-19.1568825038,-2.94450004176,-6.40398377175,0.244263777636,-0.122395077463,0.0277735731837
1624449281217209471,9005,1624449281217736828,,iri_wam_joint_1,iri_wam_joint_2,iri_wam_joint_3,iri_wam_joint_4,iri_wam_joint_5,iri_wam_joint_6,iri_wam_joint_7,-1.44201498732,0.715595250023,-0.626755969384,1.09858590759,0.38381148167,1.37520586922,-0.42495274874,0.0182629997347,0.0543041408042,0.0,0.0,0.079076906068,0.079076906068,0.0,3.47973409734,-25.0745864427,-1.22136655655,-7.11624357203,0.493886321399,0.718355481758,0.0207282011368
1624449281250909812,9006,1624449281251436809,,iri_wam_joint_1,iri_wam_joint_2,iri_wam_joint_3,iri_wam_joint_4,iri_wam_joint_5,iri_wam_joint_6,iri_wam_joint_7,-1.4417958472,0.71678985453,-0.625843727233,1.09833024413,0.392904666753,1.3842990543,-0.42546647305,0.0,0.0135776539009,-0.0228104262555,0.0,0.237259003731,0.316345338308,-0.0513822803347,0.291609214628,-24.1384447589,-2.54778567758,-7.33796338154,0.156955628016,0.139708788636,0.0178056206082
1624449281317348176,9007,1624449281317869737,,iri_wam_joint_1,iri_wam_joint_2,iri_wam_joint_3,iri_wam_joint_4,iri_wam_joint_5,iri_wam_joint_6,iri_wam_joint_7,-1.43971401613,0.715079398077,-0.62534199405,1.09543272486,0.410379396347,1.40509477323,-0.425158238464,0.0365347106546,-0.0271585459734,0.0456262926317,-0.0426238290971,0.0,0.237287296005,0.0,6.04110139191,-26.7427600436,-0.755712942136,-6.98622149355,0.202857099154,0.830511273062,0.0491638688237
1624449281351051451,9008,1624449281351576016,,iri_wam_joint_1,iri_wam_joint_2,iri_wam_joint_3,iri_wam_joint_4,iri_wam_joint_5,iri_wam_joint_6,iri_wam_joint_7,-1.43781480183,0.712798789472,-0.62406485504,1.09432484985,0.412909673935,1.41363446009,-0.423719810398,0.0547955318141,-0.081465923405,0.045620852511,0.0,0.0395431672886,0.118629501866,0.102764560669,2.52640096137,-24.5244667006,-1.91650631159,-6.66733521323,-0.0697911749887,0.342418886,0.0472930665175
1624449281418724018,9009,1624449281419066761,,iri_wam_joint_1,iri_wam_joint_2,iri_wam_joint_3,iri_wam_joint_4,iri_wam_joint_5,iri_wam_joint_6,iri_wam_joint_7,-1.43186149543,0.706201314579,-0.618089668955,1.09423962869,0.40310484828,1.43166268791,-0.41128768211,0.0913476695141,-0.0950662472111,0.114079335125,0.0,-0.237315595026,0.316420793368,0.154183608289,3.92205905426,-24.6141959151,-1.30037126915,-6.1379192806,0.0621595628265,0.402117991041,0.0575545261428
1624449281451184687,9010,1624449281451713807,,iri_wam_joint_1,iri_wam_joint_2,iri_wam_joint_3,iri_wam_joint_4,iri_wam_joint_5,iri_wam_joint_6,iri_wam_joint_7,-1.42813611352,0.702373150135,-0.614395088247,1.09432484985,0.401839709486,1.44289079471,-0.405328480121,0.127810523531,-0.122155190631,0.0684068098944,0.0,-0.0395290278962,0.276703195273,0.462275168833,3.44349041658,-23.9878903908,-1.43310613987,-5.77287338414,-0.0844956267256,0.304946555721,-0.0078382873529
1624449281518779970,9011,1624449281519221662,,iri_wam_joint_1,iri_wam_joint_2,iri_wam_joint_3,iri_wam_joint_4,iri_wam_joint_5,iri_wam_joint_6,iri_wam_joint_7,-1.41842090186,0.693169265407,-0.601395637604,1.09500661909,0.393774449674,1.45143048157,-0.385395976916,0.164229943535,-0.149211866103,0.250675580113,0.042578133509,-0.0395054846991,0.0395054846991,0.307999894104,3.05194198007,-23.8199991515,-1.59145553118,-4.68126542762,-0.262774075996,-0.13447685524,0.0733633102618
1624449281551381990,9012,1624449281551856957,,iri_wam_joint_1,iri_wam_joint_2,iri_wam_joint_3,iri_wam_joint_4,iri_wam_joint_5,iri_wam_joint_6,iri_wam_joint_7,-1.41316153916,0.68852659789,-0.594690657799,1.09679626334,0.38926739272,1.45324911859,-0.375737959899,0.146138842619,-0.135792729867,0.182505170527,0.0,-0.237287296005,0.15819153067,0.462495667363,2.24494028256,-23.4172242792,-1.81716853005,-4.25747580185,-0.315648831144,-0.134163132588,0.0405700425001
1624449281618864232,9013,1624449281619358594,,iri_wam_joint_1,iri_wam_joint_2,iri_wam_joint_3,iri_wam_joint_4,iri_wam_joint_5,iri_wam_joint_6,iri_wam_joint_7,-1.3981139181,0.675141597387,-0.574575718385,1.12219216749,0.366811179124,1.45989109725,-0.350565468739,0.255742974583,-0.230847640774,0.433449780001,0.767228923748,-0.435026709342,0.355930944007,0.359718852394,4.86505542548,-23.3159584588,-0.614344062386,-3.11224873178,-0.123301001626,-0.129216172259,0.0684487017114
1624449281652654668,9014,1624449281653073917,,iri_wam_joint_1,iri_wam_joint_2,iri_wam_joint_3,iri_wam_joint_4,iri_wam_joint_5,iri_wam_joint_6,iri_wam_joint_7,-1.38887351002,0.665476160918,-0.559706171334,1.15125258131,0.358429634613,1.45056069865,-0.338441575037,0.292207995756,-0.352976915227,0.501769550561,1.02272798515,-0.39538453034,-0.632615248544,0.359633082519,4.1087325434,-23.8628872526,-0.988371503786,-3.15507709702,-0.235334851323,0.447845192435,0.0666871279609
1624449281719033775,9015,1624449281719495544,,iri_wam_joint_1,iri_wam_joint_2,iri_wam_joint_3,iri_wam_joint_4,iri_wam_joint_5,iri_wam_joint_6,iri_wam_joint_7,-1.36655774189,0.639384912473,-0.520707819408,1.2400530247,0.333601285778,1.4391744495,-0.3091592894,0.328890833964,-0.42105788183,0.57046470958,1.44955589784,-0.751589019195,-0.672474385596,-0.154201998509,5.19823544269,-26.1437716962,-0.783898619112,-3.90912472225,-0.127660952968,-0.283788681274,0.212343972705
1624449281752674632,9016,1624449281753226279,,iri_wam_joint_1,iri_wam_joint_2,iri_wam_joint_3,iri_wam_joint_4,iri_wam_joint_5,iri_wam_joint_6,iri_wam_joint_7,-1.35245972799,0.623637853057,-0.49990869838,1.29169704455,0.312884638024,1.40912740314,-0.291487173157,0.383477277062,-0.488679007938,0.547319713924,1.53390910825,-0.83020853797,-1.38368089662,0.770550456254,3.67976503258,-26.9904014071,-1.38910581885,-4.46658114924,-0.144118389386,-0.428078894047,0.0542073521663
1624449281819168628,9017,1624449281819632129,,iri_wam_joint_1,iri_wam_joint_2,iri_wam_joint_3,iri_wam_joint_4,iri_wam_joint_5,iri_wam_joint_6,iri_wam_joint_7,-1.32090355178,0.587283865889,-0.46465053927,1.40112100742,0.275088616549,1.32610266977,-0.248231586305,0.548151389939,-0.638378078903,0.616101886346,1.7906278738,-0.553802435196,-1.42406340479,1.23361598808,3.88931279015,-26.8960100785,-0.916248048861,-4.36137003239,-0.0355471010953,-0.427448294648,-0.0217875187848
1624449281858644518,9018,1624449281859166970,,iri_wam_joint_1,iri_wam_joint_2,iri_wam_joint_3,iri_wam_joint_4,iri_wam_joint_5,iri_wam_joint_6,iri_wam_joint_7,-1.29880692376,0.562495822361,-0.448367016887,1.46844571978,0.259116239273,1.2658504347,-0.217305382879,0.513581812619,-0.615086182664,0.391957812451,1.5978100837,-0.679481092297,-1.54427520976,1.20397611799,3.80387107532,-25.6334955243,-0.55682077034,-4.0786299743,0.0113421204639,-0.284959479502,-0.087697474027
1624449281919255396,9019,1624449281919769498,,iri_wam_joint_1,iri_wam_joint_2,iri_wam_joint_3,iri_wam_joint_4,iri_wam_joint_5,iri_wam_joint_6,iri_wam_joint_7,-1.26381755246,0.519788711222,-0.420224346549,1.57062588449,0.233497178692,1.18029542375,-0.173227837132,0.54906825009,-0.666656317808,0.434278357836,1.79362295029,-0.673599193409,-1.54531579664,1.80203243499,2.05346068427,-22.6977401826,-0.900837577705,-4.16672359592,-0.0643509242644,-0.431057918275,-0.178382300991
1624449281958787136,9020,1624449281959311222,,iri_wam_joint_1,iri_wam_joint_2,iri_wam_joint_3,iri_wam_joint_4,iri_wam_joint_5,iri_wam_joint_6,iri_wam_joint_7,-1.24435060579,0.492258507348,-0.400976037177,1.63062157752,0.219185296083,1.12455024563,-0.143945551495,0.456683883183,-0.651805103361,0.365010341054,1.36396253111,-0.553670357344,-1.5819153067,-0.770826112272,1.06039004597,-19.8685874438,-1.21713921645,-3.44999276722,0.150306338978,-0.253094562997,0.435364568898
1624449282019391858,9021,1624449282019905961,,iri_wam_joint_1,iri_wam_joint_2,iri_wam_joint_3,iri_wam_joint_4,iri_wam_joint_5,iri_wam_joint_6,iri_wam_joint_7,-1.22053738023,0.456719023253,-0.371921124689,1.71200778044,0.197677936583,1.05686532015,-0.0981213430965,0.255681996286,-0.502313302439,0.387731016342,1.19318264934,-0.553538342476,-1.18615359102,-1.1302754022,1.07701532382,-17.0941382003,-0.758645410982,-3.49800120381,0.278156356221,-0.370298867073,0.50536284644
1624449282058945490,9022,1624449282059443983,,iri_wam_joint_1,iri_wam_joint_2,iri_wam_joint_3,iri_wam_joint_4,iri_wam_joint_5,iri_wam_joint_6,iri_wam_joint_7,-1.20844815069,0.438012602672,-0.353083324285,1.76373702145,0.189691747945,1.01108311004,-0.0688390574604,0.237475619255,-0.380219643627,0.410636633685,1.15084338562,-0.355930944007,-1.06779283202,0.0513884074848,1.75860544091,-16.181453551,-0.0626984077465,-3.8513157835,0.10265157831,-0.397707688237,0.156307306739
1624449282120575755,9023,1624449282121106840,,iri_wam_joint_1,iri_wam_joint_2,iri_wam_joint_3,iri_wam_joint_4,iri_wam_joint_5,iri_wam_joint_6,iri_wam_joint_7,-1.1955554074,0.418274478198,-0.323024945431,1.83447058,0.185580046864,0.94972387852,-0.0381183437579,0.200821172628,-0.217138902665,0.592788364929,1.06496076394,0.158097268049,-0.55334043817,0.719009008741,2.54193385962,-16.0956871868,0.559041857039,-4.62482815094,-0.0808616215368,-0.5574238083,-0.00468444830563
1624449282159163800,9024,1624449282159604015,,iri_wam_joint_1,iri_wam_joint_2,iri_wam_joint_3,iri_wam_joint_4,iri_wam_joint_5,iri_wam_joint_6,iri_wam_joint_7,-1.18927339084,0.410428098592,-0.304825714532,1.8701782439,0.188426609151,0.916830269873,-0.0257889603322,0.218790823768,-0.176194380203,0.569242576186,1.14865182478,-0.276307999089,-0.828923997266,-0.102581096207,3.17694236479,-16.230077049,0.998994273948,-4.58865327105,0.176083817868,-0.449790342704,0.301267196887
1624449282220782776,9025,1624449282221269497,,iri_wam_joint_1,iri_wam_joint_2,iri_wam_joint_3,iri_wam_joint_4,iri_wam_joint_5,iri_wam_joint_6,iri_wam_joint_7,-1.17765896487,0.401821516119,-0.273855093529,1.91500457137,0.188347537976,0.88180173951,0.00821958895049,0.237362400843,-0.0814367937543,0.592859019085,0.766863141186,-0.197645139481,-0.197645139481,0.256819538241,3.72517026157,-16.5457586465,1.44316754975,-4.34987182889,0.0639098679084,-0.524397409554,0.232033603704
1624449282259481091,9026,1624449282259737812,,iri_wam_joint_1,iri_wam_joint_2,iri_wam_joint_3,iri_wam_joint_4,iri_wam_joint_5,iri_wam_joint_6,iri_wam_joint_7,-1.16878379031,0.397803300958,-0.253238420931,1.93758817741,0.182021844006,0.863457226995,0.0416116690619,0.292173163476,-0.0678720844358,0.615734678165,0.724345967784,-0.35580365913,-0.197668699517,1.64384097334,4.30915029728,-16.6669603845,2.01491384433,-3.91890653777,-0.135532155375,-0.472656692261,-0.108716131503
1624449282320865572,9027,1624449282321405431,,iri_wam_joint_1,iri_wam_joint_2,iri_wam_joint_3,iri_wam_joint_4,iri_wam_joint_5,iri_wam_joint_6,iri_wam_joint_7,-1.14898813348,0.391477327089,-0.218527607111,1.97482982209,0.165495968507,0.836652098795,0.0958609561351,0.383294516535,-0.0949756324157,0.661029465642,0.809177312684,-0.316119188895,-0.237089391671,-0.0513455480957,3.04956413983,-16.7942224557,1.13556913075,-3.57327396496,0.140332978647,-0.572192085458,0.381721799612
1624449282359335376,9028,1624449282359872652,,iri_wam_joint_1,iri_wam_joint_2,iri_wam_joint_3,iri_wam_joint_4,iri_wam_joint_5,iri_wam_joint_6,iri_wam_joint_7,-1.13459793275,0.387839213362,-0.199370521954,1.99954395701,0.159249345711,0.814433098723,0.13326008586,0.365347106547,-0.0678963649335,0.433449780001,0.809852752845,-0.355930944007,-0.435026709342,1.3360985946,1.96881333917,-16.0037213635,0.559486550553,-3.06256221914,-0.264690414135,-0.569590184048,-0.0388616850841
1624449282421020120,9029,1624449282421547186,,iri_wam_joint_1,iri_wam_joint_2,iri_wam_joint_3,iri_wam_joint_4,iri_wam_joint_5,iri_wam_joint_6,iri_wam_joint_7,-1.11304915502,0.385422854245,-0.182813326926,2.05033576532,0.123983601825,0.754497148351,0.185248985972,0.346212774322,0.0406360592124,0.0682684828136,1.1054513145,-0.512838238687,-0.670634619821,0.717640608106,-1.08575640264,-14.6658454058,-1.44928234971,-2.83321263171,-0.0897888784943,-0.612885200045,0.132442642962
1624449282460420374,9030,1624449282460009038,,iri_wam_joint_1,iri_wam_joint_2,iri_wam_joint_3,iri_wam_joint_4,iri_wam_joint_5,iri_wam_joint_6,iri_wam_joint_7,-1.10424702717,0.38648170824,-0.182402817958,2.08860006386,0.108327509248,0.7116405717,0.207030896691,0.109604131964,0.0814756379202,0.0,1.23609104382,-0.435026709342,-0.988697066686,0.0,-1.21417211643,-13.9937019224,-1.44478510881,-2.98268841734,0.0730387977052,-0.617184808938,0.165299580633
1624449282521161230,9031,1624449282521695183,,iri_wam_joint_1,iri_wam_joint_2,iri_wam_joint_3,iri_wam_joint_4,iri_wam_joint_5,iri_wam_joint_6,iri_wam_joint_7,-1.10249390626,0.389603970021,-0.18071516998,2.15762919932,0.110857786836,0.626718130143,0.209805007961,0.0,0.0814173855575,0.0455936713548,1.23520727996,0.355676465258,-1.06702939577,-0.051351666488,-0.436907160036,-13.0900483363,-0.789280277078,-3.74968768277,-0.0751731768281,-0.619690358189,-0.0701883326016
1624449282560719620,9032,1624449282561199115,,iri_wam_joint_1,iri_wam_joint_2,iri_wam_joint_3,iri_wam_joint_4,iri_wam_joint_5,iri_wam_joint_6,iri_wam_joint_7,-1.10274956973,0.392590481289,-0.18162741213,2.19793880558,0.118527690775,0.575400937806,0.203640316248,0.0,0.12238858961,-0.0685375131376,1.10980764283,0.158418220229,-0.871300211259,-0.0514620474287,0.314461601106,-12.3450029804,-0.162850449281,-3.97707933995,-0.0247737494469,-0.611469931484,-0.114267611968
1624449282621309005,9033,1624449282621829528,,iri_wam_joint_1,iri_wam_joint_2,iri_wam_joint_3,iri_wam_joint_4,iri_wam_joint_5,iri_wam_joint_6,iri_wam_joint_7,-1.10278609308,0.400192509972,-0.18126251527,2.24267991189,0.134579139226,0.520604613786,0.19007799448,0.0,0.203567721248,0.0683986574918,0.724173319478,0.395243170122,-0.474291804146,-0.359504504371,0.76378356662,-11.3217167119,0.197563480922,-3.53882733594,-0.0134746569663,-0.600216788727,-0.0980815281344
1624449282660907165,9034,1624449282661383937,,iri_wam_joint_1,iri_wam_joint_2,iri_wam_joint_3,iri_wam_joint_4,iri_wam_joint_5,iri_wam_joint_6,iri_wam_joint_7,-1.10274956973,0.408120339885,-0.176427631874,2.26279210444,0.145411890151,0.494432054982,0.184427027077,0.0182564702389,0.257852446915,0.159596867481,0.724173319478,0.276670219085,-0.197621585061,-0.0513577863387,0.672412657014,-11.005784269,0.139041668708,-3.00836168327,-0.0709098881293,-0.651500928895,-0.133722023759
1624449282721487113,9035,1624449282721964059,,iri_wam_joint_1,iri_wam_joint_2,iri_wam_joint_3,iri_wam_joint_4,iri_wam_joint_5,iri_wam_joint_6,iri_wam_joint_7,-1.10271304638,0.423623048378,-0.164796544457,2.29014809516,0.15426786171,0.458533741698,0.181036446635,0.0,0.339360422179,0.296464845042,0.724345967784,0.23720243942,-0.316269919227,0.0,0.142686428425,-10.888994377,-0.264587932046,-2.02569134392,-0.0379409294588,-0.638451817756,-0.0484092504463
1624449282761019076,9036,1624449282761539335,,iri_wam_joint_1,iri_wam_joint_2,iri_wam_joint_3,iri_wam_joint_4,iri_wam_joint_5,iri_wam_joint_6,iri_wam_joint_7,-1.10274956973,0.435297592428,-0.156312692459,2.31204993196,0.159644701585,0.427063414194,0.18134468122,0.0,0.285130731918,0.114052131277,0.426187469666,0.158172669154,-1.10720868408,0.0,-0.619390697353,-11.2316061996,-0.812239303408,-2.84208751319,-0.0626579952566,-0.573505109663,-0.0503077056501
1624449282822746595,9037,1624449282823156489,,iri_wam_joint_1,iri_wam_joint_2,iri_wam_joint_3,iri_wam_joint_4,iri_wam_joint_5,iri_wam_joint_6,iri_wam_joint_7,-1.10278609308,0.455442968439,-0.153758414438,2.32432177827,0.16059355568,0.34830852426,0.18134468122,0.0,0.339522311468,-0.068447601075,-0.298402387079,-0.197762995855,-0.988814979276,0.0,-2.25681081127,-12.7604744948,-1.98934818396,-5.11003984242,-0.0122612874441,-0.170017051186,0.0135283270904
1624449282861173654,9038,1624449282861679836,,iri_wam_joint_1,iri_wam_joint_2,iri_wam_joint_3,iri_wam_joint_4,iri_wam_joint_5,iri_wam_joint_6,iri_wam_joint_7,-1.10296870984,0.467579064229,-0.158547685727,2.30881152808,0.158458633965,0.337633915684,0.181036446635,-0.0182260608893,0.338714405908,-0.250377334331,-0.765494557353,-0.0394584823378,-0.276209376364,-0.102544481896,-2.76081800083,-13.8352559822,-2.37099395044,-5.88705443336,-0.0714018923776,-0.11757862894,-0.0471620204544
1624449282922906630,9039,1624449282923340335,,iri_wam_joint_1,iri_wam_joint_2,iri_wam_joint_3,iri_wam_joint_4,iri_wam_joint_5,iri_wam_joint_6,iri_wam_joint_7,-1.1031513266,0.483814825489,-0.176518856089,2.25452565242,0.158774918664,0.345699175497,0.172508623098,0.0,0.216932079088,-0.318889704735,-0.978830683247,0.0394866703238,0.118460010971,-0.20523547335,-2.82167663012,-14.8939694436,-2.41912802745,-5.20104292265,-0.115374930223,0.448702161438,-0.105886298317
1624449282961245968,9040,1624449282961814157,,iri_wam_joint_1,iri_wam_joint_2,iri_wam_joint_3,iri_wam_joint_4,iri_wam_joint_5,iri_wam_joint_6,iri_wam_joint_7,-1.10340699007,0.491253953558,-0.189199021978,2.21140374805,0.150156160629,0.371555449602,0.169940001551,-0.0182586462187,0.190019185427,-0.364836319437,-1.44851926669,-0.276703195273,0.909167641612,0.0,-2.75466729775,-15.3110021268,-2.36541438757,-4.58514396689,-0.0363420348913,0.667454850238,-0.0589150231268
1624449283022997397,9041,1624449283023504958,,iri_wam_joint_1,iri_wam_joint_2,iri_wam_joint_3,iri_wam_joint_4,iri_wam_joint_5,iri_wam_joint_6,iri_wam_joint_7,-1.10559839119,0.501299491461,-0.20735264077,2.13606824713,0.14011412145,0.455133681189,0.167987849176,-0.0547824681518,0.135744168872,-0.319269833123,-1.32086617655,-0.0790674798067,0.869742277873,0.0,-2.43827086971,-16.1171667922,-2.18369691091,-4.2562855425,-0.0540011212644,0.571946534708,-0.132560843627
1624449283061423077,9042,1624449283061945290,,iri_wam_joint_1,iri_wam_joint_2,iri_wam_joint_3,iri_wam_joint_4,iri_wam_joint_5,iri_wam_joint_6,iri_wam_joint_7,-1.1065845217,0.506539461232,-0.217068019671,2.09243501583,0.136951274465,0.4959344073,0.165008248181,-0.0182608227172,0.0950209182102,-0.342074821203,-1.27825759021,-0.158134959613,0.553472358647,0.0,-2.47942646864,-16.5953329883,-2.23002983262,-4.07996617863,-0.0157021656367,0.687191853057,-0.120464906778
1624449283123117452,9043,1624449283123635552,,iri_wam_joint_1,iri_wam_joint_2,iri_wam_joint_3,iri_wam_joint_4,iri_wam_joint_5,iri_wam_joint_6,iri_wam_joint_7,-1.10760717556,0.51308263592,-0.232165627259,2.03158711124,0.138690840307,0.55618664237,0.154836506855,0.0,0.095043577306,-0.296535541321,-1.0228499272,0.118629501866,0.593147509328,-0.205529121339,-2.49684272123,-17.7975841046,-2.36309231708,-4.50997575709,-0.0164557756284,0.587674746522,-0.128152837106
1624449283162537321,9044,1624449283162074606,,iri_wam_joint_1,iri_wam_joint_2,iri_wam_joint_3,iri_wam_joint_4,iri_wam_joint_5,iri_wam_joint_6,iri_wam_joint_7,-1.10782631567,0.515526145139,-0.240375806612,1.99988484163,0.146281673072,0.589396535716,0.142507123429,0.0,0.0543041408042,-0.136846241062,-0.681818656764,0.158153812136,0.711692154612,-0.308256927874,-2.47287692477,-17.9476769818,-2.42193975381,-4.23780343144,0.0063348211989,0.527997484885,-0.0643688437599
1624449283223276144,9045,1624449283223774382,,iri_wam_joint_1,iri_wam_joint_2,iri_wam_joint_3,iri_wam_joint_4,iri_wam_joint_5,iri_wam_joint_6,iri_wam_joint_7,-1.10786283902,0.51642209852,-0.248084252782,1.97014265857,0.152212011169,0.641820724498,0.134287534479,0.0,-0.0271488337743,-0.0912199523207,-0.170434345361,0.0395337399033,0.434871138937,-0.154110091251,-1.92486934176,-17.0423202801,-2.01990887397,-3.33326939946,-0.000785023639106,0.321048907328,-0.0916366912386
1624449283262830655,9046,1624449283263287070,,iri_wam_joint_1,iri_wam_joint_2,iri_wam_joint_3,iri_wam_joint_4,iri_wam_joint_5,iri_wam_joint_6,iri_wam_joint_7,-1.10786283902,0.516014846983,-0.24904210704,1.9706539855,0.152607367042,0.644588215611,0.133568320446,0.0,0.0,0.0,0.0852070156873,-0.0395290278962,0.0395290278962,0.0,-1.86680076992,-17.11556969,-1.98191819847,-3.53025411423,-0.000806866039198,0.279585109062,-0.107552360017
1624449283323399368,9047,1624449283323913444,,iri_wam_joint_1,iri_wam_joint_2,iri_wam_joint_3,iri_wam_joint_4,iri_wam_joint_5,iri_wam_joint_6,iri_wam_joint_7,-1.10786283902,0.516612149237,-0.24958945233,1.97440371632,0.152607367042,0.643955646213,0.133157340998,0.0,0.0,0.0,0.0426441697457,0.0395667554342,0.0395667554342,0.0514129307048,-1.76607203242,-17.3838674624,-1.93477161905,-3.82423932707,-0.019351252177,0.209607668787,-0.139924018614
1624449283362976167,9048,1624449283363452716,,iri_wam_joint_1,iri_wam_joint_2,iri_wam_joint_3,iri_wam_joint_4,iri_wam_joint_5,iri_wam_joint_6,iri_wam_joint_7,-1.10786283902,0.516666449442,-0.24977190076,1.97465937978,0.152528295868,0.643876575039,0.132849106412,0.0,0.0,0.0,0.0,0.0,0.0,0.0,-1.76316784281,-17.3756145378,-1.93183585053,-3.79787356235,0.0047870939458,0.228158056892,-0.116920418474
1624449283423520563,9049,1624449283424045794,,iri_wam_joint_1,iri_wam_joint_2,iri_wam_joint_3,iri_wam_joint_4,iri_wam_joint_5,iri_wam_joint_6,iri_wam_joint_7,-1.10782631567,0.51653069893,-0.249817512868,1.97482982209,0.152528295868,0.643876575039,0.132540871827,0.0,-0.0135727989591,0.0228022699648,0.0,0.0,0.0,0.0,-1.79107394456,-17.3347195417,-1.95121199956,-3.79768038107,0.00857755786164,0.226441472849,-0.108207336945
1624449283463172602,9050,1624449283463606953,,iri_wam_joint_1,iri_wam_joint_2,iri_wam_joint_3,iri_wam_joint_4,iri_wam_joint_5,iri_wam_joint_6,iri_wam_joint_7,-1.10782631567,0.516612149237,-0.249863124975,1.97482982209,0.152607367042,0.643797503864,0.132438126965,0.0,0.0,0.0,0.0,0.0,0.0,0.0,-1.76225368238,-17.369920126,-1.93191617425,-3.80669330132,0.00869201981988,0.226099231672,-0.112602751365
1624449283524750373,9051,1624449283525239576,,iri_wam_joint_1,iri_wam_joint_2,iri_wam_joint_3,iri_wam_joint_4,iri_wam_joint_5,iri_wam_joint_6,iri_wam_joint_7,-1.10786283902,0.516666449442,-0.24995434919,1.97482982209,0.152607367042,0.643797503864,0.132438126965,0.0,0.0135760352011,-0.0228077068436,0.0,0.0,0.0,0.0513761546456,-1.70742227665,-17.3981310583,-1.89157418619,-3.81786528815,-0.000691232081828,0.224895802139,-0.130701266665
1624449283563261186,9052,1624449283563770097,,iri_wam_joint_1,iri_wam_joint_2,iri_wam_joint_3,iri_wam_joint_4,iri_wam_joint_5,iri_wam_joint_6,iri_wam_joint_7,-1.10786283902,0.516666449442,-0.24995434919,1.97474460094,0.152765509391,0.643955646213,0.132335382103,0.0,0.0135453530708,0.0227561609379,-0.0425173582501,0.0788981905672,0.0,0.0,-1.76957271475,-17.3774881671,-1.94278414714,-3.77729350713,-0.0105710351304,0.235387519584,-0.123671435284
1624449283624902923,9053,1624449283625397037,,iri_wam_joint_1,iri_wam_joint_2,iri_wam_joint_3,iri_wam_joint_4,iri_wam_joint_5,iri_wam_joint_6,iri_wam_joint_7,-1.10786283902,0.516639299339,-0.249999961298,1.97482982209,0.152765509391,0.643955646213,0.132232637241,0.0,0.0135453530708,-0.0227561609379,0.0,0.0,0.0,0.0,-1.71661879491,-17.392748568,-1.90048833582,-3.81881082735,0.00887057319117,0.222669218785,-0.118191389345
1624449283663464672,9054,1624449283663908326,,iri_wam_joint_1,iri_wam_joint_2,iri_wam_joint_3,iri_wam_joint_4,iri_wam_joint_5,iri_wam_joint_6,iri_wam_joint_7,-1.10786283902,0.516612149237,-0.24995434919,1.97482982209,0.152923651741,0.644113788563,0.132129892379,-0.0182957173982,0.0,0.0,-0.0426900072624,0.0,0.0,0.0,-1.72264934956,-17.3451614972,-1.90331336898,-3.77965537662,0.00553569609071,0.234892423832,-0.116865224798
1624449283725023314,9055,1624449283725535468,,iri_wam_joint_1,iri_wam_joint_2,iri_wam_joint_3,iri_wam_joint_4,iri_wam_joint_5,iri_wam_joint_6,iri_wam_joint_7,-1.10782631567,0.516639299339,-0.249999961298,1.97482982209,0.152765509391,0.644113788563,0.132027147517,0.0,-0.0135825123171,-0.0228185883832,0.0,-0.0791146335995,0.0,0.0,-1.73175663986,-17.3504991363,-1.90578509915,-3.80825507711,0.0291550961512,0.224562761652,-0.10012848373
1624449283763725811,9056,1624449283764045678,,iri_wam_joint_1,iri_wam_joint_2,iri_wam_joint_3,iri_wam_joint_4,iri_wam_joint_5,iri_wam_joint_6,iri_wam_joint_7,-1.10786283902,0.516666449442,-0.250045573405,1.97482982209,0.152844580566,0.644192859737,0.131924402655,0.0,0.0,0.0,0.0,0.0,0.0,0.0,-1.74136265076,-17.3798826763,-1.91999155803,-3.81810806182,0.011487399204,0.219934302003,-0.110697164973
1624449283825167133,9057,1624449283825670196,,iri_wam_joint_1,iri_wam_joint_2,iri_wam_joint_3,iri_wam_joint_4,iri_wam_joint_5,iri_wam_joint_6,iri_wam_joint_7,-1.10786283902,0.516639299339,-0.249999961298,1.97482982209,0.153002722915,0.644351002087,0.131821657794,0.0,-0.0135776539009,0.0228104262555,0.0,-0.0395431672886,0.0395431672886,0.0,-1.77829813126,-17.3649947029,-1.94686819979,-3.82569401226,0.0196187996359,0.208667928404,-0.0986892767337
1624449283865018810,9058,1624449283865270958,,iri_wam_joint_1,iri_wam_joint_2,iri_wam_joint_3,iri_wam_joint_4,iri_wam_joint_5,iri_wam_joint_6,iri_wam_joint_7,-1.10782631567,0.516639299339,-0.249999961298,1.97482982209,0.153002722915,0.644192859737,0.131821657794,0.0,0.0,0.0,0.0,0.0,0.0,0.0,-1.75504139352,-17.3752970172,-1.92994972493,-3.81623814389,0.0101222577691,0.219891061094,-0.109900435391
1624449283925317078,9059,1624449283925806962,,iri_wam_joint_1,iri_wam_joint_2,iri_wam_joint_3,iri_wam_joint_4,iri_wam_joint_5,iri_wam_joint_6,iri_wam_joint_7,-1.10786283902,0.516612149237,-0.250045573405,1.97517070671,0.152923651741,0.644113788563,0.131821657794,0.0,-0.0135841325619,-0.0228213103906,-0.0426390827637,0.0,0.0,0.0514067977058,-1.70324466612,-17.3332577304,-1.88655490471,-3.80048148091,0.000632635452519,0.230022140395,-0.126342633469
1624449283965166571,9060,1624449283965463989,,iri_wam_joint_1,iri_wam_joint_2,iri_wam_joint_3,iri_wam_joint_4,iri_wam_joint_5,iri_wam_joint_6,iri_wam_joint_7,-1.10786283902,0.516639299339,-0.249999961298,1.97517070671,0.152844580566,0.644034717388,0.131718912932,-0.0182325686473,0.0,0.0,0.0,0.0,0.0,-0.0512905481037,-1.73020253962,-17.3895363567,-1.91497884528,-3.84131148145,0.0220431108585,0.214766160872,-0.0998478488247
1624449284025422143,9061,1624449284025948071,,iri_wam_joint_1,iri_wam_joint_2,iri_wam_joint_3,iri_wam_joint_4,iri_wam_joint_5,iri_wam_joint_6,iri_wam_joint_7,-1.10786283902,0.516693599544,-0.249999961298,1.97517070671,0.152844580566,0.644034717388,0.131718912932,0.0,0.0,0.0,0.0,0.0,0.0,0.0,-1.74795401421,-17.402218272,-1.92693875591,-3.8439428664,0.0141966363786,0.213960841985,-0.107531066085
1624449284065256745,9062,1624449284065603949,,iri_wam_joint_1,iri_wam_joint_2,iri_wam_joint_3,iri_wam_joint_4,iri_wam_joint_5,iri_wam_joint_6,iri_wam_joint_7,-1.10786283902,0.516666449442,-0.250045573405,1.97517070671,0.152844580566,0.644034717388,0.131718912932,0.0,0.0135792729867,-0.0228131463159,0.0,0.0395478826674,-0.0395478826675,0.0,-1.71234114898,-17.4064936284,-1.90101456027,-3.8372311737,0.00473135521334,0.223012808763,-0.119923151855
1624449284125574614,9063,1624449284126081333,,iri_wam_joint_1,iri_wam_joint_2,iri_wam_joint_3,iri_wam_joint_4,iri_wam_joint_5,iri_wam_joint_6,iri_wam_joint_7,-1.10786283902,0.516666449442,-0.250045573405,1.97517070671,0.152765509391,0.643955646213,0.13161616807,0.0,0.0,0.0,0.0,0.0,0.0,0.0,-1.74314581284,-17.3948450399,-1.92293418968,-3.84061970458,0.0166971584891,0.215699249871,-0.105634490498
1624449284165269148,9064,1624449284165741968,,iri_wam_joint_1,iri_wam_joint_2,iri_wam_joint_3,iri_wam_joint_4,iri_wam_joint_5,iri_wam_joint_6,iri_wam_joint_7,-1.10786283902,0.516639299339,-0.249999961298,1.97517070671,0.152765509391,0.643955646213,0.131718912932,0.0,0.0,0.0,0.0,0.0395337399033,-0.0395337399034,0.0,-1.74282331487,-17.3817332411,-1.92229950502,-3.82687197435,0.00591136726692,0.225610417087,-0.113937661262
1624449284226752070,9065,1624449284227283278,,iri_wam_joint_1,iri_wam_joint_2,iri_wam_joint_3,iri_wam_joint_4,iri_wam_joint_5,iri_wam_joint_6,iri_wam_joint_7,-1.10786283902,0.516666449442,-0.250045573405,1.97517070671,0.152686438217,0.643876575039,0.131718912932,0.0,0.0,0.0,0.0426085863404,0.0,0.0,0.0,-1.73885556645,-17.4172301958,-1.92131019724,-3.87419313525,0.017117345395,0.203795205382,-0.107124173806
1624449284265411959,9066,1624449284265879897,,iri_wam_joint_1,iri_wam_joint_2,iri_wam_joint_3,iri_wam_joint_4,iri_wam_joint_5,iri_wam_joint_6,iri_wam_joint_7,-1.10786283902,0.516666449442,-0.250045573405,1.97517070671,0.152686438217,0.643876575039,0.13161616807,0.0,-0.0135663311016,-0.0227914039796,0.0,0.0,0.0,0.0,-1.71572769408,-17.3667731663,-1.89958063802,-3.83142276614,0.0168049162185,0.22041690779,-0.109350606161
1624449284326900259,9067,1624449284327433553,,iri_wam_joint_1,iri_wam_joint_2,iri_wam_joint_3,iri_wam_joint_4,iri_wam_joint_5,iri_wam_joint_6,iri_wam_joint_7,-1.10786283902,0.516693599544,-0.249999961298,1.97517070671,0.152686438217,0.643876575039,0.13161616807,0.0,0.013567947488,0.0227941195049,0.0,0.0,0.0,0.0,-1.77637701296,-17.4287810535,-1.95030390458,-3.84745090807,0.0190140142096,0.213253401028,-0.0994097395484
1624449284365573550,9068,1624449284366026252,,iri_wam_joint_1,iri_wam_joint_2,iri_wam_joint_3,iri_wam_joint_4,iri_wam_joint_5,iri_wam_joint_6,iri_wam_joint_7,-1.10786283902,0.516666449442,-0.250045573405,1.97517070671,0.152765509391,0.643955646213,0.13161616807,-0.0182673553273,0.0,0.0,0.0,0.0395478826674,0.0395478826675,0.0,-1.71128579728,-17.3986087559,-1.90275971394,-3.85356998038,0.00563307632063,0.206183826391,-0.117222273252
1624449284427053087,9069,1624449284427570730,,iri_wam_joint_1,iri_wam_joint_2,iri_wam_joint_3,iri_wam_joint_4,iri_wam_joint_5,iri_wam_joint_6,iri_wam_joint_7,-1.10782631567,0.516639299339,-0.249999961298,1.97517070671,0.152765509391,0.643955646213,0.13161616807,0.0,0.0,0.0,0.0,0.0,0.0,0.0,-1.75537867347,-17.3904660251,-1.9312795853,-3.83906304538,0.0165889775626,0.21563050349,-0.104502429484
1624449284466648699,9070,1624449284467140052,,iri_wam_joint_1,iri_wam_joint_2,iri_wam_joint_3,iri_wam_joint_4,iri_wam_joint_5,iri_wam_joint_6,iri_wam_joint_7,-1.10782631567,0.516666449442,-0.250045573405,1.97517070671,0.152844580566,0.644034717388,0.13161616807,0.0182586462187,0.0,0.0,0.0,0.0395290278962,0.0395290278962,0.0,-1.77630881059,-17.4024092718,-1.94984363045,-3.85297695533,0.00765727902778,0.203988212617,-0.109148487373
1624449284527214332,9071,1624449284527708917,,iri_wam_joint_1,iri_wam_joint_2,iri_wam_joint_3,iri_wam_joint_4,iri_wam_joint_5,iri_wam_joint_6,iri_wam_joint_7,-1.10786283902,0.516666449442,-0.250045573405,1.97517070671,0.152844580566,0.644034717388,0.13161616807,0.0,0.0,0.0,0.0,0.0,0.0,0.0,-1.74332456497,-17.3953570671,-1.92337458942,-3.84246076165,0.0154618136943,0.214369815132,-0.106589340146
1624449284567013131,9072,1624449284567407781,,iri_wam_joint_1,iri_wam_joint_2,iri_wam_joint_3,iri_wam_joint_4,iri_wam_joint_5,iri_wam_joint_6,iri_wam_joint_7,-1.10786283902,0.516666449442,-0.250045573405,1.97517070671,0.153002722915,0.644192859737,0.13161616807,0.0,0.0,0.0,0.0,0.0,0.0,0.051351666488,-1.73175419368,-17.3959577414,-1.91398632049,-3.84723515431,0.00344574505005,0.211710924631,-0.120436744013
1624449284627310218,9073,1624449284627842316,,iri_wam_joint_1,iri_wam_joint_2,iri_wam_joint_3,iri_wam_joint_4,iri_wam_joint_5,iri_wam_joint_6,iri_wam_joint_7,-1.10786283902,0.516693599544,-0.249999961298,1.97517070671,0.153002722915,0.644192859737,0.131513423208,0.0,0.0,0.0,0.0,0.0,0.0,0.0,-1.75139321844,-17.4032960414,-1.93048550285,-3.847294594,0.0141637271261,0.211345242438,-0.106359517774
1624449284667107241,9074,1624449284667581892,,iri_wam_joint_1,iri_wam_joint_2,iri_wam_joint_3,iri_wam_joint_4,iri_wam_joint_5,iri_wam_joint_6,iri_wam_joint_7,-1.10786283902,0.516666449442,-0.250045573405,1.97525592787,0.15308179409,0.644271930912,0.131513423208,-0.0182651772714,0.0,0.0,0.0426187469665,0.0,0.0,0.0,-1.71318549979,-17.4225486198,-1.90521285688,-3.89133270974,0.0118390544199,0.195501738771,-0.113197105008
1624449284727440152,9075,1624449284727975487,,iri_wam_joint_1,iri_wam_joint_2,iri_wam_joint_3,iri_wam_joint_4,iri_wam_joint_5,iri_wam_joint_6,iri_wam_joint_7,-1.10786283902,0.516639299339,-0.249999961298,1.97551159133,0.153002722915,0.644192859737,0.131410678346,0.0,-0.0135808924587,0.022815867025,0.0,-0.039552599171,-0.039552599171,0.0,-1.77797186761,-17.3836211239,-1.94783907951,-3.85412710572,0.0251405213616,0.2146232678,-0.0935861976134
1624449284767236995,9076,1624449284767720973,,iri_wam_joint_1,iri_wam_joint_2,iri_wam_joint_3,iri_wam_joint_4,iri_wam_joint_5,iri_wam_joint_6,iri_wam_joint_7,-1.10786283902,0.516693599544,-0.249999961298,1.97551159133,0.153002722915,0.644192859737,0.131307933484,0.0,0.0,0.0,0.0426339969953,0.0,0.0,0.0,-1.74970164211,-17.4428954003,-1.93328725352,-3.91088767338,0.0173296463044,0.189887150534,-0.104732097798
1624449284827661326,9077,1624449284828113150,,iri_wam_joint_1,iri_wam_joint_2,iri_wam_joint_3,iri_wam_joint_4,iri_wam_joint_5,iri_wam_joint_6,iri_wam_joint_7,-1.10786283902,0.516693599544,-0.249999961298,1.97551159133,0.153002722915,0.644192859737,0.131307933484,0.0,0.0,0.0,0.0,0.0,0.0,0.0,-1.75226966484,-17.4199856688,-1.93313787982,-3.87563960864,0.0169247508533,0.203097314964,-0.103825803615
1624449284867361738,9078,1624449284867860118,,iri_wam_joint_1,iri_wam_joint_2,iri_wam_joint_3,iri_wam_joint_4,iri_wam_joint_5,iri_wam_joint_6,iri_wam_joint_7,-1.10782631567,0.516666449442,-0.250045573405,1.97551159133,0.153002722915,0.644192859737,0.131307933484,0.0182651772714,0.0,0.0,0.0426187469665,0.0,0.0,0.0,-1.77926576663,-17.4378463746,-1.95406293064,-3.90823820798,0.0190144035039,0.189786719674,-0.100542958509
1624449284928776372,9079,1624449284929307892,,iri_wam_joint_1,iri_wam_joint_2,iri_wam_joint_3,iri_wam_joint_4,iri_wam_joint_5,iri_wam_joint_6,iri_wam_joint_7,-1.10786283902,0.516693599544,-0.249999961298,1.97551159133,0.153002722915,0.644192859737,0.131307933484,-0.0182651772714,0.0,0.0,0.0,0.0,0.0,0.0,-1.72317956555,-17.418537156,-1.91217901013,-3.87673695881,0.0153020354281,0.203478095912,-0.108066175493
1624449284967633437,9080,1624449284968018489,,iri_wam_joint_1,iri_wam_joint_2,iri_wam_joint_3,iri_wam_joint_4,iri_wam_joint_5,iri_wam_joint_6,iri_wam_joint_7,-1.10782631567,0.516639299339,-0.249999961298,1.97551159133,0.153002722915,0.644192859737,0.131307933484,0.0182586462187,-0.0135727989591,0.0228022699648,0.0,0.0,0.0,0.0,-1.81248656211,-17.3906965312,-1.97563473151,-3.86447739203,0.0185555733909,0.204262715238,-0.0946036015864
1624449285028922032,9081,1624449285029455139,,iri_wam_joint_1,iri_wam_joint_2,iri_wam_joint_3,iri_wam_joint_4,iri_wam_joint_5,iri_wam_joint_6,iri_wam_joint_7,-1.10786283902,0.516693599544,-0.249999961298,1.97551159133,0.152844580566,0.644034717388,0.131307933484,0.0,-0.0135744168872,-0.0228049880802,0.0,0.0,0.0,0.0,-1.72467996131,-17.3914148972,-1.90934939093,-3.86460709833,0.018266248081,0.209144222639,-0.106587502576
1624449285067873349,9082,1624449285068175882,,iri_wam_joint_1,iri_wam_joint_2,iri_wam_joint_3,iri_wam_joint_4,iri_wam_joint_5,iri_wam_joint_6,iri_wam_joint_7,-1.10782631567,0.516693599544,-0.249999961298,1.97551159133,0.152844580566,0.644034717388,0.131307933484,0.0182564702389,0.0,0.0,0.0,0.0,0.0,0.0,-1.78764583014,-17.4208013446,-1.95792877914,-3.87062515897,0.0210345235978,0.20526928842,-0.0971280112783
1624449285129051344,9083,1624449285129592654,,iri_wam_joint_1,iri_wam_joint_2,iri_wam_joint_3,iri_wam_joint_4,iri_wam_joint_5,iri_wam_joint_6,iri_wam_joint_7,-1.10786283902,0.516693599544,-0.249999961298,1.97551159133,0.152844580566,0.644034717388,0.131307933484,-0.0182303988784,0.0,0.0,0.0,0.0,0.0,0.0,-1.7228208258,-17.417514645,-1.91129733439,-3.87305624897,0.0177722553026,0.206135871696,-0.106156325816
1624449285169054640,9084,1624449285169378420,,iri_wam_joint_1,iri_wam_joint_2,iri_wam_joint_3,iri_wam_joint_4,iri_wam_joint_5,iri_wam_joint_6,iri_wam_joint_7,-1.10786283902,0.516693599544,-0.249999961298,1.97551159133,0.152844580566,0.644034717388,0.131307933484,0.0,0.0,0.0,0.0,0.0,0.0,0.0,-1.7519117182,-17.4189633048,-1.93225682502,-3.87195866415,0.0193952645316,0.205755911339,-0.101915983764
1624449285229221979,9085,1624449285229731009,,iri_wam_joint_1,iri_wam_joint_2,iri_wam_joint_3,iri_wam_joint_4,iri_wam_joint_5,iri_wam_joint_6,iri_wam_joint_7,-1.10786283902,0.516693599544,-0.249999961298,1.97551159133,0.152765509391,0.643955646213,0.131307933484,0.0,0.0,0.0,0.0,0.0,0.0,0.0,-1.75173310458,-17.4184519222,-1.93181659841,-3.87011800502,0.0206305030108,0.207085199139,-0.100960989109
1624449285269189306,9086,1624449285269531113,,iri_wam_joint_1,iri_wam_joint_2,iri_wam_joint_3,iri_wam_joint_4,iri_wam_joint_5,iri_wam_joint_6,iri_wam_joint_7,-1.10782631567,0.516693599544,-0.249999961298,1.97551159133,0.152686438217,0.643876575039,0.131205188622,0.0,0.0,0.0,0.0,0.0,0.0,0.0,-1.75973859883,-17.4183567283,-1.93742186931,-3.86787698114,0.0231013245157,0.20832962887,-0.0979177618247
1624449285329352476,9087,1624449285329867582,,iri_wam_joint_1,iri_wam_joint_2,iri_wam_joint_3,iri_wam_joint_4,iri_wam_joint_5,iri_wam_joint_6,iri_wam_joint_7,-1.10786283902,0.516693599544,-0.249999961298,1.97542637018,0.152686438217,0.643876575039,0.131205188622,-0.0182564702389,0.0,0.0,-0.0425984305575,0.0,0.0,0.0,-1.72712256156,-17.3894483712,-1.91160289055,-3.82679171924,0.0209772921703,0.224100307539,-0.101664948143
1624449285369224432,9088,1624449285369673970,,iri_wam_joint_1,iri_wam_joint_2,iri_wam_joint_3,iri_wam_joint_4,iri_wam_joint_5,iri_wam_joint_6,iri_wam_joint_7,-1.10786283902,0.516693599544,-0.249999961298,1.97551159133,0.152765509391,0.643955646213,0.131205188622,0.0,-0.0135776539009,-0.0228104262555,0.0,0.0,0.0,0.0,-1.72604145766,-17.3909302115,-1.91024152597,-3.8626014437,0.0207205730443,0.210494941917,-0.104092012706
1624449285429522067,9089,1624449285429997860,,iri_wam_joint_1,iri_wam_joint_2,iri_wam_joint_3,iri_wam_joint_4,iri_wam_joint_5,iri_wam_joint_6,iri_wam_joint_7,-1.10786283902,0.516693599544,-0.249999961298,1.97551159133,0.152844580566,0.644034717388,0.131205188622,-0.0182564702389,0.0,0.0,0.0425984305575,0.0395243170121,0.0395243170121,0.0,-1.71902958184,-17.4456653802,-1.91356682768,-3.91999160417,0.00995382345162,0.183051561472,-0.112867724885
1624449285469493316,9090,1624449285469814883,,iri_wam_joint_1,iri_wam_joint_2,iri_wam_joint_3,iri_wam_joint_4,iri_wam_joint_5,iri_wam_joint_6,iri_wam_joint_7,-1.10782631567,0.516693599544,-0.249999961298,1.97551159133,0.152844580566,0.644034717388,0.131205188622,0.0182152249435,0.0,0.0,0.0,-0.0394350230736,-0.0394350230736,0.0,-1.79194716659,-17.4156170198,-1.95847215536,-3.8586101595,0.0316962082115,0.215185839886,-0.0882408208628
