%time,field.header.seq,field.header.stamp,field.header.frame_id,field.size,field.x0,field.x1,field.x2,field.x3,field.x4,field.x5,field.x6,field.x7,field.x8,field.x9,field.x10,field.x11,field.x12,field.x13,field.x14,field.x15,field.y0,field.y1,field.y2,field.y3,field.y4,field.y5,field.y6,field.y7,field.y8,field.y9,field.y10,field.y11,field.y12,field.y13,field.y14,field.y15,field.z0,field.z1,field.z2,field.z3,field.z4,field.z5,field.z6,field.z7,field.z8,field.z9,field.z10,field.z11,field.z12,field.z13,field.z14,field.z15
1624449277772615414,4126,1624449277772324085,camera_rgb_optical_frame,4,-0.142983183265,-0.141516163945,-0.137992307544,-0.121268577874,-0.0475301072001,-0.0430396571755,-0.037924580276,-0.0288166757673,0.0491466931999,0.0548122115433,0.0581503137946,0.0639084726572,0.144666671753,0.154991492629,0.151805147529,0.15352858603,-0.170897468925,-0.0764744803309,0.0181336589158,0.11108572036,-0.181015476584,-0.0817245319486,0.015213329345,0.112223476171,-0.182143047452,-0.0846215113997,0.0122207207605,0.111951678991,-0.174533337355,-0.0868391916156,0.0063393865712,0.0995609611273,0.977000057697,0.977077782154,0.975353360176,0.972000062466,0.973634719849,0.976999878883,0.986770093441,0.991444528103,0.972644984722,0.980002760887,0.987725436687,0.988487362862,0.980000019073,0.977000057697,0.978953778744,0.977000057697
1624449277917458913,4127,1624449277917256116,camera_rgb_optical_frame,4,-0.143293350935,-0.141416043043,-0.137571185827,-0.121268577874,-0.0449277348816,-0.0417916513979,-0.0374450050294,-0.0294987335801,0.0548277646303,0.0566221810877,0.059081543237,0.0626116245985,0.153063341975,0.154371067882,0.154537379742,0.152598112822,-0.170277148485,-0.0763634443283,0.0176374390721,0.110160008073,-0.181355133653,-0.0810529589653,0.0160936061293,0.113761737943,-0.182265773416,-0.0825868695974,0.0140282129869,0.112388454378,-0.172138109803,-0.0810569673777,0.010217666626,0.101421914995,0.977000057697,0.976669251919,0.97399866581,0.972000062466,0.972545206547,0.976999878883,0.985946655273,0.988181948662,0.972673594952,0.980360686779,0.98736166954,0.988392055035,0.977000117302,0.977000117302,0.977000117302,0.977000057697
1624449278022812986,4128,1624449278022490978,camera_rgb_optical_frame,4,-0.143293350935,-0.141735598445,-0.139178737998,-0.122480012476,-0.0449762009084,-0.0424229539931,-0.0390883944929,-0.0327014923096,0.05473459512,0.0561083704233,0.0579496026039,0.060968734324,0.152598112822,0.154172241688,0.153809711337,0.152129530907,-0.170277148485,-0.0783910080791,0.0135930329561,0.103948950768,-0.181396588683,-0.0818861573935,0.0149029409513,0.113864257932,-0.182249695063,-0.0826599672437,0.0140406331047,0.113626912236,-0.171207621694,-0.0805446580052,0.0102926502004,0.101110480726,0.977000057697,0.977233111858,0.976081073284,0.972800076008,0.972848594189,0.976999819279,0.985899031162,0.988078176975,0.973230063915,0.980306148529,0.986755371094,0.988768160343,0.977000057697,0.977000117302,0.979055404663,0.974000036716
1624449278307540925,4129,1624449278307220935,camera_rgb_optical_frame,4,-0.143293350935,-0.142182230949,-0.13824762404,-0.12309525907,-0.0478338487446,-0.0439476557076,-0.0399170182645,-0.0343701355159,0.0490121915936,0.0541424714029,0.0568973347545,0.0596144497395,0.144666671753,0.154608026147,0.15374943614,0.151201918721,-0.170277148485,-0.0783546417952,0.0136116873473,0.104432113469,-0.181178301573,-0.082471139729,0.0143221728504,0.11382265389,-0.182284787297,-0.0846737995744,0.0123254861683,0.112195447087,-0.174533337355,-0.086264744401,0.00745812058449,0.101110480726,0.977000057697,0.979969143867,0.975693941116,0.972857177258,0.972523808479,0.976999819279,0.98634660244,0.988063514233,0.973598361015,0.979635536671,0.986271381378,0.986823320389,0.980000019073,0.977000117302,0.97900801897,0.974000036716
1624449278436217764,4130,1624449278435919046,camera_rgb_optical_frame,4,-0.143293350935,-0.142701774836,-0.137304618955,-0.122688338161,-0.047725815326,-0.0436243787408,-0.0385268442333,-0.0305508282036,0.0492166392505,0.0544569157064,0.0573724396527,0.0615972392261,0.144666671753,0.154862970114,0.151962444186,0.151667624712,-0.170277148485,-0.0756004303694,0.0191235542297,0.112502627075,-0.181531742215,-0.0813716575503,0.0157611314207,0.112430639565,-0.182188630104,-0.0841155871749,0.0128619913012,0.111995048821,-0.173600018024,-0.0857640579343,0.00780737074092,0.101421914995,0.977000057697,0.980000019073,0.979444384575,0.972250044346,0.972531795502,0.976999938488,0.987797439098,0.99161529541,0.972890198231,0.980127036572,0.988705635071,0.987773358822,0.980000019073,0.977000057697,0.977792620659,0.977000057697
1624449278561221877,4131,1624449278560976028,camera_rgb_optical_frame,4,-0.143293350935,-0.14186668396,-0.137993127108,-0.121518105268,-0.0449318811297,-0.042074225843,-0.0379681251943,-0.030004946515,0.0548633225262,0.0564697869122,0.0581997968256,0.061710152775,0.153063341975,0.15489025414,0.152587369084,0.151200011373,-0.170277148485,-0.075924269855,0.0185282360762,0.111314296722,-0.18213967979,-0.081157207489,0.0164496265352,0.114113330841,-0.184286266565,-0.0830144956708,0.0143141429871,0.113415881991,-0.172138109803,-0.0809286534786,0.0104055600241,0.101733341813,0.977000057697,0.980000019073,0.976128995419,0.974000036716,0.974000036716,0.979999780655,0.987881541252,0.991000056267,0.974000036716,0.980845272541,0.989171266556,0.991000115871,0.977000117302,0.977000057697,0.98077994585,0.980000019073
1624449278682439217,4132,1624449278682118892,camera_rgb_optical_frame,4,-0.143293350935,-0.141732573509,-0.138194426894,-0.121518105268,-0.044897466898,-0.042115394026,-0.0381608121097,-0.0302730519325,0.0549229308963,0.0563292726874,0.0579396113753,0.0614912509918,0.152598112822,0.154569938779,0.152098730206,0.151200011373,-0.170277148485,-0.0762388184667,0.0178749430925,0.110386677086,-0.180885732174,-0.0806418135762,0.0163974370807,0.113641902804,-0.181752741337,-0.0818401426077,0.0147147169337,0.113273613155,-0.170277148485,-0.0796807259321,0.0110279563814,0.101733341813,0.977000057697,0.979073703289,0.977840363979,0.974000036716,0.974000036716,0.976999938488,0.987888753414,0.991000115871,0.974000036716,0.980702757835,0.989069759846,0.991000056267,0.977000057697,0.977000117302,0.978560507298,0.980000019073
1624449278783287946,4133,1624449278782905101,camera_rgb_optical_frame,4,-0.143293350935,-0.141443580389,-0.138090521097,-0.122194290161,-0.0448754765093,-0.0418663658202,-0.0377714522183,-0.0298554878682,0.0549314282835,0.0566250421107,0.058726567775,0.0625240877271,0.152598112822,0.15470854938,0.15352858603,0.152598112822,-0.170277148485,-0.075771920383,0.0188371445984,0.112011432648,-0.18133173883,-0.0807556211948,0.0161728244275,0.112196087837,-0.182190567255,-0.0820916518569,0.0144136874005,0.112721711397,-0.170277148485,-0.0798341184855,0.0108518684283,0.101421914995,0.977000057697,0.977000117302,0.975740134716,0.972000062466,0.97303378582,0.976999938488,0.987182319164,0.993134558201,0.972953677177,0.98046964407,0.989612817764,0.988353490829,0.977000057697,0.977000117302,0.977000057697,0.977000057697
1624449278914968466,4134,1624449278914541959,camera_rgb_optical_frame,4,-0.143293350935,-0.142714843154,-0.138054296374,-0.122194290161,-0.0478362180293,-0.0436222888529,-0.0384206213057,-0.0299970321357,0.049012504518,0.0544825270772,0.057991143316,0.0623951368034,0.144666671753,0.154548749328,0.153507530689,0.152598112822,-0.170277148485,-0.076058074832,0.0181995313615,0.11108571291,-0.181535840034,-0.0815763622522,0.0154853919521,0.112555392087,-0.182103961706,-0.0841969400644,0.0127630066127,0.111973330379,-0.174533337355,-0.0858704447746,0.00779024651274,0.101421914995,0.977000057697,0.980000019073,0.975475251675,0.972000062466,0.97361010313,0.976999819279,0.986651778221,0.991629958153,0.972517251968,0.980230152607,0.988546311855,0.988000035286,0.980000019073,0.977000117302,0.977000057697,0.977000057697
1624449279023972632,4135,1624449279023618936,camera_rgb_optical_frame,4,-0.143293350935,-0.141603931785,-0.137685611844,-0.121268577874,-0.0449695326388,-0.041985116899,-0.0377367287874,-0.0296682734042,0.0547312535346,0.0563697367907,0.0583920814097,0.0622909888625,0.152598112822,0.154340729117,0.152644336224,0.152129530907,-0.170277148485,-0.0763343274593,0.0176814720035,0.110160008073,-0.181132897735,-0.0809464901686,0.0161363072693,0.113734014332,-0.182381346822,-0.0824550390244,0.0140762263909,0.112344026566,-0.171207636595,-0.0805685371161,0.0102796079591,0.101110480726,0.977000057697,0.976674258709,0.974466025829,0.972000062466,0.972994446754,0.976999878883,0.985800027847,0.988235890865,0.972753465176,0.980423629284,0.98737424612,0.988373577595,0.977000057697,0.977000117302,0.977000117302,0.974000036716
1624449279200686065,4136,1624449279200156927,camera_rgb_optical_frame,4,-0.143293350935,-0.142713367939,-0.138916537166,-0.122558742762,-0.0449142344296,-0.0426875501871,-0.039149351418,-0.0326648131013,0.0548504516482,0.0560267493129,0.0576714873314,0.0610505267978,0.153063327074,0.154272601008,0.152758032084,0.152365252376,-0.170277148485,-0.0786007866263,0.0131451981142,0.10341758281,-0.181260451674,-0.0820370167494,0.014775368385,0.114459805191,-0.182647153735,-0.0830621942878,0.0135334823281,0.112341873348,-0.172138109803,-0.081098087132,0.0100788800046,0.10126619786,0.977000057697,0.980000019073,0.97622781992,0.972444534302,0.972612857819,0.976999878883,0.985885441303,0.988031566143,0.973505020142,0.980282187462,0.986715555191,0.988570570946,0.977000117302,0.977000117302,0.977000117302,0.975500047207
1624449279327586173,4137,1624449279327240943,camera_rgb_optical_frame,4,-0.143293350935,-0.141919881105,-0.139356657863,-0.121885716915,-0.0448782667518,-0.0421295017004,-0.0381832681596,-0.029810898006,0.0549227818847,0.0564634166658,0.0585639774799,0.0624627806246,0.152598112822,0.15449641645,0.153512984514,0.152598112822,-0.170277148485,-0.0758854970336,0.0186379086226,0.110777147114,-0.181367024779,-0.0808687359095,0.0160432010889,0.112336233258,-0.182396054268,-0.0822656154633,0.0140673946589,0.111658014357,-0.170277148485,-0.0798650681973,0.0108339833096,0.101421914995,0.977000057697,0.979678332806,0.975863695145,0.972000062466,0.9728256464,0.976999938488,0.986351430416,0.991000115871,0.973398208618,0.980410635471,0.988814651966,0.988246262074,0.977000057697,0.977000117302,0.977000057697,0.977000057697
1624449279468401103,4138,1624449279467839002,camera_rgb_optical_frame,4,-0.143293350935,-0.141903102398,-0.137814193964,-0.122194290161,-0.0452611893415,-0.0421739853919,-0.0379385836422,-0.0302488449961,0.0541547164321,0.0564069449902,0.058482684195,0.0617325417697,0.151667624712,0.155164361,0.153729841113,0.151667624712,-0.170277148485,-0.0757193267345,0.0189462006092,0.112011432648,-0.181379690766,-0.0808513239026,0.0160905569792,0.112244307995,-0.182149037719,-0.0823968276381,0.0140230385587,0.111916124821,-0.171207636595,-0.0806099995971,0.0104823000729,0.101421914995,0.977000057697,0.977000117302,0.974770784378,0.972000062466,0.972580134869,0.976999878883,0.987607657909,0.991624832153,0.973314523697,0.980515062809,0.989285290241,0.98868393898,0.977000057697,0.977000057697,0.977000057697,0.977000057697
1624449279545738671,4139,1624449279545216083,camera_rgb_optical_frame,4,-0.143293350935,-0.142862692475,-0.137562662363,-0.121518105268,-0.0450297556818,-0.0424219854176,-0.0379928275943,-0.0300575140864,0.0546549484134,0.0561973340809,0.0580708384514,0.0616814419627,0.152598112822,0.154485538602,0.152397409081,0.151200011373,-0.170277148485,-0.0759353414178,0.018374601379,0.111314296722,-0.181717649102,-0.0809742063284,0.0159396063536,0.112173870206,-0.181579515338,-0.0821834504604,0.0141841620207,0.112301588058,-0.171207636595,-0.0803642347455,0.0106789022684,0.101733341813,0.977000057697,0.979320824146,nan,0.974000036716,0.974000036716,0.976999878883,0.987954497337,0.992049455643,0.974000096321,0.980347275734,0.989486098289,0.992407917976,0.977000057697,0.977000117302,0.979496657848,0.980000019073
1624449279681734298,4140,1624449279681251049,camera_rgb_optical_frame,4,-0.143293350935,-0.142303422093,-0.138257920742,-0.121518105268,-0.0478625707328,-0.0435592494905,-0.0385610237718,-0.0300211664289,0.0489672273397,0.0544900149107,0.0575942434371,0.0618700273335,0.144666671753,0.154957830906,0.152577966452,0.151667624712,-0.170277148485,-0.0761973485351,0.0179566871375,0.110386677086,-0.181705713272,-0.0817421674728,0.0153495296836,0.112439610064,-0.182435721159,-0.0844151303172,0.0127439824864,0.112459138036,-0.174533337355,-0.0862266123295,0.00758239021525,0.101421914995,0.977000057697,0.977576196194,0.976066112518,0.974000036716,0.974000036716,0.976999878883,0.987831890583,0.993381381035,0.974000036716,0.979887008667,0.98928296566,0.992702364922,0.980000019073,0.977000057697,0.97962641716,0.977000057697
1624449279826427469,4141,1624449279826040983,camera_rgb_optical_frame,4,-0.143293350935,-0.14127355814,-0.139609232545,-0.122719533741,-0.0478282086551,-0.0433915220201,-0.0390187427402,-0.0306819938123,0.0490071885288,0.0545544177294,0.0576077736914,0.0613668337464,0.144666671753,0.154994234443,0.15352858603,0.151200011373,-0.170277148485,-0.0755481719971,0.0194065496325,0.11253143847,-0.181336373091,-0.0812989994884,0.0158970542252,0.112551808357,-0.182251781225,-0.0842084884644,0.0129288537428,0.112264342606,-0.174533337355,-0.0862120240927,0.00776250241324,0.101733341813,0.977000057697,0.977954804897,0.980000019073,0.972500085831,0.97239536047,0.978063702583,0.987919986248,0.992523193359,0.972874820232,0.980343997478,0.989064753056,0.98956412077,0.980000019073,0.977000057697,0.977000057697,0.980000019073
1624449279945271749,4142,1624449279945023059,camera_rgb_optical_frame,4,-0.143218576908,-0.142394155264,-0.138918861747,-0.123970486224,-0.0450142398477,-0.0426327474415,-0.0390383191407,-0.0318332910538,0.0545386746526,0.0559157170355,0.0572316199541,0.0603128112853,0.152996882796,0.154525309801,0.151736274362,0.151667624712,-0.171119526029,-0.0763081535697,0.0186606384814,0.112280957401,-0.184117332101,-0.0821463689208,0.0152410157025,0.111179828644,-0.183646425605,-0.0834009945393,0.0132699590176,0.111099161208,-0.171872258186,-0.0810811445117,0.0101406471804,0.101421914995,0.976500093937,0.980000019073,0.974527955055,0.969000041485,0.97008305788,0.976999878883,0.986969828606,0.991000115871,0.969006121159,0.98025560379,0.98816806078,0.988601386547,0.977000117302,0.977000057697,0.97761964798,0.977000057697
1624449280043043484,4143,1624449280042680978,camera_rgb_optical_frame,4,-0.120520010591,-0.141658261418,-0.138097584248,-0.126822859049,-0.0288959480822,-0.0380704663694,-0.0403068140149,-0.0396478027105,0.0645761489868,0.0585791580379,0.0545885972679,0.047619137913,0.153014317155,0.153222352266,0.152462899685,0.134775906801,-0.15640000999,-0.0725192502141,0.0150696020573,0.100902862847,-0.173464715481,-0.0789058879018,0.0108664808795,0.0969180986285,-0.178046688437,-0.080506041646,0.0103841060773,0.0969180986285,-0.165059998631,-0.0754557177424,0.014257889241,0.0932623296976,0.966000020504,0.968853890896,0.968090116978,0.972000062466,0.966000020504,0.97566151619,0.9880002141,0.988000035286,0.966000020504,0.980433166027,0.987463057041,0.988000035286,0.966272711754,0.974746227264,0.977000117302,0.977000176907
1624449280118293930,4144,1624449280117548942,camera_rgb_optical_frame,4,-0.150071442127,-0.144341811538,-0.139178797603,-0.126820966601,-0.0493883825839,-0.0447216928005,-0.0399485342205,-0.0329249985516,0.0523563064635,0.05479195714,0.057031352073,0.0613248534501,0.153362154961,0.154501870275,0.151957139373,0.151667624712,-0.210100010037,-0.116285003722,-0.0224586650729,0.0702533349395,-0.221441626549,-0.121720179915,-0.0248225368559,0.0720284581184,-0.222751289606,-0.12433154881,-0.0271397661418,0.0723005533218,-0.214257881045,-0.125714957714,-0.031705532223,0.0623419098556,0.955000042915,0.956986665726,0.962077856064,0.958000063896,0.951745629311,0.955384969711,0.975780069828,0.988270223141,0.94916665554,0.959133028984,0.977193057537,0.991668403149,0.947250008583,0.956480026245,0.965031206608,0.977000057697
1624449280231323840,4145,1624449280230990886,camera_rgb_optical_frame,4,-0.143059059978,-0.143260255456,-0.139725834131,-0.131395325065,-0.0448202714324,-0.0439060218632,-0.0425162501633,-0.0414885208011,0.054551333189,0.0549727007747,0.055055372417,0.0543242581189,0.152597159147,0.15419010818,0.153440788388,0.144741728902,-0.221481919289,-0.129570126534,-0.0375081636012,0.0542637296021,-0.23112668097,-0.131976172328,-0.0352346226573,0.0635332241654,-0.231125026941,-0.131973221898,-0.0349873863161,0.0643482655287,-0.22220286727,-0.129804328084,-0.0370899662375,0.0546817034483,0.94000005722,0.948472440243,0.950659930706,0.941750109196,0.93700003624,0.946749806404,0.962361514568,0.979173004627,0.937031924725,0.95065510273,0.961253881454,0.976118803024,0.93700003624,0.94652736187,0.9541644454,0.964968442917
1624449280330121977,4146,1624449280329516887,camera_rgb_optical_frame,4,-0.150007635355,-0.148792982101,-0.144206047058,-0.134431630373,-0.0512615218759,-0.0484956093132,-0.0454690270126,-0.0408881120384,0.0515951067209,0.0515411011875,0.0517136640847,0.0526564531028,0.153431296349,0.151351243258,0.148126125336,0.142552703619,-0.216579064727,-0.12337911129,-0.030151521787,0.0623200051486,-0.232845142484,-0.130402088165,-0.033102016896,0.063087567687,-0.233000561595,-0.132282093167,-0.0349420122802,0.0640588998795,-0.223172798753,-0.130783736706,-0.038442838937,0.0537831820548,0.932000041008,0.940622329712,0.938867390156,0.934800028801,0.932088732719,0.942224025726,0.95214921236,0.966000020504,0.932000100613,0.941272675991,0.951403737068,0.964757680893,0.932000100613,0.943455338478,0.94933873415,0.954999983311
1624449280378330279,4147,1624449280378079891,camera_rgb_optical_frame,4,-0.136104777455,-0.147260904312,-0.145671442151,-0.139112859964,-0.0409426391125,-0.0462379716337,-0.0482055582106,-0.0483522154391,0.0546077564359,0.0514572262764,0.0474393889308,0.0425645112991,0.150505527854,0.150019720197,0.143941387534,0.13339048624,-0.21162097156,-0.122148223221,-0.0304669421166,0.0607528612018,-0.199420690536,-0.114295706153,-0.0266255643219,0.0613274537027,-0.191779613495,-0.108988344669,-0.0230670645833,0.064161516726,-0.193005353212,-0.106811001897,-0.0208158586174,0.0623682588339,0.922000050545,0.925324440002,0.927000045776,0.924500048161,0.922000110149,0.930062711239,0.937397658825,0.944894194603,0.922000050545,0.932844281197,0.941820442677,0.943318009377,0.922000050545,0.935147821903,0.937923967838,0.94000005722
1624449280468843627,4148,1624449280468538999,camera_rgb_optical_frame,4,-0.174789980054,-0.182873249054,-0.181555956602,-0.176464140415,-0.0753454118967,-0.0801937431097,-0.0826520174742,-0.0835354924202,0.0253723151982,0.020095705986,0.0146771101281,0.00947121717036,0.124020375311,0.120527140796,0.111793532968,0.102190479636,-0.222740486264,-0.1299136132,-0.0330842286348,0.063572704792,-0.23125050962,-0.129356995225,-0.0301586408168,0.0686867088079,-0.23075248301,-0.126105204225,-0.026880050078,0.0716348364949,-0.212297290564,-0.117431305349,-0.0228911880404,0.0713571459055,0.904076874256,0.91647040844,0.912123143673,0.898000061512,0.896016836166,0.913214623928,0.928995847702,0.929806530476,0.896000027657,0.916236996651,0.931744396687,0.937257945538,0.895230829716,0.914494693279,0.921831607819,0.925000071526
1624449280531315055,4149,1624449280530961990,camera_rgb_optical_frame,4,-0.180420011282,-0.180561989546,-0.18162381649,-0.175218656659,-0.0933865904808,-0.0884283035994,-0.0865391120315,-0.0845569819212,-0.00636900682002,0.0067744734697,0.00845265481621,0.00607690308243,0.0806485787034,0.11344255507,0.10749835521,0.0966419130564,-0.192891448736,-0.107000775635,-0.0211226418614,0.0631571486592,-0.191685929894,-0.106321573257,-0.020308688283,0.0653990730643,-0.188131555915,-0.106290891767,-0.0191896110773,0.0689708516002,-0.184577167034,-0.111520841718,-0.0191297139972,0.0718400031328,0.873000025749,0.880098998547,0.887000024319,0.887571454048,0.873000085354,0.892832219601,0.909999966621,0.910000026226,0.873000085354,0.888928472996,0.908240556717,0.910000026226,0.873000085354,0.876676142216,0.889062821865,0.898000061512
1624449280685089735,4150,1624449280684598922,camera_rgb_optical_frame,4,-0.17097620666,-0.19490493834,-0.19356289506,-0.196207627654,-0.0758150219917,-0.0908987000585,-0.0985750108957,-0.106278151274,0.0195056777447,0.00570016540587,-0.0035602976568,-0.0124867223203,0.103157386184,0.0977539792657,0.091120377183,0.0813328623772,-0.221076205373,-0.13737526536,-0.0378883481026,0.0615714341402,-0.221409603953,-0.125708818436,-0.0269027650356,0.0744722560048,-0.221715942025,-0.117147624493,-0.0184861589223,0.0801611095667,-0.19534137845,-0.102679602802,-0.0100553529337,0.0817457139492,0.835000038147,0.850642561913,0.85289734602,0.862000048161,0.833878278732,0.850325644016,0.881803929806,0.888615369797,0.832640111446,0.847466766834,0.874050617218,0.887025535107,0.834999978542,0.844323396683,0.859414458275,0.867000043392
1624449280812394765,4151,1624449280812088012,camera_rgb_optical_frame,4,-0.210773348808,-0.211743623018,-0.212447866797,-0.212016001344,-0.110057368875,-0.112806268036,-0.115548215806,-0.117966860533,-0.00797633919865,-0.0138758458197,-0.0189718771726,-0.0236471053213,0.0908038243651,0.0842510983348,0.0771836563945,0.0706333369017,-0.213348582387,-0.117990724742,-0.0226296074688,0.0727438032627,-0.221252828836,-0.118476353586,-0.0190032310784,0.0808072537184,-0.220890343189,-0.115658611059,-0.01571421884,0.0844204202294,-0.202384769917,-0.10755353421,-0.0126154497266,0.0822761952877,0.810666739941,0.819512784481,0.820199787617,0.815444469452,0.808000028133,0.808374345303,0.821189820766,0.839000046253,0.806890070438,0.807806134224,0.816174030304,0.831518113613,0.808000028133,0.812061131001,0.815830945969,0.81500005722
1624449280967922608,4152,1624449280967722892,camera_rgb_optical_frame,4,-0.222796916962,-0.232373923063,-0.234033450484,-0.234649449587,-0.123387381434,-0.130752846599,-0.135389819741,-0.1392839849,-0.023773284629,-0.0318602882326,-0.0374889671803,-0.0435861945152,0.072532735765,0.0645739585161,0.0608804263175,0.0516670532525,-0.213425248861,-0.118719495833,-0.0227181985974,0.0732971578836,-0.219987645745,-0.118370138109,-0.0189476162195,0.0812978222966,-0.22034573555,-0.115825802088,-0.0159999486059,0.0842833966017,-0.203442275524,-0.108587384224,-0.0135097689927,0.0811074376106,0.787000119686,0.789738237858,0.799656033516,0.788000106812,0.779413998127,0.777739167213,0.767345368862,0.776712119579,0.779000043869,0.780560731888,0.76913022995,0.768000006676,0.782125115395,0.78298074007,0.779084503651,0.772800087929
1624449281091837329,4153,1624449281091275930,camera_rgb_optical_frame,4,-0.242718353868,-0.247195094824,-0.251795977354,-0.243308439851,-0.14160682261,-0.145789206028,-0.148831769824,-0.148366943002,-0.0404181182384,-0.0455231145024,-0.0493749901652,-0.0533061288297,0.0605523847044,0.0534898564219,0.0501610562205,0.0416571460664,-0.203232124448,-0.107874214649,-0.0124793732539,0.0825306773186,-0.205240100622,-0.107553206384,-0.0105216279626,0.0868545919657,-0.205048128963,-0.106576874852,-0.0089085297659,0.0900193676353,-0.200891435146,-0.104797624052,-0.00855498854071,0.0867857187986,0.748000085354,0.750430047512,0.75096231699,0.736684381962,0.745512068272,0.744233489037,0.733638167381,0.738530516624,0.744982600212,0.741513967514,0.732144117355,0.731000006199,0.748000025749,0.746402680874,0.74181842804,0.729000031948
1624449281253860801,4154,1624449281253599882,camera_rgb_optical_frame,4,-0.250274300575,-0.246075198054,-0.240880951285,-0.223171919584,-0.146547317505,-0.143869414926,-0.139499381185,-0.131153181195,-0.0426422432065,-0.0433557778597,-0.0420939549804,-0.0389865078032,0.0610547661781,0.0551824979484,0.0534658394754,0.0527266710997,-0.171497166157,-0.0747077018023,0.022025519982,0.11083547771,-0.174971550703,-0.0773562118411,0.0187225453556,0.113497614861,-0.174722671509,-0.0784681290388,0.0167232546955,0.112155601382,-0.171370953321,-0.0785168856382,0.0144829973578,0.107507623732,0.732000052929,0.732066273689,0.722890019417,0.70425003767,0.726164519787,0.727731466293,0.720793902874,0.723988115788,0.725130081177,0.717034876347,0.713820457458,0.718379318714,0.728500008583,0.725985109806,0.719618618488,0.719000041485
1624449281354594205,4155,1624449281354377985,camera_rgb_optical_frame,4,-0.241798907518,-0.23930054903,-0.235647171736,-0.2238753438,-0.138553902507,-0.138403788209,-0.135774314404,-0.129640266299,-0.0375382974744,-0.0399863608181,-0.0394060611725,-0.0351217612624,0.0571200028062,0.055402699858,0.0532581992447,0.0527781844139,-0.164416924119,-0.0711783096194,0.0220644231886,0.11393263191,-0.215558245778,-0.0928303822875,0.014460275881,0.11615934968,-0.236366942525,-0.0990452766418,0.0124477194622,0.120998047292,-0.170680016279,-0.0794314965606,0.0133778322488,0.106108061969,0.71494114399,0.711895823479,0.705402970314,0.693440079689,0.698640167713,0.707153141499,0.70051831007,0.70980399847,0.692225039005,0.708545088768,0.700364589691,0.711313784122,0.714000046253,0.711227476597,0.708000004292,0.708000123501
1624449281471415147,4156,1624449281471152067,camera_rgb_optical_frame,4,-0.241942867637,-0.240815877914,-0.240374207497,-0.24216260016,-0.140565276146,-0.141178831458,-0.142316475511,-0.144090875983,-0.0391814000905,-0.0410177111626,-0.0436219908297,-0.0459593608975,0.0620813369751,0.059911377728,0.0548055917025,0.052186857909,-0.152538359165,-0.0574983879924,0.0375954248011,0.132664635777,-0.154091089964,-0.057486448437,0.0391396582127,0.137267410755,-0.154875949025,-0.0574959889054,0.0391822569072,0.137022420764,-0.151769354939,-0.0568038113415,0.0380629338324,0.132953464985,0.707272708416,0.707942903042,0.705889701843,0.695000112057,0.704716384411,0.694731771946,0.692349493504,0.702804088593,0.703984618187,0.69935965538,0.692059874535,0.703009903431,0.707000017166,0.708000004292,0.708000123501,0.706733286381
1624449281591255255,4157,1624449281590439081,camera_rgb_optical_frame,4,-0.236322879791,-0.230670943856,-0.226649880409,-0.221419066191,-0.136917442083,-0.135736450553,-0.135396406054,-0.136160880327,-0.0374998003244,-0.0399610213935,-0.0430383831263,-0.0506233684719,0.061975877732,0.0564305484295,0.0538272634149,0.0347200892866,-0.15100286901,-0.0571016073227,0.0369078181684,0.130868583918,-0.146465152502,-0.0547426305711,0.0393247939646,0.135051712394,-0.148693367839,-0.0547285526991,0.0400822684169,0.135158628225,-0.151572093368,-0.0555604808033,0.0405741930008,0.134013578296,0.711000025272,0.707922518253,0.705625832081,0.694000005722,0.703412592411,0.700179815292,0.691861927509,0.699927806854,0.703956723213,0.695539295673,0.689178586006,0.700340151787,0.70733332634,0.706477820873,0.709662556648,0.710930466652
1624449281731743080,4158,1624449281731528997,camera_rgb_optical_frame,4,-0.213536262512,-0.208175987005,-0.201850041747,-0.188371434808,-0.110745728016,-0.107348263264,-0.101812727749,-0.0940586999059,-0.0107842553407,-0.00865861773491,-0.00399389723316,0.000425608537626,0.0832957029343,0.0874919444323,0.0940701439977,0.0944699347019,-0.151871189475,-0.0572699941695,0.0374312847853,0.130207628012,-0.209669753909,-0.0822680741549,0.0253330972046,0.124578543007,-0.225603282452,-0.0874656587839,0.0215906370431,0.121294386685,-0.15450103581,-0.0635819062591,0.0272007212043,0.11260753125,0.706849873066,0.708000004292,0.706240296364,0.694000005722,0.696194589138,0.703949272633,0.693838000298,0.703474998474,0.694483876228,0.705908715725,0.697398543358,0.701449751854,0.711368501186,0.712349951267,0.71308618784,0.71256673336
1624449281870977542,4159,1624449281870690107,camera_rgb_optical_frame,4,-0.204238563776,-0.201098427176,-0.191458448768,-0.181850492954,-0.10923589766,-0.10299821943,-0.0954999923706,-0.0872135013342,-0.0111729316413,-0.00615856284276,-0.000329785427311,0.0072880894877,0.086964763701,0.0898666828871,0.0930513218045,0.100694619119,-0.152023538947,-0.0575947761536,0.0363835729659,0.130371436477,-0.169539093971,-0.0674221739173,0.0304885897785,0.128699794412,-0.172129109502,-0.0730434209108,0.0242931675166,0.122155249119,-0.171418741345,-0.0769155621529,0.0175722502172,0.111605085433,0.716941177845,nan,0.717813193798,0.702000021935,0.712775409222,0.716885209084,0.71076798439,0.718831896782,0.713420927525,0.71322530508,0.706806719303,0.715917527676,0.719000041485,0.719931900501,0.719404935837,0.716000020504
1624449281983741344,4160,1624449281983335018,camera_rgb_optical_frame,4,-0.152611494064,-0.139966264367,-0.131002753973,-0.12198381871,-0.0520377196372,-0.0460154823959,-0.0401628166437,-0.0342325642705,0.0467190295458,0.0481048822403,0.0505995377898,0.0536254309118,0.141939371824,0.141116455197,0.140830650926,0.140231117606,-0.123562730849,-0.03249046579,0.0590938255191,0.150644779205,-0.189964473248,-0.0609580986202,0.0470917373896,0.148423731327,-0.208754807711,-0.068469196558,0.0418074838817,0.145617067814,-0.13488085568,-0.0459713563323,0.0429903268814,0.131941601634,0.745307683945,0.742228925228,0.746030092239,0.73400002718,0.730067491531,0.730265140533,0.73403185606,0.739375710487,0.725442171097,0.732003450394,0.726969182491,0.74923825264,0.74147605896,0.73352855444,0.728434383869,0.72533339262
1624449282115674074,4161,1624449282115165948,camera_rgb_optical_frame,4,-0.11085858196,-0.107352435589,-0.10101865977,-0.0930460840464,-0.0134091470391,-0.00911504868418,-0.00384400575422,0.00210513197817,0.0843160152435,0.0881453976035,0.0926525518298,0.0973200127482,0.181902870536,0.184728071094,0.188988804817,0.182533338666,-0.110859535635,-0.0194156449288,0.0722009465098,0.162294596434,-0.11535641551,-0.0241523813456,0.067582808435,0.161499530077,-0.115777075291,-0.0294202696532,0.0607831403613,0.160840600729,-0.121268585324,-0.0385347679257,0.0441294237971,0.121923826635,0.786500036716,0.781642615795,0.774230539799,0.753769338131,0.782749772072,0.768972456455,0.751689791679,0.75006967783,0.783724606037,0.768115878105,0.756964504719,nan,0.786000013351,0.765887260437,0.754390060902,0.740000009537
1624449282231334353,4162,1624449282231026887,camera_rgb_optical_frame,4,-0.0825005024672,-0.0783671960235,-0.0734944045544,-0.0712228566408,0.0146195730194,0.0151248117909,0.0119241084903,-0.000548740848899,0.112901374698,0.112322762609,0.106614768505,0.0824146196246,0.210853651166,0.21465010941,0.219797566533,0.161014303565,-0.103321366012,-0.0194551423192,0.0644046440721,0.148380964994,-0.108640223742,-0.0190586540848,0.0703374147415,0.163742631674,-0.108438067138,-0.01847666502,0.0722610354424,0.163297250867,-0.111291117966,-0.018670970574,0.0738861337304,0.140614300966,0.817631781101,0.812034726143,0.800429046154,0.779000043869,0.820663571358,0.810348629951,0.795033216476,0.778223574162,0.819136440754,0.80506914854,0.78700274229,0.766743779182,0.821000039577,0.795907497406,0.77001273632,0.7650000453
1624449282476112030,4163,1624449282475600957,camera_rgb_optical_frame,4,-0.0636818185449,-0.0609816499054,-0.0566347129643,-0.0515545830131,0.0349337607622,0.035353064537,0.0348556600511,0.0321368575096,0.133581459522,0.132604494691,0.128567427397,0.117942929268,0.232230380177,0.232915997505,0.228866651654,0.201993897557,-0.0931662023067,-0.00422543287277,0.0846979022026,0.173577442765,-0.0950033292174,-0.0041208746843,0.0869509503245,0.18081343174,-0.0945830345154,-0.00420568324625,0.0864133238792,0.177824467421,-0.0942377969623,-0.0045321485959,0.085083566606,0.161069259048,0.855099976063,0.846833407879,0.830769121647,0.811692357063,0.852023124695,0.846562206745,0.826252579689,0.819894313812,0.856136262417,0.845566272736,0.824836611748,0.804852128029,0.854947328568,0.829745352268,0.798169851303,0.775285720825
1624449282606496490,4164,1624449282606040954,camera_rgb_optical_frame,4,-0.0112666673958,-0.00623529171571,-0.00128237786703,0.00910988170654,0.0872703641653,0.0901817455888,0.0920317098498,0.0935605987906,0.189721286297,0.187660202384,0.185666874051,0.182124510407,0.290333360434,0.285070896149,0.280851095915,0.26051145792,-0.0615333355963,0.0269700214267,0.115486636758,0.203507989645,-0.0806000083685,0.0190311502665,0.114360228181,0.212577462196,-0.0819931998849,0.015394359827,0.11034565419,0.212170943618,-0.0710666701198,0.0141938421875,0.099457077682,0.182442858815,0.910000026226,0.92035061121,0.930101692677,0.933125078678,0.910000026226,0.924368917942,0.935230731964,0.941998004913,0.909125864506,0.924399316311,0.933380842209,0.933523654938,0.910000026226,0.896077752113,0.891000032425,0.891000032425
1624449282729814512,4165,1624449282728894948,camera_rgb_optical_frame,4,0.0138956476003,0.0155287170783,0.0254425629973,0.0355086624622,0.111048407853,0.113989986479,0.117905788124,0.120772346854,0.209856882691,0.211477041245,0.211418256164,0.211450383067,0.303855717182,0.310643017292,0.304839789867,0.302028626204,-0.051630616188,0.0363605134189,0.125742867589,0.215049102902,-0.063067227602,0.0339141450822,0.128614082932,0.225135043263,-0.0669684037566,0.0337492190301,0.129664257169,0.225998416543,-0.0528735741973,0.0383868739009,0.130295336246,0.222314298153,0.937000155449,0.951601326466,0.965602755547,0.972583472729,0.934216856956,0.945766687393,0.970035672188,0.975470304489,0.936386704445,0.95004761219,0.972638785839,0.968705892563,0.937000215054,0.930063605309,0.931582272053,0.930000185966
1624449282806862678,4166,1624449282806413888,camera_rgb_optical_frame,4,-0.000930476235226,-0.00381665932946,-0.00261173676699,-0.000974285765551,0.0962120890617,0.094686165452,0.0926034376025,0.0888771787286,0.195143505931,0.193745791912,0.189462155104,0.182241037488,0.291898131371,0.295691311359,0.28925833106,0.274724453688,-0.0102352388203,0.0806888416409,0.171858742833,0.263057172298,-0.0217835288495,0.0779752582312,0.174794986844,0.273384898901,-0.0212962273508,0.0782007500529,0.17596103251,0.275889664888,-0.0101933339611,0.0801629349589,0.174958735704,0.263557225466,0.977000057697,1.00093758106,1.01417315006,1.02300000191,0.971244156361,0.994942486286,1.01490581036,1.03167331219,0.972219109535,0.988130390644,1.00283062458,nan,0.973000049591,0.997293889523,1.02785289288,1.0464001894
1624449282881641374,4167,1624449282881278991,camera_rgb_optical_frame,4,-0.00187333347276,-0.000954383460339,0.000501371978316,0.00781714357436,0.0868213325739,0.0933826491237,0.0968777239323,0.100755728781,0.17677013576,0.19078591466,0.192871153355,0.193692773581,0.266000032425,0.30011972785,0.290128171444,0.283140957355,0.00655619055033,0.0980740562081,0.189582705498,0.280440032482,-0.0041574141942,0.0907359793782,0.185686677694,0.282169789076,-0.00689284782857,0.0833405852318,0.180258244276,0.284045189619,-0.00475555565208,0.0692609772086,0.167960524559,0.267019063234,0.983333408833,1.00210261345,1.01372599602,1.02600002289,0.976131737232,1.00044000149,1.0195145607,1.02978301048,0.976927220821,0.996917843819,1.00611722469,1.03040707111,0.97999972105,0.998997926712,1.02915859222,1.05800008774
1624449283046747136,4168,1624449283046519041,camera_rgb_optical_frame,4,-0.00282285735011,0.00102406321093,0.00292268116027,0.00214800005779,0.0988145247102,0.0966519415379,0.0906499177217,0.0773497894406,0.201908946037,0.196119248867,0.185675263405,0.173643708229,0.302237540483,0.300240844488,0.2822881639,0.251264959574,0.0075276196003,0.0907180532813,0.173944249749,0.25723028183,-0.00414146995172,0.0910202637315,0.186829015613,0.294558733702,-0.00829941406846,0.0906754434109,0.18779283762,0.298488914967,0.00771181005985,0.0921880826354,0.175177961588,0.253232568502,0.988000035286,0.999651730061,1.01300311089,1.02539992332,0.984174907207,1.00533676147,1.01959943771,1.02487194538,0.986912846565,1.00323843956,1.01976966858,1.02829253674,0.987400054932,1.01409173012,1.03118824959,1.03299999237
1624449283127946853,4169,1624449283127676963,camera_rgb_optical_frame,4,0.007471667137,0.00758762378246,0.0142502868548,0.0257518813014,0.108822956681,0.111166872084,0.113875851035,0.115887492895,0.211507722735,0.214381068945,0.214198738337,0.210037529469,0.312640011311,0.320650905371,0.318500518799,0.304191678762,0.0280221439898,0.120482593775,0.212786957622,0.304368436337,0.0187412817031,0.11829842627,0.21455770731,0.310932666063,0.0195183940232,0.119412146509,0.216212764382,0.311498731375,0.0288447644562,0.123618982732,0.219382494688,0.311225026846,0.980750024319,0.995800614357,1.00437510014,1.00515806675,0.975669085979,1.00783872604,1.02269005775,1.02709031105,0.978124201298,1.01164329052,1.02250027657,1.04118955135,0.977000057697,1.00710475445,1.03565871716,1.05500018597
1624449283231302130,4170,1624449283230786085,camera_rgb_optical_frame,4,0.0757936537266,0.00841602683067,0.0122863613069,0.0199400018901,0.152035400271,0.120662510395,0.106741353869,0.0933472961187,0.228740751743,0.21545727551,0.200669243932,0.16782271862,0.303099989891,0.311756551266,0.31265565753,0.242295250297,0.0773515924811,0.124466612935,0.212886124849,0.300999075174,0.0679755806923,0.143772408366,0.22636449337,0.310003757477,0.0694914907217,0.156282946467,0.238795667887,0.309860080481,0.0870333462954,0.173072203994,0.262675195932,0.307038128376,0.980499923229,0.981869757175,0.992359876633,0.997000038624,0.980000019073,1.00442361832,1.02405583858,1.02546191216,0.97999984026,1.01007711887,1.024345994,1.0300000906,0.980000019073,1.00359833241,1.02818369865,1.0300000906
1624449283279222200,4171,1624449283279006004,camera_rgb_optical_frame,4,0.0380495265126,0.00620712805539,0.0121943401173,0.023870319128,0.12994350493,0.115986540914,0.113083615899,0.113609813154,0.221947059035,0.214711919427,0.210543781519,0.207999676466,0.313043832779,0.31037029624,0.306379914284,0.302389532328,-0.000864761939738,0.0753673613071,0.175323829055,0.274348109961,-0.000869306328241,0.0880872905254,0.183897718787,0.283363252878,-0.00148065225221,0.0939533784986,0.18881650269,0.284450680017,0.0077828578651,0.100390382111,0.192964240909,0.285538107157,0.908000051975,0.931259870529,0.956879973412,0.976500034332,0.912771761417,0.930878400803,0.974920034409,0.983000040054,0.90893393755,0.935407102108,0.969871461391,0.983000040054,0.908000051975,0.929092884064,0.956046462059,0.983000040054
1624449283349949476,4172,1624449283349567890,camera_rgb_optical_frame,4,0.00678585097194,0.00666993297637,0.0114474901929,0.0270845256746,0.108539313078,0.110485732555,0.114929765463,0.123532094061,0.211719468236,0.211803913116,0.214253738523,0.219916522503,0.314405977726,0.310756713152,0.310364723206,0.308384776115,-0.00407183682546,0.0896764993668,0.183951929212,0.273850739002,-0.0102022551,0.0878356769681,0.183358341455,0.276738971472,-0.00950704887509,0.0885101109743,0.18490678072,0.282203495502,-0.00377505668439,0.0908050462604,0.185555145144,0.28010097146,0.907142996788,0.932453036308,0.952416479588,0.972250044346,0.895938456059,0.920319676399,0.967755019665,1.00397121906,0.899418950081,0.92549687624,0.963606894016,1.01076543331,0.895809531212,0.918664455414,0.944554388523,0.958000063896
1624449283398013038,4173,1624449283397701025,camera_rgb_optical_frame,4,0.045031838119,0.0054070581682,0.0069417282939,0.00965904816985,0.134832277894,0.111069329083,0.0967575758696,0.081212669611,0.224466696382,0.207280427217,0.187806561589,0.152766302228,0.31212002039,0.305779099464,0.294421941042,0.224499702454,-0.014011701569,0.0254420060664,0.102744743228,0.180009528995,-0.0135312974453,0.0471345372498,0.116821333766,0.185182079673,-0.019538583234,0.0598061010242,0.132223978639,0.190354630351,-0.00396000035107,0.0794044733047,0.161913841963,0.190546676517,0.880285441875,0.898459732533,0.91341573,0.922000050545,0.881372988224,0.888977766037,0.905037343502,0.922000050545,0.880261600018,0.89470410347,0.9075127244,0.922000050545,0.882000029087,0.894426941872,0.914738297462,0.922000110149
1624449283520738327,4174,1624449283520427942,camera_rgb_optical_frame,4,0.00682222284377,0.00702753197402,0.00864087324589,0.0133173335344,0.108107529581,0.108638912439,0.109200157225,0.109785363078,0.210705652833,0.210220426321,0.209735482931,0.207400426269,0.311492085457,0.311801642179,0.312120884657,0.304651647806,-0.0120577774942,0.0849092081189,0.181947141886,0.275513142347,-0.0209114514291,0.0839544981718,0.185837849975,0.289024651051,-0.0209546368569,0.0859823897481,0.188425093889,0.29150775075,-0.00530793704093,0.0925045907497,0.190372407436,0.283457875252,0.883333325386,0.902563154697,0.913218975067,0.90800011158,0.878280997276,0.878681659698,0.894599616528,0.916600525379,0.880094707012,0.884909331799,0.895791471004,0.906664431095,0.880000054836,0.881665289402,0.893722593784,0.893793463707
1624449283614499455,4175,1624449283614304065,camera_rgb_optical_frame,4,0.00658392254263,0.00658883526921,0.00756517006084,0.00663619115949,0.108318775892,0.108443133533,0.108772024512,0.108790636063,0.210034742951,0.210092887282,0.210289150476,0.210966870189,0.311640024185,0.311604529619,0.311324834824,0.310290813446,-0.00523001886904,0.0879922360182,0.182978451252,0.277890503407,-0.00504185631871,0.088631182909,0.184217765927,0.28214019537,-0.00583699019626,0.0873565599322,0.183121263981,0.282854378223,-0.0109200002626,0.0835107937455,0.178056359291,0.272481292486,0.88639998436,0.889986395836,0.876900911331,0.871000051498,0.882334768772,0.866302609444,0.853802442551,0.855849444866,0.885666310787,0.868542134762,0.854979395866,0.85255163908,0.882000029087,0.873067200184,0.864369750023,0.850666701794
1624449283711375316,4176,1624449283711170911,camera_rgb_optical_frame,4,0.00588888861239,0.00656389305368,0.00701773678884,0.0371076203883,0.107767470181,0.10965193063,0.113805010915,0.126432225108,0.209696978331,0.210471346974,0.212118163705,0.215896785259,0.311770498753,0.310418337584,0.308299481869,0.303910285234,0.00504533341154,0.101301811635,0.197559207678,0.270806670189,-0.000662078266032,0.09378272295,0.186117351055,0.272862970829,-0.00504564819857,0.0883737877011,0.180264517665,0.272349238396,-0.00521847698838,0.0844935625792,0.174217715859,0.263848215342,0.883066892624,0.870292067528,0.848421692848,0.82900005579,0.882975161076,0.865252196789,0.832075297832,0.818693339825,0.883214175701,0.866712868214,0.833152890205,0.82072943449,0.883799910545,0.871449887753,0.853152215481,0.825171530247
1624449283826398021,4177,1624449283826134920,camera_rgb_optical_frame,4,0.00582787254825,0.0056454190053,0.00611432129517,0.0160853341222,0.107875712216,0.10764990747,0.108014717698,0.110693886876,0.209842294455,0.209063783288,0.20760075748,0.207121804357,0.311920017004,0.31116220355,0.306202709675,0.301445752382,0.00515358662233,0.0913641527295,0.177661910653,0.261108577251,0.00249415449798,0.0902091041207,0.17957533896,0.272148102522,-0.00309997959994,0.0874027684331,0.178282245994,0.271699875593,-0.00616000033915,0.0842197164893,0.174450978637,0.264402866364,0.882600069046,0.861514806747,0.83700889349,0.804000020027,0.882119655609,0.869189620018,0.842287421227,0.82021188736,0.882158100605,0.868075311184,0.836836099625,0.817964732647,0.882000029087,0.872755527496,0.85102647543,0.8275000453
1624449283936639107,4178,1624449283936088085,camera_rgb_optical_frame,4,0.00641142809764,0.00583389261737,0.00729577429593,0.0382721945643,0.108201213181,0.108945988119,0.113355889916,0.126920044422,0.20997337997,0.208392947912,0.210261762142,0.21688491106,0.311640024185,0.304390668869,0.302413314581,0.301592737436,-0.00479098921642,0.0873228311539,0.179483920336,0.263916552067,-0.00504228658974,0.086817510426,0.17993953824,0.275033950806,-0.00592135312036,0.0850499793887,0.178422763944,0.275727272034,-0.0109200002626,0.0808809921145,0.17297424376,0.265098750591,0.883846282959,0.875083804131,0.851373076439,0.837199985981,0.882434904575,0.877065122128,0.861414790154,0.841000020504,0.885771512985,0.877140820026,0.854214429855,0.840512752533,0.882000029087,0.874955356121,0.859584987164,0.846071600914
1624449284044103023,4179,1624449284043746948,camera_rgb_optical_frame,4,0.00588926905766,0.00228933640756,0.00490550044924,0.0236907955259,0.097758308053,0.102250494063,0.107184797525,0.11618860811,0.189590081573,0.201769545674,0.205394595861,0.209213018417,0.281320661306,0.30984300375,0.303410977125,0.300977170467,-0.00504558719695,0.0877530872822,0.18084000051,0.270491451025,-0.00514694396406,0.0862492769957,0.181460499763,0.281157463789,-0.00640490138903,0.0809304639697,0.177595242858,0.279801785946,-0.0114539684728,0.0662822276354,0.168188214302,0.270214289427,0.88293337822,0.887208580971,0.880323946476,0.867666721344,0.882113158703,0.884408593178,0.87678527832,0.868724524975,0.882802426815,0.887332439423,0.874501287937,0.870375871658,0.880000054836,0.88680267334,0.879927873611,0.873000025749
1624449284152715416,4180,1624449284152343988,camera_rgb_optical_frame,4,0.00576754659414,0.00494405021891,0.00759980501607,0.00902514345944,0.10678485781,0.105689711869,0.104298315942,0.101168125868,0.208897933364,0.206731617451,0.202735632658,0.195280879736,0.309960007668,0.309603184462,0.304631739855,0.288307130337,-0.0125111360103,0.0794257372618,0.171420797706,0.263432025909,-0.0210003983229,0.0782483816147,0.175831094384,0.277028739452,-0.0214026402682,0.0787370726466,0.176626473665,0.2781509161,-0.0109200002626,0.0814760997891,0.173786774278,0.262450009584,0.88484609127,0.896438539028,0.89791727066,0.894000053406,0.882016718388,0.891081571579,0.894714474678,0.901472806931,0.881977617741,0.892056524754,0.894264280796,0.902392208576,0.882000029087,0.8954667449,0.901000022888,0.905000030994
1624449284226490125,4181,1624449284226078987,camera_rgb_optical_frame,4,0.00254571437836,0.00518228160217,0.00613333377987,0.00876190606505,0.0846544653177,0.0978154614568,0.104428254068,0.108751423657,0.172949269414,0.196996852756,0.205012798309,0.209306105971,0.261240005493,0.312209874392,0.309319972992,0.303928613663,-0.00509142875671,0.0839222893119,0.172971621156,0.261980980635,-0.020997043699,0.0745937153697,0.171674698591,0.27801194787,-0.0210882332176,0.0637749359012,0.161121487617,0.271240741014,-0.0210000015795,0.0404727682471,0.137795597315,0.235038116574,0.891000032425,0.903234243393,0.920000016689,0.920000016689,0.881875813007,0.895518481731,0.906113088131,0.925000071526,0.885705769062,0.895837306976,0.902879297733,0.924961268902,0.882000029087,0.893816769123,0.907884538174,0.925000071526
1624449284288089525,4182,1624449284287596940,camera_rgb_optical_frame,4,0.0057804393582,0.0050725066103,0.00653651403263,0.00794571451843,0.0906335934997,0.0995148420334,0.104323163629,0.106712415814,0.176530182362,0.198030099273,0.2045288831,0.206136077642,0.262080013752,0.311546474695,0.309626162052,0.305340975523,-0.0125416116789,0.0787279754877,0.170461505651,0.262208580971,-0.0216157697141,0.0702928677201,0.162685766816,0.255999177694,-0.0215086229146,0.0613734982908,0.153989523649,0.250240087509,-0.0210000015795,0.0427202321589,0.141658723354,0.240544781089,0.887000024319,0.905677080154,0.926620364189,0.927000045776,0.881015181541,0.895723164082,0.910624444485,0.930630326271,0.883136153221,0.895338118076,0.907936811447,0.93097871542,0.882000029087,0.8942450881,0.910391509533,0.932000041008
1624449284351276768,4183,1624449284350981950,camera_rgb_optical_frame,4,0.00451555615291,0.00610963767394,0.00755957560614,0.0204152390361,0.0728810876608,0.0947291776538,0.105337299407,0.114754460752,0.167483136058,0.194588690996,0.204305976629,0.209196299314,0.262080013752,0.311836481094,0.30810162425,0.303892314434,0.0138288913295,0.101838625968,0.189881488681,0.271611452103,-0.0210525300354,0.0790891498327,0.17170676589,0.260726124048,-0.0210545547307,0.0638637319207,0.157130271196,0.250916719437,-0.0210000015795,0.0402900539339,0.142033904791,0.243772342801,0.888999998569,0.910259723663,0.92320984602,0.932000041008,0.882231771946,0.894899666309,0.913738846779,0.932000041008,0.884291291237,0.895746350288,0.912000238895,0.931798994541,0.882000029087,0.892261266708,0.909858226776,0.931100070477
1624449284446908242,4184,1624449284446609973,camera_rgb_optical_frame,4,0.00254571437836,0.00260396371596,0.00584534741938,0.0157200004905,0.104427263141,0.105440497398,0.107167214155,0.110694557428,0.207842350006,0.207563534379,0.206688448787,0.206104204059,0.310662865639,0.310282856226,0.305918812752,0.301054298878,-0.0118800010532,0.0833234935999,0.178432822227,0.272916674614,-0.0210000015795,0.0809293016791,0.179471462965,0.27722170949,-0.0212495606393,0.0819222480059,0.181302025914,0.279477566481,-0.0109447622672,0.0867072343826,0.184336826205,0.281631439924,0.891000032425,0.911387264729,0.917688190937,0.916999936104,0.882000029087,0.89160579443,0.911463916302,0.921577453613,0.883479118347,0.896951436996,0.911223173141,0.926444351673,0.884000062943,0.89568310976,0.910716235638,0.927000045776
1624449284549346649,4185,1624449284549160003,camera_rgb_optical_frame,4,0.00576842529699,0.0068472949788,0.00750273047015,0.0168258938938,0.107195012271,0.108155019581,0.109035678208,0.11151958257,0.209916457534,0.209542095661,0.208965376019,0.206882491708,0.311640024185,0.311131536961,0.31040123105,0.302173346281,-0.0125150913373,0.082273453474,0.177650809288,0.272281169891,-0.0210175514221,0.0812375098467,0.18108035624,0.282540589571,-0.0210167299956,0.082613773644,0.182892531157,0.282262444496,-0.0109200002626,0.0873417928815,0.185613557696,0.280340015888,0.885153830051,0.901000022888,0.912252366543,0.905812501907,0.882737159729,0.890149116516,0.905551552773,0.929759979248,0.88270264864,0.895772635937,0.905946135521,0.931247234344,0.882000029087,0.892348945141,0.907766461372,0.917000055313
1624449284702151158,4186,1624449284701770067,camera_rgb_optical_frame,4,0.00576263759285,0.00687894737348,0.00723357917741,0.0180624518543,0.106766499579,0.108457155526,0.11031229049,0.114825375378,0.20887902379,0.209870874882,0.21073307097,0.211923271418,0.309960007668,0.311414241791,0.310825824738,0.303090631962,-0.0124952392653,0.0845618844032,0.181670561433,0.273361265659,-0.0210094116628,0.081809706986,0.181883454323,0.282083243132,-0.0210476201028,0.0818029120564,0.18197029829,0.284266710281,-0.0109200002626,0.0844792500138,0.179928123951,0.274780541658,0.883692204952,0.902861893177,0.895139873028,0.890999913216,0.882395327091,0.885075569153,0.89472001791,0.910000026226,0.884000003338,0.89100009203,0.895812571049,0.909999966621,0.882000029087,nan,0.898454546928,0.905926167965
1624449284759384352,4187,1624449284758785963,camera_rgb_optical_frame,4,0.0057638832368,0.00491995736957,0.00774594256654,0.0158671177924,0.106273241341,0.107051640749,0.108435064554,0.110555320978,0.2080809623,0.208578303456,0.208387359977,0.205951914191,0.309119999409,0.310793250799,0.310584157705,0.301347345114,-0.012501757592,0.0839367583394,0.180795103312,0.272740423679,-0.0210009012371,0.0822381228209,0.182726502419,0.283283025026,-0.0210424698889,0.0832901299,0.184589758515,0.286159753799,-0.0109200002626,0.0873750969768,0.186182647943,0.280896544456,0.884230673313,0.89902818203,0.897752165794,0.882117688656,0.882037818432,0.882108211517,0.884540081024,0.901864230633,0.883783698082,0.88672721386,0.884590446949,0.899973630905,0.882000029087,0.889000058174,0.893660604954,0.894666671753
1624449284901886278,4188,1624449284901667118,camera_rgb_optical_frame,4,0.00635134289041,0.00479695433751,0.00701999897137,0.0165051445365,0.109062217176,0.108152329922,0.108878150582,0.111340634525,0.211712703109,0.209871992469,0.208999618888,0.206787616014,0.31154987216,0.310623317957,0.310460746288,0.302091449499,-0.0126252826303,0.0845436528325,0.181731268764,0.273829638958,-0.0155071113259,0.0843132659793,0.183499991894,0.2833340168,-0.0212275478989,0.0847165286541,0.184621393681,0.283737570047,-0.00420507974923,0.0911589935422,0.186531484127,0.280877172947,0.883818089962,0.889676272869,0.884642720222,0.881066679955,0.882017731667,0.880169332027,0.877997219563,0.891463637352,0.879993677139,0.88468593359,0.878000199795,0.890360534191,0.883333384991,0.887152016163,0.891076087952,0.891000032425
1624449284968348125,4189,1624449284967483043,camera_rgb_optical_frame,4,0.00634961109608,0.00570149533451,0.00763860298321,0.00914571527392,0.108086414635,0.106940612197,0.105809636414,0.103521153331,0.209918022156,0.208164915442,0.205138161778,0.198930665851,0.311143934727,0.310662865639,0.307647436857,0.294333338737,-0.012620087713,0.0811575129628,0.17575442791,0.270214289427,-0.00610988587141,0.0865898355842,0.182513579726,0.282332867384,-0.0080091515556,0.0887981206179,0.185377210379,0.282121270895,-0.00565278949216,0.0912346020341,0.188075855374,0.280877143145,0.883454501629,0.888809978962,0.890701055527,0.873000025749,0.884067356586,0.880309224129,0.876355707645,0.88757699728,0.883024156094,0.884072124958,0.87651181221,0.88475060463,0.883999943733,0.884000062943,0.887282788754,0.883000016212
1624449285119319831,4190,1624449285118808031,camera_rgb_optical_frame,4,0.00542406970635,0.00357875018381,0.00626995787024,0.0176000017673,0.10743778199,0.107257068157,0.10898911953,0.113450028002,0.209560871124,0.209022641182,0.208979412913,0.209876418114,0.311504781246,0.31029316783,0.30802950263,0.303492516279,-0.012149611488,0.0847462564707,0.182148516178,0.272939682007,-0.0151213519275,0.0839806571603,0.182635709643,0.28253903985,-0.0151287345216,0.0836620107293,0.181874632835,0.282387435436,-0.0109447622672,0.0839214995503,0.178813353181,0.273571819067,0.882545471191,0.891000032425,0.885277152061,0.880000054836,0.882114291191,0.882543444633,0.87872004509,0.891141831875,0.88250631094,0.88640421629,0.878867030144,0.890259325504,0.884000062943,0.887420773506,0.888079166412,0.887845993042
1624449285216516392,4191,1624449285216125965,camera_rgb_optical_frame,4,0.00617730198428,0.00441774679348,0.00756000494584,0.0172895267606,0.107087388635,0.107261165977,0.108895897865,0.112847715616,0.209169596434,0.208643630147,0.207914695144,0.208752423525,0.310662865639,0.310229063034,0.305366814137,0.301970213652,-0.0129168257117,0.082385532558,0.178377181292,0.271745145321,-0.0210267771035,0.0805361717939,0.179887369275,0.280379921198,-0.0210476201028,0.080898553133,0.180256232619,0.281722635031,-0.0109447622672,0.0838494226336,0.178516343236,0.273118793964,0.884499967098,0.88989263773,0.889305949211,0.881200015545,0.883124649525,0.884476423264,0.883386194706,nan,0.884000062943,0.887531042099,0.883060216904,0.897166192532,0.884000062943,0.886849284172,0.888534665108,0.890999913216
1624449285322782581,4192,1624449285322319984,camera_rgb_optical_frame,4,0.00565598672256,0.00428907386959,0.00772702367976,0.0165754295886,0.106723345816,0.107196249068,0.108890630305,0.111764468253,0.208987474442,0.208881944418,0.208874776959,0.207364857197,0.310662865639,0.310469269753,0.310361713171,0.302907645702,-0.0127558512613,0.0831301659346,0.179529294372,0.272617727518,-0.0210240036249,0.0815145894885,0.181575015187,0.282637268305,-0.0210548844188,0.0823771730065,0.182618916035,0.28270688653,-0.0109447622672,0.0864300653338,0.183816611767,0.280597150326,0.884499967098,0.902955830097,0.901486039162,0.890999853611,0.883008182049,0.888627946377,0.892363786697,0.910000026226,0.884305179119,0.891627967358,0.89017277956,0.909628808498,0.884000062943,0.887686371803,0.894650518894,0.901000022888
1624449285405087824,4193,1624449285404881954,camera_rgb_optical_frame,4,0.00608740746975,0.00520236231387,0.00613878155127,0.018041273579,0.108018890023,0.108115673065,0.109253503382,0.113477990031,0.211128696799,0.209987923503,0.20928157866,0.208841919899,0.311715245247,0.311425745487,0.309042990208,0.302556812763,-0.0122734392062,0.0829731673002,0.178977802396,0.271458745003,-0.0210105609149,0.0801856964827,0.177294462919,0.271464824677,-0.0210419073701,0.0814857259393,0.178549513221,0.274109810591,-0.00484095327556,0.0882495939732,0.181308090687,0.273555070162,0.885333359241,0.899440705776,0.909469306469,0.902000129223,0.882443487644,0.888999998569,0.896902382374,0.910732388496,0.883760094643,0.893834531307,0.897354781628,0.913000047207,0.883999943733,0.891000032425,0.903043568134,0.910272657871
1624449285489408456,4194,1624449285488915920,camera_rgb_optical_frame,4,0.00543826865032,0.00404556607828,0.00700187915936,0.00912876240909,0.107340209186,0.105846747756,0.104371361434,0.101021908224,0.210823327303,0.207629844546,0.203614905477,0.196450203657,0.310662865639,0.31023439765,0.306008219719,0.291771441698,-0.0121849356219,0.0795287489891,0.171281546354,0.263047993183,-0.0210033524781,0.0796270146966,0.176264062524,0.272492915392,-0.0212578456849,0.0837185978889,0.181654751301,0.275290161371,-0.00168380967807,0.0948504805565,0.191346213222,0.281257152557,0.885090887547,0.896169483662,0.905321538448,0.90440005064,0.882140696049,0.888863861561,0.901414394379,0.919536292553,0.883492350578,0.894862115383,0.902147471905,0.920000016689,0.884000062943,0.895364463329,0.906101584435,0.920000016689
