0,-0.00252,0.54735,-0.04479,1.42524,-0.03874,0.89746,-0.00462,0.641514,0,0.15,0,1,0,0
0.1,0,0,0,0,0,0,0,0.641641,0,0.1498555,0,1,0,0
0.2,0,0,0,0,0,0,0,0.64173,0,0.149709,0,1,0,0
0.3,0,0,0,0,0,0,0,0.6417865,0,0.149597,0,1,0,0
0.4,0,0,0,0,0,0,0,0.6418025,-5.000000000005e-07,0.149453,0,1,0,0
0.5,0,0,0,0,0,0,0,0.64179,-1.000000000001e-06,0.149342,0,1,0,0
0.6,0,0,0,0,0,0,0,0.641782,-1.000000000001e-06,0.149271,0,1,0,0
0.7,0,0,0,0,0,0,0,0.6417535,-1.5000000000015e-06,0.14924,0,1,0,0
0.8,0,0,0,0,0,0,0,0.641725,-1.5000000000015e-06,0.1492475,0,1,0,0
0.9,0,0,0,0,0,0,0,0.641691,-3.000000000003e-06,0.1492995,0,1,0,0
1,0,0,0,0,0,0,0,0.641643,-4.000000000004e-06,0.1493555,0,1,0,0
1.1,0,0,0,0,0,0,0,0.641581,-4.99999999999112e-06,0.1494375,0,1,0,0
1.2,0,0,0,0,0,0,0,0.6415105,-5.49999999999162e-06,0.1495235,0,1,0,0
1.3,0,0,0,0,0,0,0,0.6414365,-6.49999999999262e-06,0.149626,0,1,0,0
1.4,0,0,0,0,0,0,0,0.641362,-6.49999999999262e-06,0.1497425,0,1,0,0
1.5,0,0,0,0,0,0,0,0.641294,-6.5000000000065e-06,0.1498645,0,1,0,0
1.6,0,0,0,0,0,0,0,0.641233,-5.99999999999212e-06,0.1499865,0,1,0,0
1.7,0,0,0,0,0,0,0,0.641184,-5.99999999999212e-06,0.1501005,0,1,0,0
1.8,0,0,0,0,0,0,0,0.6411475,-5.5000000000055e-06,0.150199,0,1,0,0
1.9,0,0,0,0,0,0,0,0.6411235,-5.49999999999162e-06,0.1502155,0,1,0,0
2,0,0,0,0,0,0,0,0.6411145,-5.5000000000055e-06,0.1502985,0,1,0,0
2.1,0,0,0,0,0,0,0,0.641119,-4.5000000000045e-06,0.1503815,0,1,0,0
2.2,0,0,0,0,0,0,0,0.6411385,-3.49999999998962e-06,0.150446,0,1,0,0
2.3,0,0,0,0,0,0,0,0.641171,-3.000000000003e-06,0.150486,0,1,0,0
2.4,0,0,0,0,0,0,0,0.6412155,-2.5000000000025e-06,0.150501,0,1,0,0
2.5,0,0,0,0,0,0,0,0.64127,-2.000000000002e-06,0.1504935,0,1,0,0
2.6,0,0,0,0,0,0,0,0.6413325,-1.5000000000015e-06,0.1504665,0,1,0,0
2.7,0,0,0,0,0,0,0,0.6414005,-1.000000000001e-06,0.150426,0,1,0,0
2.8,0,0,0,0,0,0,0,0.641472,-5.000000000005e-07,0.150376,0,1,0,0
2.9,0,0,0,0,0,0,0,0.6415455,-5.000000000005e-07,0.150321,0,1,0,0
3,0,0,0,0,0,0,0,0.64162,0,0.150266,0,1,0,0
3.1,0,0,0,0,0,0,0,0.641695,5.000000000005e-07,0.150215,0,1,0,0
3.2,0,0,0,0,0,0,0,0.64177,5.000000000005e-07,0.150173,0,1,0,0
3.3,0,0,0,0,0,0,0,0.6418435,1.000000000001e-06,0.150145,0,1,0,0
3.4,0,0,0,0,0,0,0,0.641911,1.000000000001e-06,0.150137,0,1,0,0
3.5,0,0,0,0,0,0,0,0.6419445,1.000000000001e-06,0.1501555,0,1,0,0
3.6,0,0,0,0,0,0,0,0.642009,1.5000000000015e-06,0.150205,0,1,0,0
3.7,0,0,0,0,0,0,0,0.642098,1.5000000000015e-06,0.150291,0,1,0,0
3.8,0,0,0,0,0,0,0,0.6421965,1.5000000000015e-06,0.1504135,0,1,0,0
3.9,0,0,0,0,0,0,0,0.642297,1.5000000000015e-06,0.1505725,0,1,0,0
4,0,0,0,0,0,0,0,0.6423965,1.5000000000015e-06,0.150763,0,1,0,0
4.1,0,0,0,0,0,0,0,0.642491,1.5000000000015e-06,0.1509795,0,1,0,0
4.2,0,0,0,0,0,0,0,0.642577,2.000000000002e-06,0.1512165,0,1,0,0
4.3,0,0,0,0,0,0,0,0.642654,2.000000000002e-06,0.151467,0,1,0,0
4.4,0,0,0,0,0,0,0,0.6427185,2.49999999998862e-06,0.1517275,0,1,0,0
4.5,0,0,0,0,0,0,0,0.64277,2.000000000002e-06,0.1519965,0,1,0,0
4.6,0,0,0,0,0,0,0,0.6428065,2.49999999998862e-06,0.1522715,0,1,0,0
4.7,0,0,0,0,0,0,0,0.642827,2.000000000002e-06,0.1525545,0,1,0,0
4.8,0,0,0,0,0,0,0,0.642831,2.000000000002e-06,0.1528455,0,1,0,0
4.9,0,0,0,0,0,0,0,0.642817,2.5000000000025e-06,0.153148,0,1,0,0
5,0,0,0,0,0,0,0,0.642785,2.5000000000025e-06,0.1534625,0,1,0,0
5.1,0,0,0,0,0,0,0,0.642736,3.000000000003e-06,0.1537905,0,1,0,0
5.2,0,0,0,0,0,0,0,0.642669,3.000000000003e-06,0.1541345,0,1,0,0
5.3,0,0,0,0,0,0,0,0.6425855,3.49999999998962e-06,0.1544945,0,1,0,0
5.4,0,0,0,0,0,0,0,0.642487,4.5000000000045e-06,0.1548715,0,1,0,0
5.5,0,0,0,0,0,0,0,0.6423735,3.99999999999012e-06,0.1552655,0,1,0,0
5.6,0,0,0,0,0,0,0,0.6422475,4.000000000004e-06,0.155677,0,1,0,0
5.7,0,0,0,0,0,0,0,0.642112,4.5000000000045e-06,0.1561045,0,1,0,0
5.8,0,0,0,0,0,0,0,0.6419685,4.99999999999112e-06,0.156547,0,1,0,0
5.9,0,0,0,0,0,0,0,0.641819,5.000000000005e-06,0.157003,0,1,0,0
6,0,0,0,0,0,0,0,0.6416665,5.000000000005e-06,0.1574715,0,1,0,0
6.1,0,0,0,0,0,0,0,0.641513,4.99999999999112e-06,0.1579505,0,1,0,0
6.2,0,0,0,0,0,0,0,0.6413585,5.000000000005e-06,0.158439,0,1,0,0
6.3,0,0,0,0,0,0,0,0.641204,5.000000000005e-06,0.158934,0,1,0,0
6.4,0,0,0,0,0,0,0,0.641049,5.49999999999162e-06,0.159435,0,1,0,0
6.5,0,0,0,0,0,0,0,0.6408925,5.000000000005e-06,0.15994,0,1,0,0
6.6,0,0,0,0,0,0,0,0.6407325,5.000000000005e-06,0.1604485,0,1,0,0
6.7,0,0,0,0,0,0,0,0.640568,4.49999999999062e-06,0.160959,0,1,0,0
6.8,0,0,0,0,0,0,0,0.6403965,4.5000000000045e-06,0.1614695,0,1,0,0
6.9,0,0,0,0,0,0,0,0.640217,4.000000000004e-06,0.16198,0,1,0,0
7,0,0,0,0,0,0,0,0.640027,3.49999999998962e-06,0.1624905,0,1,0,0
7.1,0,0,0,0,0,0,0,0.6398255,3.000000000003e-06,0.1629985,0,1,0,0
7.2,0,0,0,0,0,0,0,0.6396095,2.000000000002e-06,0.1635055,0,1,0,0
7.3,0,0,0,0,0,0,0,0.6393785,1.5000000000015e-06,0.1640105,0,1,0,0
7.4,0,0,0,0,0,0,0,0.63913,1.000000000001e-06,0.164512,0,1,0,0
7.5,0,0,0,0,0,0,0,0.6388635,0,0.165012,0,1,0,0
7.6,0,0,0,0,0,0,0,0.6385785,-5.000000000005e-07,0.1655095,0,1,0,0
7.7,0,0,0,0,0,0,0,0.6382735,-1.5000000000015e-06,0.166004,0,1,0,0
7.8,0,0,0,0,0,0,0,0.637949,-2.000000000002e-06,0.1664975,0,1,0,0
7.9,0,0,0,0,0,0,0,0.637605,-3.000000000003e-06,0.1669895,0,1,0,0
8,0,0,0,0,0,0,0,0.6372415,-3.000000000003e-06,0.16748,0,1,0,0
8.1,0,0,0,0,0,0,0,0.6368595,-3.5000000000035e-06,0.1679705,0,1,0,0
8.2,0,0,0,0,0,0,0,0.63646,-3.49999999998962e-06,0.168461,0,1,0,0
8.3,0,0,0,0,0,0,0,0.636044,-4.000000000004e-06,0.168952,0,1,0,0
8.4,0,0,0,0,0,0,0,0.6356125,-4.000000000004e-06,0.169444,0,1,0,0
8.5,0,0,0,0,0,0,0,0.6351665,-3.99999999999012e-06,0.1699365,0,1,0,0
8.6,0,0,0,0,0,0,0,0.6347075,-4.5000000000045e-06,0.1704305,0,1,0,0
8.7,0,0,0,0,0,0,0,0.634235,-4.5000000000045e-06,0.170926,0,1,0,0
8.8,0,0,0,0,0,0,0,0.633752,-4.49999999999062e-06,0.171422,0,1,0,0
8.9,0,0,0,0,0,0,0,0.6332575,-4.000000000004e-06,0.171919,0,1,0,0
9,0,0,0,0,0,0,0,0.6327535,-4.5000000000045e-06,0.172417,0,1,0,0
9.1,0,0,0,0,0,0,0,0.63224,-4.49999999999062e-06,0.1729155,0,1,0,0
9.2,0,0,0,0,0,0,0,0.6317185,-4.000000000004e-06,0.173415,0,1,0,0
9.3,0,0,0,0,0,0,0,0.631189,-4.5000000000045e-06,0.1739145,0,1,0,0
9.4,0,0,0,0,0,0,0,0.630653,-4.000000000004e-06,0.1744145,0,1,0,0
9.5,0,0,0,0,0,0,0,0.6301105,-4.000000000004e-06,0.1749135,0,1,0,0
9.6,0,0,0,0,0,0,0,0.6295625,-4.000000000004e-06,0.1754125,0,1,0,0
9.7,0,0,0,0,0,0,0,0.6290085,-4.000000000004e-06,0.175911,0,1,0,0
9.8,0,0,0,0,0,0,0,0.6284505,-3.49999999998962e-06,0.176409,0,1,0,0
9.9,0,0,0,0,0,0,0,0.627888,-4.000000000004e-06,0.1769065,0,1,0,0
10,0,0,0,0,0,0,0,0.6273225,-3.5000000000035e-06,0.1774035,0,1,0,0
10.1,0,0,0,0,0,0,0,0.6267545,-3.99999999999012e-06,0.1778995,0,1,0,0
10.2,0,0,0,0,0,0,0,0.6261845,-4.000000000004e-06,0.1783945,0,1,0,0
10.3,0,0,0,0,0,0,0,0.625614,-3.5000000000035e-06,0.1788895,0,1,0,0
10.4,0,0,0,0,0,0,0,0.6250435,-3.99999999999012e-06,0.179384,0,1,0,0
10.5,0,0,0,0,0,0,0,0.624475,-4.000000000004e-06,0.179879,0,1,0,0
10.6,0,0,0,0,0,0,0,0.623907,-4.000000000004e-06,0.1803735,0,1,0,0
10.7,0,0,0,0,0,0,0,0.6233405,-4.000000000004e-06,0.1808685,0,1,0,0
10.8,0,0,0,0,0,0,0,0.622777,-3.49999999998962e-06,0.181363,0,1,0,0
10.9,0,0,0,0,0,0,0,0.622215,-3.000000000003e-06,0.181858,0,1,0,0
11,0,0,0,0,0,0,0,0.621655,-3.5000000000035e-06,0.182354,0,1,0,0
11.1,0,0,0,0,0,0,0,0.621096,-2.99999999998912e-06,0.1828495,0,1,0,0
11.2,0,0,0,0,0,0,0,0.6205385,-3.000000000003e-06,0.1833465,0,1,0,0
11.3,0,0,0,0,0,0,0,0.6199805,-2.5000000000025e-06,0.183843,0,1,0,0
11.4,0,0,0,0,0,0,0,0.619422,-2.49999999998862e-06,0.1843405,0,1,0,0
11.5,0,0,0,0,0,0,0,0.6188635,-2.000000000002e-06,0.184838,0,1,0,0
11.6,0,0,0,0,0,0,0,0.618303,-2.000000000002e-06,0.1853365,0,1,0,0
11.7,0,0,0,0,0,0,0,0.617741,-1.5000000000015e-06,0.1858345,0,1,0,0
11.8,0,0,0,0,0,0,0,0.6171775,-1.5000000000015e-06,0.186333,0,1,0,0
11.9,0,0,0,0,0,0,0,0.6166115,2.09999999999932e-05,0.186831,0,1,0,0
12,0,0,0,0,0,0,0,0.6160435,6.39999999999946e-05,0.18733,0,1,0,0
12.1,0,0,0,0,0,0,0,0.6154735,0.000127000000000002,0.1878305,0,1,0,0
12.2,0,0,0,0,0,0,0,0.614903,0.000212999999999991,0.188333,0,1,0,0
12.3,0,0,0,0,0,0,0,0.614332,0.000323000000000004,0.188839,0,1,0,0
12.4,0,0,0,0,0,0,0,0.613762,0.000460500000000003,0.1893465,0,1,0,0
12.5,0,0,0,0,0,0,0,0.6131925,0.00062799999999999,0.1898575,0,1,0,0
12.6,0,0,0,0,0,0,0,0.6126255,0.000826500000000008,0.19037,0,1,0,0
12.7,0,0,0,0,0,0,0,0.6120605,0.00105899999999999,0.190883,0,1,0,0
12.8,0,0,0,0,0,0,0,0.611499,0.0013295,0.191396,0,1,0,0
12.9,0,0,0,0,0,0,0,0.610941,0.0016385,0.191908,0,1,0,0
13,0,0,0,0,0,0,0,0.6103875,0.00198849999999999,0.1924155,0,1,0,0
13.1,0,0,0,0,0,0,0,0.609838,0.00237949999999999,0.1929175,0,1,0,0
13.2,0,0,0,0,0,0,0,0.609294,0.0028125,0.19341,0,1,0,0
13.3,0,0,0,0,0,0,0,0.6087545,0.003286,0.19389,0,1,0,0
13.4,0,0,0,0,0,0,0,0.6082205,0.003799,0.194353,0,1,0,0
13.5,0,0,0,0,0,0,0,0.607691,0.00434950000000001,0.194794,0,1,0,0
13.6,0,0,0,0,0,0,0,0.6071665,0.00493450000000001,0.195211,0,1,0,0
13.7,0,0,0,0,0,0,0,0.606648,0.0055515,0.1956005,0,1,0,0
13.8,0,0,0,0,0,0,0,0.6061335,0.00619600000000001,0.1959625,0,1,0,0
13.9,0,0,0,0,0,0,0,0.605625,0.0068645,0.1962975,0,1,0,0
14,0,0,0,0,0,0,0,0.6051205,0.00755399999999999,0.1966085,0,1,0,0
14.1,0,0,0,0,0,0,0,0.604621,0.008259,0.196898,0,1,0,0
14.2,0,0,0,0,0,0,0,0.604125,0.008976,0.1971685,0,1,0,0
14.3,0,0,0,0,0,0,0,0.603633,0.0096995,0.1974225,0,1,0,0
14.4,0,0,0,0,0,0,0,0.603144,0.010427,0.1976595,0,1,0,0
14.5,0,0,0,0,0,0,0,0.602658,0.011153,0.1978795,0,1,0,0
14.6,0,0,0,0,0,0,0,0.602174,0.011874,0.1980825,0,1,0,0
14.7,0,0,0,0,0,0,0,0.6016915,0.012587,0.1982675,0,1,0,0
14.8,0,0,0,0,0,0,0,0.6012115,0.0132895,0.1984335,0,1,0,0
14.9,0,0,0,0,0,0,0,0.600733,0.013978,0.1985815,0,1,0,0
15,0,0,0,0,0,0,0,0.6002555,0.01465,0.1987125,0,1,0,0
15.1,0,0,0,0,0,0,0,0.59978,0.015304,0.1988285,0,1,0,0
15.2,0,0,0,0,0,0,0,0.599305,0.0159375,0.1989325,0,1,0,0
15.3,0,0,0,0,0,0,0,0.5988305,0.0165495,0.1990275,0,1,0,0
15.4,0,0,0,0,0,0,0,0.5983575,0.017139,0.1991165,0,1,0,0
15.5,0,0,0,0,0,0,0,0.5978855,0.017704,0.1991995,0,1,0,0
15.6,0,0,0,0,0,0,0,0.597414,0.018245,0.1992795,0,1,0,0
15.7,0,0,0,0,0,0,0,0.596943,0.018761,0.1993555,0,1,0,0
15.8,0,0,0,0,0,0,0,0.5964725,0.0192515,0.1994275,0,1,0,0
15.9,0,0,0,0,0,0,0,0.596002,0.0197175,0.1994935,0,1,0,0
16,0,0,0,0,0,0,0,0.5955315,0.020159,0.199553,0,1,0,0
16.1,0,0,0,0,0,0,0,0.595061,0.020576,0.199605,0,1,0,0
16.2,0,0,0,0,0,0,0,0.5945905,0.02097,0.19965,0,1,0,0
16.3,0,0,0,0,0,0,0,0.594119,0.0213425,0.1996875,0,1,0,0
16.4,0,0,0,0,0,0,0,0.5936465,0.0216925,0.199718,0,1,0,0
16.5,0,0,0,0,0,0,0,0.593173,0.022023,0.199742,0,1,0,0
16.6,0,0,0,0,0,0,0,0.5926985,0.0223345,0.199762,0,1,0,0
16.7,0,0,0,0,0,0,0,0.5922225,0.022629,0.199779,0,1,0,0
16.8,0,0,0,0,0,0,0,0.591745,0.0229075,0.199794,0,1,0,0
16.9,0,0,0,0,0,0,0,0.5912665,0.023172,0.1998085,0,1,0,0
17,0,0,0,0,0,0,0,0.590787,0.023425,0.1998245,0,1,0,0
17.1,0,0,0,0,0,0,0,0.590306,0.023667,0.199842,0,1,0,0
17.2,0,0,0,0,0,0,0,0.589824,0.023901,0.199861,0,1,0,0
17.3,0,0,0,0,0,0,0,0.5893415,0.0241285,0.199882,0,1,0,0
17.4,0,0,0,0,0,0,0,0.588858,0.024351,0.199904,0,1,0,0
17.5,0,0,0,0,0,0,0,0.5883735,0.0245705,0.199927,0,1,0,0
17.6,0,0,0,0,0,0,0,0.5878885,0.0247885,0.1999495,0,1,0,0
17.7,0,0,0,0,0,0,0,0.5874025,0.025008,0.1999705,0,1,0,0
17.8,0,0,0,0,0,0,0,0.5869155,0.02523,0.199989,0,1,0,0
17.9,0,0,0,0,0,0,0,0.586429,0.025455,0.200004,0,1,0,0
18,0,0,0,0,0,0,0,0.585941,0.025687,0.200014,0,1,0,0
18.1,0,0,0,0,0,0,0,0.585452,0.0259255,0.2000205,0,1,0,0
18.2,0,0,0,0,0,0,0,0.5849625,0.026172,0.200023,0,1,0,0
18.3,0,0,0,0,0,0,0,0.584472,0.0264285,0.200027,0,1,0,0
18.4,0,0,0,0,0,0,0,0.58398,0.0266955,0.200031,0,1,0,0
18.5,0,0,0,0,0,0,0,0.583488,0.0269745,0.200034,0,1,0,0
18.6,0,0,0,0,0,0,0,0.582994,0.0272655,0.200036,0,1,0,0
18.7,0,0,0,0,0,0,0,0.5825,0.0275705,0.2000405,0,1,0,0
18.8,0,0,0,0,0,0,0,0.582005,0.027889,0.2000495,0,1,0,0
18.9,0,0,0,0,0,0,0,0.581509,0.028222,0.2000615,0,1,0,0
19,0,0,0,0,0,0,0,0.5810115,0.02857,0.2000755,0,1,0,0
19.1,0,0,0,0,0,0,0,0.5805145,0.028933,0.2000905,0,1,0,0
19.2,0,0,0,0,0,0,0,0.580016,0.029312,0.2001065,0,1,0,0
19.3,0,0,0,0,0,0,0,0.5795165,0.029706,0.2001205,0,1,0,0
19.4,0,0,0,0,0,0,0,0.579017,0.0301165,0.2001335,0,1,0,0
19.5,0,0,0,0,0,0,0,0.578517,0.0305415,0.200144,0,1,0,0
19.6,0,0,0,0,0,0,0,0.5780165,0.030982,0.200152,0,1,0,0
19.7,0,0,0,0,0,0,0,0.5775155,0.0314375,0.200158,0,1,0,0
19.8,0,0,0,0,0,0,0,0.5770145,0.031908,0.2001615,0,1,0,0
19.9,0,0,0,0,0,0,0,0.576514,0.032392,0.200164,0,1,0,0
20,0,0,0,0,0,0,0,0.5760125,0.03289,0.2001665,0,1,0,0
20.1,0,0,0,0,0,0,0,0.575511,0.0334015,0.2001685,0,1,0,0
20.2,0,0,0,0,0,0,0,0.5750095,0.033925,0.2001715,0,1,0,0
20.3,0,0,0,0,0,0,0,0.574507,0.0344605,0.2001755,0,1,0,0
20.4,0,0,0,0,0,0,0,0.5740055,0.0350065,0.2001805,0,1,0,0
20.5,0,0,0,0,0,0,0,0.573503,0.0355625,0.2001875,0,1,0,0
20.6,0,0,0,0,0,0,0,0.573,0.0361285,0.2001955,0,1,0,0
20.7,0,0,0,0,0,0,0,0.572497,0.0367025,0.2002045,0,1,0,0
20.8,0,0,0,0,0,0,0,0.5719935,0.0372845,0.2002135,0,1,0,0
20.9,0,0,0,0,0,0,0,0.57149,0.037873,0.200222,0,1,0,0
21,0,0,0,0,0,0,0,0.5709865,0.038467,0.20023,0,1,0,0
21.1,0,0,0,0,0,0,0,0.570483,0.039066,0.200235,0,1,0,0
21.2,0,0,0,0,0,0,0,0.569979,0.0396685,0.200239,0,1,0,0
21.3,0,0,0,0,0,0,0,0.569475,0.040275,0.200241,0,1,0,0
21.4,0,0,0,0,0,0,0,0.5689705,0.0408825,0.200244,0,1,0,0
21.5,0,0,0,0,0,0,0,0.568466,0.041492,0.200249,0,1,0,0
21.6,0,0,0,0,0,0,0,0.567962,0.0421015,0.200253,0,1,0,0
21.7,0,0,0,0,0,0,0,0.567458,0.04271,0.2002575,0,1,0,0
21.8,0,0,0,0,0,0,0,0.5669535,0.0433175,0.200261,0,1,0,0
21.9,0,0,0,0,0,0,0,0.566449,0.043923,0.200263,0,1,0,0
22,0,0,0,0,0,0,0,0.5659445,0.0445255,0.200264,0,1,0,0
22.1,0,0,0,0,0,0,0,0.5654405,0.045125,0.200266,0,1,0,0
22.2,0,0,0,0,0,0,0,0.564936,0.04571945,0.2002695,0,1,0,0
22.3,0,0,0,0,0,0,0,0.5644315,0.0463102,0.2002745,0,1,0,0
22.4,0,0,0,0,0,0,0,0.5639275,0.04689525,0.20028,0,1,0,0
22.5,0,0,0,0,0,0,0,0.5634235,0.0474744,0.2002855,0,1,0,0
22.6,0,0,0,0,0,0,0,0.5629195,0.04804795,0.2002915,0,1,0,0
22.7,0,0,0,0,0,0,0,0.562416,0.0486147,0.200296,0,1,0,0
22.8,0,0,0,0,0,0,0,0.561912,0.04917505,0.2003,0,1,0,0
22.9,0,0,0,0,0,0,0,0.5614085,0.04972835,0.2003035,0,1,0,0
23,0,0,0,0,0,0,0,0.5609055,0.0502745,0.2003055,0,1,0,0
23.1,0,0,0,0,0,0,0,0.5604025,0.0508135,0.200307,0,1,0,0
23.2,0,0,0,0,0,0,0,0.5599,0.0513453,0.2003085,0,1,0,0
23.3,0,0,0,0,0,0,0,0.559398,0.0518694,0.2003095,0,1,0,0
23.4,0,0,0,0,0,0,0,0.5588955,0.05238685,0.200311,0,1,0,0
23.5,0,0,0,0,0,0,0,0.558394,0.05289715,0.200313,0,1,0,0
23.6,0,0,0,0,0,0,0,0.557893,0.05340045,0.200315,0,1,0,0
23.7,0,0,0,0,0,0,0,0.557392,0.0538968,0.2003185,0,1,0,0
23.8,0,0,0,0,0,0,0,0.556891,0.0543868,0.200322,0,1,0,0
23.9,0,0,0,0,0,0,0,0.5563905,0.0548707,0.2003265,0,1,0,0
24,0,0,0,0,0,0,0,0.55589,0.0553486,0.200331,0,1,0,0
24.1,0,0,0,0,0,0,0,0.55539,0.05582115,0.200335,0,1,0,0
24.2,0,0,0,0,0,0,0,0.5548895,0.05628855,0.200339,0,1,0,0
24.3,0,0,0,0,0,0,0,0.55439,0.05675105,0.2003425,0,1,0,0
24.4,0,0,0,0,0,0,0,0.5538895,0.0572093,0.200345,0,1,0,0
24.5,0,0,0,0,0,0,0,0.55339,0.05766355,0.2003465,0,1,0,0
24.6,0,0,0,0,0,0,0,0.5528905,0.05811455,0.2003475,0,1,0,0
24.7,0,0,0,0,0,0,0,0.5523905,0.058563,0.2003495,0,1,0,0
24.8,0,0,0,0,0,0,0,0.551891,0.05900815,0.2003515,0,1,0,0
24.9,0,0,0,0,0,0,0,0.5513915,0.05945175,0.200354,0,1,0,0
25,0,0,0,0,0,0,0,0.550892,0.059894,0.2003555,0,1,0,0
25.1,0,0,0,0,0,0,0,0.5503925,0.06033465,0.2003575,0,1,0,0
25.2,0,0,0,0,0,0,0,0.549893,0.06077495,0.2003585,0,1,0,0
25.3,0,0,0,0,0,0,0,0.5493935,0.0612151,0.2003585,0,1,0,0
25.4,0,0,0,0,0,0,0,0.548894,0.06165575,0.2003595,0,1,0,0
25.5,0,0,0,0,0,0,0,0.5483945,0.0620967,0.2003615,0,1,0,0
25.6,0,0,0,0,0,0,0,0.547895,0.06253865,0.2003635,0,1,0,0
25.7,0,0,0,0,0,0,0,0.5473955,0.06298165,0.200366,0,1,0,0
25.8,0,0,0,0,0,0,0,0.546896,0.06342705,0.2003685,0,1,0,0
25.9,0,0,0,0,0,0,0,0.5463965,0.0638744,0.2003715,0,1,0,0
26,0,0,0,0,0,0,0,0.5458975,0.06432385,0.200374,0,1,0,0
26.1,0,0,0,0,0,0,0,0.5453975,0.06477555,0.200376,0,1,0,0
26.2,0,0,0,0,0,0,0,0.544898,0.0652306,0.200378,0,1,0,0
26.3,0,0,0,0,0,0,0,0.5443985,0.06568865,0.2003795,0,1,0,0
26.4,0,0,0,0,0,0,0,0.5438985,0.06614975,0.200381,0,1,0,0
26.5,0,0,0,0,0,0,0,0.5433985,0.0666145,0.200382,0,1,0,0
26.6,0,0,0,0,0,0,0,0.5428985,0.06708245,0.200383,0,1,0,0
26.7,0,0,0,0,0,0,0,0.5423985,0.06755415,0.200384,0,1,0,0
26.8,0,0,0,0,0,0,0,0.541898,0.0680296,0.200386,0,1,0,0
26.9,0,0,0,0,0,0,0,0.541398,0.0685084,0.2003875,0,1,0,0
27,0,0,0,0,0,0,0,0.540898,0.06899145,0.2003895,0,1,0,0
27.1,0,0,0,0,0,0,0,0.5403985,0.06947785,0.200392,0,1,0,0
27.2,0,0,0,0,0,0,0,0.5398985,0.06996745,0.2003945,0,1,0,0
27.3,0,0,0,0,0,0,0,0.5393985,0.07046135,0.200397,0,1,0,0
27.4,0,0,0,0,0,0,0,0.538899,0.07095845,0.2003995,0,1,0,0
27.5,0,0,0,0,0,0,0,0.538399,0.07145865,0.2004015,0,1,0,0
27.6,0,0,0,0,0,0,0,0.5378995,0.0719625,0.2004035,0,1,0,0
27.7,0,0,0,0,0,0,0,0.5374,0.0724693,0.2004045,0,1,0,0
27.8,0,0,0,0,0,0,0,0.536901,0.07297905,0.2004055,0,1,0,0
27.9,0,0,0,0,0,0,0,0.536401,0.0734916,0.2004065,0,1,0,0
28,0,0,0,0,0,0,0,0.5359015,0.0740064,0.2004075,0,1,0,0
28.1,0,0,0,0,0,0,0,0.535402,0.0745239,0.2004085,0,1,0,0
28.2,0,0,0,0,0,0,0,0.5349025,0.07504335,0.2004095,0,1,0,0
28.3,0,0,0,0,0,0,0,0.5344025,0.0755648,0.2004105,0,1,0,0
28.4,0,0,0,0,0,0,0,0.533903,0.076088,0.200411,0,1,0,0
28.5,0,0,0,0,0,0,0,0.533403,0.07661245,0.2004115,0,1,0,0
28.6,0,0,0,0,0,0,0,0.5329035,0.07713845,0.2004115,0,1,0,0
28.7,0,0,0,0,0,0,0,0.5324035,0.07766545,0.2004125,0,1,0,0
28.8,0,0,0,0,0,0,0,0.5319035,0.0781933,0.200413,0,1,0,0
28.9,0,0,0,0,0,0,0,0.531404,0.07872135,0.2004145,0,1,0,0
29,0,0,0,0,0,0,0,0.530904,0.07924955,0.2004155,0,1,0,0
29.1,0,0,0,0,0,0,0,0.5304045,0.0797783,0.200417,0,1,0,0
29.2,0,0,0,0,0,0,0,0.5299055,0.0803069,0.200419,0,1,0,0
29.3,0,0,0,0,0,0,0,0.529406,0.0808354,0.20042,0,1,0,0
29.4,0,0,0,0,0,0,0,0.5289065,0.0813631,0.2004215,0,1,0,0
29.5,0,0,0,0,0,0,0,0.528407,0.0818904,0.200423,0,1,0,0
29.6,0,0,0,0,0,0,0,0.527907,0.0824168,0.200424,0,1,0,0
29.7,0,0,0,0,0,0,0,0.5274075,0.08294165,0.200425,0,1,0,0
29.8,0,0,0,0,0,0,0,0.526908,0.0834659,0.200426,0,1,0,0
29.9,0,0,0,0,0,0,0,0.526408,0.083989,0.200427,0,1,0,0
30,0,0,0,0,0,0,0,0.5259085,0.08451035,0.200428,0,1,0,0
30.1,0,0,0,0,0,0,0,0.5254085,0.08503045,0.200429,0,1,0,0
30.2,0,0,0,0,0,0,0,0.5249085,0.0855492,0.20043,0,1,0,0
30.3,0,0,0,0,0,0,0,0.524409,0.08606565,0.2004315,0,1,0,0
30.4,0,0,0,0,0,0,0,0.523909,0.08658115,0.200433,0,1,0,0
30.5,0,0,0,0,0,0,0,0.523409,0.08709425,0.2004345,0,1,0,0
30.6,0,0,0,0,0,0,0,0.5229085,0.08760595,0.2004365,0,1,0,0
30.7,0,0,0,0,0,0,0,0.5224085,0.0881157,0.2004375,0,1,0,0
30.8,0,0,0,0,0,0,0,0.521908,0.08862355,0.200439,0,1,0,0
30.9,0,0,0,0,0,0,0,0.521408,0.0891294,0.2004405,0,1,0,0
31,0,0,0,0,0,0,0,0.5209075,0.08963385,0.200441,0,1,0,0
31.1,0,0,0,0,0,0,0,0.5204075,0.0901364,0.2004415,0,1,0,0
31.2,0,0,0,0,0,0,0,0.5199075,0.0906371,0.2004425,0,1,0,0
31.3,0,0,0,0,0,0,0,0.5194075,0.0911364,0.2004425,0,1,0,0
31.4,0,0,0,0,0,0,0,0.5189075,0.0916339,0.2004435,0,1,0,0
31.5,0,0,0,0,0,0,0,0.518408,0.0921301,0.2004435,0,1,0,0
31.6,0,0,0,0,0,0,0,0.517908,0.0926246,0.200444,0,1,0,0
31.7,0,0,0,0,0,0,0,0.5174075,0.09311835,0.2004445,0,1,0,0
31.8,0,0,0,0,0,0,0,0.5169075,0.09361,0.2004445,0,1,0,0
31.9,0,0,0,0,0,0,0,0.516407,0.09408405,0.2004505,0,1,0,0
32,0,0,0,0,0,0,0,0.515906,0.09453395,0.2004645,0,1,0,0
32.1,0,0,0,0,0,0,0,0.515405,0.0949542,0.200483,0,1,0,0
32.2,0,0,0,0,0,0,0,0.514903,0.09534095,0.200505,0,1,0,0
32.3,0,0,0,0,0,0,0,0.5144015,0.0956901,0.2005295,0,1,0,0
32.4,0,0,0,0,0,0,0,0.5139,0.09599985,0.2005535,0,1,0,0
32.5,0,0,0,0,0,0,0,0.5133985,0.09626855,0.2005765,0,1,0,0
32.6,0,0,0,0,0,0,0,0.5128965,0.0964953,0.200598,0,1,0,0
32.7,0,0,0,0,0,0,0,0.512394,0.0966811,0.2006165,0,1,0,0
32.8,0,0,0,0,0,0,0,0.5118925,0.09682525,0.200632,0,1,0,0
32.9,0,0,0,0,0,0,0,0.5113905,0.0969293,0.2006435,0,1,0,0
33,0,0,0,0,0,0,0,0.510888,0.0969951,0.2006515,0,1,0,0
33.1,0,0,0,0,0,0,0,0.5103865,0.0970247,0.200654,0,1,0,0
33.2,0,0,0,0,0,0,0,0.5098845,0.0970206,0.2006495,0,1,0,0
33.3,0,0,0,0,0,0,0,0.509383,0.0969868,0.200636,0,1,0,0
33.4,0,0,0,0,0,0,0,0.508881,0.09692625,0.20061,0,1,0,0
33.5,0,0,0,0,0,0,0,0.50838,0.0968428,0.200567,0,1,0,0
33.6,0,0,0,0,0,0,0,0.50788,0.09674105,0.2005045,0,1,0,0
33.7,0,0,0,0,0,0,0,0.50738,0.096625,0.2004175,0,1,0,0
33.8,0,0,0,0,0,0,0,0.506882,0.0964986,0.200304,0,1,0,0
33.9,0,0,0,0,0,0,0,0.506386,0.09636515,0.2001635,0,1,0,0
34,0,0,0,0,0,0,0,0.5058915,0.0962279,0.199997,0,1,0,0
34.1,0,0,0,0,0,0,0,0.5053985,0.0960904,0.1998085,0,1,0,0
34.2,0,0,0,0,0,0,0,0.504907,0.09595565,0.1996015,0,1,0,0
34.3,0,0,0,0,0,0,0,0.5044175,0.0958258,0.1993785,0,1,0,0
34.4,0,0,0,0,0,0,0,0.503929,0.095703,0.1991445,0,1,0,0
34.5,0,0,0,0,0,0,0,0.5034415,0.095589,0.198899,0,1,0,0
34.6,0,0,0,0,0,0,0,0.502955,0.095485,0.1986445,0,1,0,0
34.7,0,0,0,0,0,0,0,0.5024695,0.0953925,0.1983795,0,1,0,0
34.8,0,0,0,0,0,0,0,0.501985,0.0953112,0.1981035,0,1,0,0
34.9,0,0,0,0,0,0,0,0.501501,0.09524135,0.1978145,0,1,0,0
35,0,0,0,0,0,0,0,0.5010175,0.09518385,0.1975115,0,1,0,0
35.1,0,0,0,0,0,0,0,0.500535,0.09513825,0.197192,0,1,0,0
35.2,0,0,0,0,0,0,0,0.5000525,0.0951038,0.1968565,0,1,0,0
35.3,0,0,0,0,0,0,0,0.499571,0.0950804,0.196503,0,1,0,0
35.4,0,0,0,0,0,0,0,0.49909,0.0950677,0.1961315,0,1,0,0
35.5,0,0,0,0,0,0,0,0.4986095,0.0950649,0.195742,0,1,0,0
35.6,0,0,0,0,0,0,0,0.498129,0.0950712,0.1953345,0,1,0,0
35.7,0,0,0,0,0,0,0,0.497649,0.09508505,0.1949105,0,1,0,0
35.8,0,0,0,0,0,0,0,0.4971695,0.0951039,0.1944715,0,1,0,0
35.9,0,0,0,0,0,0,0,0.49669,0.09512855,0.194019,0,1,0,0
36,0,0,0,0,0,0,0,0.4962105,0.0951599,0.193554,0,1,0,0
36.1,0,0,0,0,0,0,0,0.495731,0.0951977,0.193079,0,1,0,0
36.2,0,0,0,0,0,0,0,0.495251,0.0952427,0.1925965,0,1,0,0
36.3,0,0,0,0,0,0,0,0.4947705,0.09529545,0.192107,0,1,0,0
36.4,0,0,0,0,0,0,0,0.494289,0.09535615,0.191613,0,1,0,0
36.5,0,0,0,0,0,0,0,0.493806,0.09542485,0.191116,0,1,0,0
36.6,0,0,0,0,0,0,0,0.493322,0.09550145,0.190617,0,1,0,0
36.7,0,0,0,0,0,0,0,0.4928365,0.09558585,0.1901175,0,1,0,0
36.8,0,0,0,0,0,0,0,0.4923495,0.0956769,0.1896175,0,1,0,0
36.9,0,0,0,0,0,0,0,0.4918605,0.09577535,0.1891185,0,1,0,0
37,0,0,0,0,0,0,0,0.4913705,0.09587995,0.1886205,0,1,0,0
37.1,0,0,0,0,0,0,0,0.490878,0.0959905,0.1881235,0,1,0,0
37.2,0,0,0,0,0,0,0,0.490385,0.0961061,0.187629,0,1,0,0
37.3,0,0,0,0,0,0,0,0.48989,0.0962264,0.187135,0,1,0,0
37.4,0,0,0,0,0,0,0,0.4893945,0.0963506,0.186642,0,1,0,0
37.5,0,0,0,0,0,0,0,0.488898,0.0964773,0.18615,0,1,0,0
37.6,0,0,0,0,0,0,0,0.488401,0.0966066,0.1856595,0,1,0,0
37.7,0,0,0,0,0,0,0,0.487903,0.0967376,0.1851685,0,1,0,0
37.8,0,0,0,0,0,0,0,0.4874055,0.09686895,0.1846775,0,1,0,0
37.9,0,0,0,0,0,0,0,0.4869075,0.09700025,0.1841865,0,1,0,0
38,0,0,0,0,0,0,0,0.486409,0.0971312,0.1836945,0,1,0,0
38.1,0,0,0,0,0,0,0,0.485911,0.0972604,0.1832025,0,1,0,0
38.2,0,0,0,0,0,0,0,0.485412,0.0973875,0.182709,0,1,0,0
38.3,0,0,0,0,0,0,0,0.4849135,0.09751175,0.182215,0,1,0,0
38.4,0,0,0,0,0,0,0,0.4844155,0.0976328,0.1817195,0,1,0,0
38.5,0,0,0,0,0,0,0,0.4839165,0.09774995,0.1812235,0,1,0,0
38.6,0,0,0,0,0,0,0,0.483418,0.09786295,0.1807255,0,1,0,0
38.7,0,0,0,0,0,0,0,0.4829195,0.09797755,0.1802275,0,1,0,0
38.8,0,0,0,0,0,0,0,0.4824215,0.09809475,0.1797285,0,1,0,0
38.9,0,0,0,0,0,0,0,0.4819225,0.0982155,0.1792285,0,1,0,0
39,0,0,0,0,0,0,0,0.4814235,0.09833855,0.178728,0,1,0,0
39.1,0,0,0,0,0,0,0,0.4809255,0.09846365,0.1782275,0,1,0,0
39.2,0,0,0,0,0,0,0,0.480427,0.09859005,0.177726,0,1,0,0
39.3,0,0,0,0,0,0,0,0.4799285,0.0987187,0.177225,0,1,0,0
39.4,0,0,0,0,0,0,0,0.47943,0.0988471,0.176724,0,1,0,0
39.5,0,0,0,0,0,0,0,0.478931,0.0989759,0.176223,0,1,0,0
39.6,0,0,0,0,0,0,0,0.4784335,0.09910395,0.1757225,0,1,0,0
39.7,0,0,0,0,0,0,0,0.477935,0.09923035,0.175222,0,1,0,0
39.8,0,0,0,0,0,0,0,0.4774375,0.0993553,0.174722,0,1,0,0
39.9,0,0,0,0,0,0,0,0.4769395,0.0994775,0.1742225,0,1,0,0
40,0,0,0,0,0,0,0,0.476441,0.09959665,0.1737225,0,1,0,0
40.1,0,0,0,0,0,0,0,0.4759435,0.0997125,0.173223,0,1,0,0
40.2,0,0,0,0,0,0,0,0.475445,0.0998237,0.1727235,0,1,0,0
40.3,0,0,0,0,0,0,0,0.4749465,0.0999301,0.1722245,0,1,0,0
40.4,0,0,0,0,0,0,0,0.4744475,0.1000319,0.1717245,0,1,0,0
40.5,0,0,0,0,0,0,0,0.4739485,0.100128,0.1712255,0,1,0,0
40.6,0,0,0,0,0,0,0,0.473449,0.1002182,0.1707265,0,1,0,0
40.7,0,0,0,0,0,0,0,0.472949,0.1003023,0.1702265,0,1,0,0
40.8,0,0,0,0,0,0,0,0.472449,0.10037965,0.169727,0,1,0,0
40.9,0,0,0,0,0,0,0,0.4719485,0.1004507,0.1692275,0,1,0,0
41,0,0,0,0,0,0,0,0.471447,0.1005149,0.1687275,0,1,0,0
41.1,0,0,0,0,0,0,0,0.4709455,0.10057255,0.1682275,0,1,0,0
41.2,0,0,0,0,0,0,0,0.4704435,0.10062275,0.167727,0,1,0,0
41.3,0,0,0,0,0,0,0,0.469941,0.10066595,0.167227,0,1,0,0
41.4,0,0,0,0,0,0,0,0.4694385,0.1007027,0.166727,0,1,0,0
41.5,0,0,0,0,0,0,0,0.4689355,0.10073195,0.1662265,0,1,0,0
41.6,0,0,0,0,0,0,0,0.4684325,0.10075485,0.1657265,0,1,0,0
41.7,0,0,0,0,0,0,0,0.467929,0.1007715,0.1652265,0,1,0,0
41.8,0,0,0,0,0,0,0,0.467426,0.1007815,0.164726,0,1,0,0
41.9,0,0,0,0,0,0,0,0.4669215,0.10078545,0.1642265,0,1,0,0
42,0,0,0,0,0,0,0,0.4664165,0.10078395,0.1637265,0,1,0,0
42.1,0,0,0,0,0,0,0,0.4659105,0.10077645,0.1632245,0,1,0,0
42.2,0,0,0,0,0,0,0,0.465405,0.10076405,0.1627205,0,1,0,0
42.3,0,0,0,0,0,0,0,0.4648995,0.1007464,0.1622135,0,1,0,0
42.4,0,0,0,0,0,0,0,0.464394,0.1007246,0.1617035,0,1,0,0
42.5,0,0,0,0,0,0,0,0.463888,0.10069815,0.161191,0,1,0,0
42.6,0,0,0,0,0,0,0,0.463382,0.10066825,0.1606765,0,1,0,0
42.7,0,0,0,0,0,0,0,0.462876,0.1006341,0.160161,0,1,0,0
42.8,0,0,0,0,0,0,0,0.4623705,0.1005975,0.159646,0,1,0,0
42.9,0,0,0,0,0,0,0,0.4618645,0.10055815,0.159132,0,1,0,0
43,0,0,0,0,0,0,0,0.4613595,0.1005162,0.1586215,0,1,0,0
43.1,0,0,0,0,0,0,0,0.4608555,0.1004724,0.1581165,0,1,0,0
43.2,0,0,0,0,0,0,0,0.460352,0.10042735,0.1576205,0,1,0,0
43.3,0,0,0,0,0,0,0,0.4598495,0.1003812,0.157137,0,1,0,0
43.4,0,0,0,0,0,0,0,0.4593475,0.1003342,0.15667,0,1,0,0
43.5,0,0,0,0,0,0,0,0.458845,0.1002865,0.1562235,0,1,0,0
43.6,0,0,0,0,0,0,0,0.458341,0.10023935,0.1558015,0,1,0,0
43.7,0,0,0,0,0,0,0,0.4578365,0.10019235,0.155406,0,1,0,0
43.8,0,0,0,0,0,0,0,0.45733,0.1001458,0.1550385,0,1,0,0
43.9,0,0,0,0,0,0,0,0.4568225,0.1001002,0.154698,0,1,0,0
44,0,0,0,0,0,0,0,0.4563135,0.1000558,0.154381,0,1,0,0
44.1,0,0,0,0,0,0,0,0.4558055,0.1000131,0.154084,0,1,0,0
44.2,0,0,0,0,0,0,0,0.4552965,0.0999718,0.1538055,0,1,0,0
44.3,0,0,0,0,0,0,0,0.4547875,0.0999325,0.153542,0,1,0,0
44.4,0,0,0,0,0,0,0,0.454277,0.0998952,0.153292,0,1,0,0
44.5,0,0,0,0,0,0,0,0.453765,0.09986,0.153056,0,1,0,0
44.6,0,0,0,0,0,0,0,0.453253,0.0998269,0.152834,0,1,0,0
44.7,0,0,0,0,0,0,0,0.4527405,0.099796,0.152628,0,1,0,0
44.8,0,0,0,0,0,0,0,0.452228,0.09976665,0.1524375,0,1,0,0
44.9,0,0,0,0,0,0,0,0.4517185,0.0997378,0.152264,0,1,0,0
45,0,0,0,0,0,0,0,0.4512115,0.09970865,0.152106,0,1,0,0
45.1,0,0,0,0,0,0,0,0.4507095,0.09968025,0.151962,0,1,0,0
45.2,0,0,0,0,0,0,0,0.450212,0.09965215,0.1518315,0,1,0,0
45.3,0,0,0,0,0,0,0,0.4497185,0.09962455,0.1517105,0,1,0,0
45.4,0,0,0,0,0,0,0,0.4492295,0.0995976,0.151598,0,1,0,0
45.5,0,0,0,0,0,0,0,0.448743,0.09957185,0.151492,0,1,0,0
45.6,0,0,0,0,0,0,0,0.44826,0.09954725,0.151393,0,1,0,0
45.7,0,0,0,0,0,0,0,0.4477785,0.0995234,0.151301,0,1,0,0
45.8,0,0,0,0,0,0,0,0.4473,0.0995008,0.1512165,0,1,0,0
45.9,0,0,0,0,0,0,0,0.446825,0.0994795,0.1511405,0,1,0,0
46,0,0,0,0,0,0,0,0.4463545,0.0994601,0.151074,0,1,0,0
46.1,0,0,0,0,0,0,0,0.445891,0.09944205,0.151017,0,1,0,0
46.2,0,0,0,0,0,0,0,0.445436,0.099426,0.15097,0,1,0,0
46.3,0,0,0,0,0,0,0,0.4449925,0.09941185,0.150933,0,1,0,0
46.4,0,0,0,0,0,0,0,0.4445615,0.09939975,0.1509045,0,1,0,0
46.5,0,0,0,0,0,0,0,0.4441465,0.0993903,0.150883,0,1,0,0
46.6,0,0,0,0,0,0,0,0.4437485,0.0993831,0.1508675,0,1,0,0
46.7,0,0,0,0,0,0,0,0.4433695,0.09937865,0.1508555,0,1,0,0
46.8,0,0,0,0,0,0,0,0.44301,0.0993771,0.150845,0,1,0,0
46.9,0,0,0,0,0,0,0,0.442671,0.0993778,0.1508345,0,1,0,0
47,0,0,0,0,0,0,0,0.4423525,0.09938155,0.150822,0,1,0,0
47.1,0,0,0,0,0,0,0,0.4420545,0.09938885,0.150807,0,1,0,0
47.2,0,0,0,0,0,0,0,0.441776,0.0993993,0.150788,0,1,0,0
47.3,0,0,0,0,0,0,0,0.441517,0.0994129,0.1507655,0,1,0,0
47.4,0,0,0,0,0,0,0,0.441277,0.0994304,0.1507395,0,1,0,0
47.5,0,0,0,0,0,0,0,0.441055,0.0994514,0.1507105,0,1,0,0
47.6,0,0,0,0,0,0,0,0.4408505,0.0994771,0.150679,0,1,0,0
47.7,0,0,0,0,0,0,0,0.4406615,0.0995077,0.150647,0,1,0,0
47.8,0,0,0,0,0,0,0,0.44049,0.0995433,0.1506155,0,1,0,0
47.9,0,0,0,0,0,0,0,0.440337,0.09958335,0.150589,0,1,0,0
48,0,0,0,0,0,0,0,0.4402165,0.0996279,0.150587,0,1,0,0
48.1,0,0,0,0,0,0,0,0.4401105,0.0996749,0.1505585,0,1,0,0
48.2,0,0,0,0,0,0,0,0.4399805,0.0997211,0.150526,0,1,0,0
48.3,0,0,0,0,0,0,0,0.439859,0.0997664,0.1504945,0,1,0,0
48.4,0,0,0,0,0,0,0,0.439751,0.09980955,0.1504675,0,1,0,0
48.5,0,0,0,0,0,0,0,0.43966,0.099851,0.1504465,0,1,0,0
48.6,0,0,0,0,0,0,0,0.4395855,0.09988975,0.1504315,0,1,0,0
48.7,0,0,0,0,0,0,0,0.439527,0.0999267,0.1504245,0,1,0,0
48.8,0,0,0,0,0,0,0,0.4394825,0.09996085,0.1504205,0,1,0,0
48.9,0,0,0,0,0,0,0,0.439451,0.0999921,0.1504115,0,1,0,0
49,0,0,0,0,0,0,0,0.439432,0.1000209,0.1504015,0,1,0,0
49.1,0,0,0,0,0,0,0,0.439423,0.1000465,0.1503915,0,1,0,0
49.2,0,0,0,0,0,0,0,0.4394235,0.10006895,0.1503845,0,1,0,0
49.3,0,0,0,0,0,0,0,0.4394315,0.1000877,0.15038,0,1,0,0
49.4,0,0,0,0,0,0,0,0.4394455,0.1001033,0.1503785,0,1,0,0
49.5,0,0,0,0,0,0,0,0.4394635,0.10011665,0.1503795,0,1,0,0
49.6,0,0,0,0,0,0,0,0.439484,0.1001297,0.1503825,0,1,0,0
49.7,0,0,0,0,0,0,0,0.4395065,0.1001418,0.1503865,0,1,0,0
49.8,0,0,0,0,0,0,0,0.439529,0.10015335,0.15039,0,1,0,0
49.9,0,0,0,0,0,0,0,0.439552,0.10016505,0.1503935,0,1,0,0
50,0,0,0,0,0,0,0,0.4395755,0.1001768,0.1503965,0,1,0,0
50.1,0,0,0,0,0,0,0,0.439599,0.10018845,0.150398,0,1,0,0
50.2,0,0,0,0,0,0,0,0.4396235,0.10019945,0.1503985,0,1,0,0
50.3,0,0,0,0,0,0,0,0.4396495,0.1002102,0.1503975,0,1,0,0
50.4,0,0,0,0,0,0,0,0.4396765,0.1002206,0.1503955,0,1,0,0
50.5,0,0,0,0,0,0,0,0.4397065,0.10023005,0.150393,0,1,0,0
50.6,0,0,0,0,0,0,0,0.4397385,0.100238,0.15039,0,1,0,0
50.7,0,0,0,0,0,0,0,0.4397725,0.10024545,0.150387,0,1,0,0
50.8,0,0,0,0,0,0,0,0.439809,0.10025185,0.1503845,0,1,0,0
50.9,0,0,0,0,0,0,0,0.439848,0.10025715,0.150383,0,1,0,0
51,0,0,0,0,0,0,0,0.4398905,0.10026125,0.150382,0,1,0,0
51.1,0,0,0,0,0,0,0,0.4399345,0.1002638,0.15038,0,1,0,0
51.2,0,0,0,0,0,0,0,0.4399815,0.1002657,0.150377,0,1,0,0
51.3,0,0,0,0,0,0,0,0.4400305,0.1002659,0.150374,0,1,0,0
51.4,0,0,0,0,0,0,0,0.4400815,0.100265,0.1503705,0,1,0,0
51.5,0,0,0,0,0,0,0,0.440134,0.10026345,0.1503675,0,1,0,0
51.6,0,0,0,0,0,0,0,0.4401885,0.1002603,0.150365,0,1,0,0
51.7,0,0,0,0,0,0,0,0.440244,0.100256,0.1503635,0,1,0,0
51.8,0,0,0,0,0,0,0,0.4403005,0.1002501,0.150363,0,1,0,0
51.9,0,0,0,0,0,0,0,0.440357,0.10024365,0.150362,0,1,0,0
52,0,0,0,0,0,0,0,0.440414,0.10023615,0.1503605,0,1,0,0
52.1,0,0,0,0,0,0,0,0.4404715,0.1002277,0.150358,0,1,0,0
52.2,0,0,0,0,0,0,0,0.440529,0.10021825,0.150356,0,1,0,0
52.3,0,0,0,0,0,0,0,0.440586,0.1002084,0.150354,0,1,0,0
52.4,0,0,0,0,0,0,0,0.4406425,0.1001977,0.150352,0,1,0,0
52.5,0,0,0,0,0,0,0,0.440699,0.10018615,0.150351,0,1,0,0
52.6,0,0,0,0,0,0,0,0.4407545,0.10017375,0.150351,0,1,0,0
52.7,0,0,0,0,0,0,0,0.44081,0.10016165,0.150351,0,1,0,0
52.8,0,0,0,0,0,0,0,0.440864,0.10014875,0.150351,0,1,0,0
52.9,0,0,0,0,0,0,0,0.4409175,0.1001352,0.150352,0,1,0,0
53,0,0,0,0,0,0,0,0.440969,0.10012145,0.150353,0,1,0,0
53.1,0,0,0,0,0,0,0,0.44102,0.10010755,0.150354,0,1,0,0
53.2,0,0,0,0,0,0,0,0.441069,0.10009355,0.150355,0,1,0,0
53.3,0,0,0,0,0,0,0,0.4411165,0.1000794,0.150355,0,1,0,0
53.4,0,0,0,0,0,0,0,0.4411625,0.10006465,0.1503555,0,1,0,0
53.5,0,0,0,0,0,0,0,0.441207,0.1000502,0.150355,0,1,0,0
53.6,0,0,0,0,0,0,0,0.4412495,0.100035,0.150354,0,1,0,0
53.7,0,0,0,0,0,0,0,0.4412905,0.1000188,0.150353,0,1,0,0
53.8,0,0,0,0,0,0,0,0.441329,0.10000235,0.150351,0,1,0,0
53.9,0,0,0,0,0,0,0,0.4413585,0.09998595,0.150349,0,1,0,0
54,0,0,0,0,0,0,0,0.4413955,0.0999733,0.150346,0,1,0,0
54.1,0,0,0,0,0,0,0,0.44143,0.09996305,0.150345,0,1,0,0
54.2,0,0,0,0,0,0,0,0.441461,0.0999544,0.1503435,0,1,0,0
54.3,0,0,0,0,0,0,0,0.4414885,0.0999467,0.150342,0,1,0,0
54.4,0,0,0,0,0,0,0,0.4415125,0.0999383,0.1503395,0,1,0,0
54.5,0,0,0,0,0,0,0,0.4415325,0.0999303,0.150337,0,1,0,0
54.6,0,0,0,0,0,0,0,0.44155,0.0999224,0.1503355,0,1,0,0
54.7,0,0,0,0,0,0,0,0.4415635,0.0999146,0.150334,0,1,0,0
54.8,0,0,0,0,0,0,0,0.4415735,0.09990745,0.150332,0,1,0,0
54.9,0,0,0,0,0,0,0,0.44158,0.0999005,0.1503315,0,1,0,0
55,0,0,0,0,0,0,0,0.4415835,0.0998943,0.150331,0,1,0,0
55.1,0,0,0,0,0,0,0,0.4415835,0.09988835,0.150331,0,1,0,0
55.2,0,0,0,0,0,0,0,0.441581,0.0998832,0.1503305,0,1,0,0
55.3,0,0,0,0,0,0,0,0.4415755,0.09987835,0.15033,0,1,0,0
55.4,0,0,0,0,0,0,0,0.441568,0.09987435,0.150329,0,1,0,0
55.5,0,0,0,0,0,0,0,0.4415575,0.0998712,0.150329,0,1,0,0
55.6,0,0,0,0,0,0,0,0.441545,0.0998689,0.150328,0,1,0,0
55.7,0,0,0,0,0,0,0,0.4415315,0.09986695,0.150328,0,1,0,0
55.8,0,0,0,0,0,0,0,0.441517,0.0998659,0.150328,0,1,0,0
55.9,0,0,0,0,0,0,0,0.4415005,0.0998657,0.150328,0,1,0,0
56,0,0,0,0,0,0,0,0.441484,0.09986645,0.150328,0,1,0,0
56.1,0,0,0,0,0,0,0,0.4414665,0.0998676,0.150328,0,1,0,0
56.2,0,0,0,0,0,0,0,0.441449,0.0998696,0.150329,0,1,0,0
56.3,0,0,0,0,0,0,0,0.4414315,0.0998725,0.150329,0,1,0,0
56.4,0,0,0,0,0,0,0,0.441414,0.09987625,0.150329,0,1,0,0
56.5,0,0,0,0,0,0,0,0.441396,0.09988095,0.15033,0,1,0,0
56.6,0,0,0,0,0,0,0,0.4413795,0.099886,0.15033,0,1,0,0
56.7,0,0,0,0,0,0,0,0.441363,0.0998924,0.1503295,0,1,0,0
56.8,0,0,0,0,0,0,0,0.441347,0.0998991,0.150329,0,1,0,0
56.9,0,0,0,0,0,0,0,0.4413325,0.09990605,0.150329,0,1,0,0
57,0,0,0,0,0,0,0,0.441318,0.09991375,0.150328,0,1,0,0
57.1,0,0,0,0,0,0,0,0.4413045,0.09992215,0.150328,0,1,0,0
57.2,0,0,0,0,0,0,0,0.441292,0.0999307,0.150327,0,1,0,0
57.3,0,0,0,0,0,0,0,0.4412795,0.09993935,0.150327,0,1,0,0
57.4,0,0,0,0,0,0,0,0.441268,0.09994805,0.150327,0,1,0,0
57.5,0,0,0,0,0,0,0,0.4412575,0.09995725,0.150326,0,1,0,0
57.6,0,0,0,0,0,0,0,0.4412475,0.0999658,0.150325,0,1,0,0
57.7,0,0,0,0,0,0,0,0.4412385,0.0999743,0.150324,0,1,0,0
57.8,0,0,0,0,0,0,0,0.44123,0.0999826,0.150323,0,1,0,0
57.9,0,0,0,0,0,0,0,0.441223,0.0999907,0.150322,0,1,0,0
58,0,0,0,0,0,0,0,0.4412155,0.099998,0.1503215,0,1,0,0
58.1,0,0,0,0,0,0,0,0.441209,0.10000485,0.150321,0,1,0,0
58.2,0,0,0,0,0,0,0,0.4412035,0.10001065,0.1503205,0,1,0,0
58.3,0,0,0,0,0,0,0,0.4411975,0.10001515,0.15032,0,1,0,0
58.4,0,0,0,0,0,0,0,0.4411925,0.10002005,0.15032,0,1,0,0
58.5,0,0,0,0,0,0,0,0.441188,0.10002595,0.15032,0,1,0,0
58.6,0,0,0,0,0,0,0,0.441184,0.1000316,0.15032,0,1,0,0
58.7,0,0,0,0,0,0,0,0.44118,0.10003685,0.150319,0,1,0,0
58.8,0,0,0,0,0,0,0,0.4411765,0.1000421,0.150319,0,1,0,0
58.9,0,0,0,0,0,0,0,0.441173,0.100047,0.150319,0,1,0,0
59,0,0,0,0,0,0,0,0.4411705,0.10005235,0.150319,0,1,0,0
59.1,0,0,0,0,0,0,0,0.441168,0.10005705,0.150319,0,1,0,0
59.2,0,0,0,0,0,0,0,0.441165,0.10006205,0.1503195,0,1,0,0
59.3,0,0,0,0,0,0,0,0.441163,0.10006645,0.15032,0,1,0,0
59.4,0,0,0,0,0,0,0,0.4411605,0.1000705,0.15032,0,1,0,0
59.5,0,0,0,0,0,0,0,0.441158,0.1000737,0.1503205,0,1,0,0
59.6,0,0,0,0,0,0,0,0.441156,0.10007605,0.1503205,0,1,0,0
59.7,0,0,0,0,0,0,0,0.441155,0.1000775,0.1503205,0,1,0,0
59.8,0,0,0,0,0,0,0,0.441154,0.1000786,0.1503205,0,1,0,0
59.9,0,0,0,0,0,0,0,0.4411525,0.10007935,0.1503205,0,1,0,0
60,0,0,0,0,0,0,0,0.4411505,0.10007875,0.1503205,0,1,0,0
60.1,0,0,0,0,0,0,0,0.4411485,0.10007785,0.15032,0,1,0,0
60.2,0,0,0,0,0,0,0,0.4411465,0.1000766,0.15032,0,1,0,0
60.3,0,0,0,0,0,0,0,0.4411445,0.10007455,0.15032,0,1,0,0
60.4,0,0,0,0,0,0,0,0.4411435,0.1000718,0.15032,0,1,0,0
60.5,0,0,0,0,0,0,0,0.4411425,0.1000688,0.15032,0,1,0,0
60.6,0,0,0,0,0,0,0,0.441141,0.1000656,0.1503195,0,1,0,0
60.7,0,0,0,0,0,0,0,0.4411405,0.1000622,0.1503195,0,1,0,0
60.8,0,0,0,0,0,0,0,0.4411395,0.10005815,0.150319,0,1,0,0
60.9,0,0,0,0,0,0,0,0.4411395,0.100054,0.150319,0,1,0,0
61,0,0,0,0,0,0,0,0.4411395,0.10005025,0.150319,0,1,0,0
61.1,0,0,0,0,0,0,0,0.4411395,0.1000459,0.1503185,0,1,0,0
61.2,0,0,0,0,0,0,0,0.4411395,0.1000415,0.1503185,0,1,0,0
61.3,0,0,0,0,0,0,0,0.4411405,0.10003705,0.1503185,0,1,0,0
61.4,0,0,0,0,0,0,0,0.441141,0.1000326,0.1503185,0,1,0,0
61.5,0,0,0,0,0,0,0,0.4411415,0.10002875,0.1503185,0,1,0,0
61.6,0,0,0,0,0,0,0,0.4411425,0.1000249,0.1503185,0,1,0,0
61.7,0,0,0,0,0,0,0,0.441144,0.10002105,0.1503185,0,1,0,0
61.8,0,0,0,0,0,0,0,0.4411455,0.1000173,0.1503185,0,1,0,0
61.9,0,0,0,0,0,0,0,0.441147,0.1000136,0.150318,0,1,0,0
62,0,0,0,0,0,0,0,0.4411485,0.10001105,0.150318,0,1,0,0
62.1,0,0,0,0,0,0,0,0.44115,0.1000081,0.150318,0,1,0,0
62.2,0,0,0,0,0,0,0,0.441152,0.10000515,0.150318,0,1,0,0
62.3,0,0,0,0,0,0,0,0.441154,0.1000022,0.1503185,0,1,0,0
62.4,0,0,0,0,0,0,0,0.441156,0.09999925,0.1503185,0,1,0,0
62.5,0,0,0,0,0,0,0,0.4411585,0.0999958,0.1503185,0,1,0,0
62.6,0,0,0,0,0,0,0,0.4411605,0.0999929,0.1503185,0,1,0,0
62.7,0,0,0,0,0,0,0,0.441163,0.0999896,0.1503185,0,1,0,0
62.8,0,0,0,0,0,0,0,0.441165,0.0999864,0.1503185,0,1,0,0
62.9,0,0,0,0,0,0,0,0.4411675,0.09998265,0.1503185,0,1,0,0
63,0,0,0,0,0,0,0,0.4411695,0.0999796,0.1503185,0,1,0,0
63.1,0,0,0,0,0,0,0,0.441171,0.0999765,0.1503185,0,1,0,0
63.2,0,0,0,0,0,0,0,0.4411735,0.09997285,0.1503185,0,1,0,0
63.3,0,0,0,0,0,0,0,0.4411755,0.0999698,0.1503185,0,1,0,0
63.4,0,0,0,0,0,0,0,0.441178,0.0999673,0.1503185,0,1,0,0
63.5,0,0,0,0,0,0,0,0.44118,0.09996445,0.150318,0,1,0,0
63.6,0,0,0,0,0,0,0,0.441182,0.09996225,0.150318,0,1,0,0
63.7,0,0,0,0,0,0,0,0.441184,0.09996075,0.150318,0,1,0,0
63.8,0,0,0,0,0,0,0,0.441185,0.0999594,0.150318,0,1,0,0
63.9,0,0,0,0,0,0,0,0.4411865,0.0999583,0.150318,0,1,0,0
64,0,0,0,0,0,0,0,0.4411875,0.0999579,0.1503175,0,1,0,0
64.1,0,0,0,0,0,0,0,0.441188,0.09995765,0.1503175,0,1,0,0
64.2,0,0,0,0,0,0,0,0.441188,0.0999576,0.1503175,0,1,0,0
64.3,0,0,0,0,0,0,0,0.441189,0.0999582,0.1503175,0,1,0,0
64.4,0,0,0,0,0,0,0,0.4411895,0.099959,0.1503175,0,1,0,0
64.5,0,0,0,0,0,0,0,0.4411905,0.0999599,0.1503175,0,1,0,0
64.6,0,0,0,0,0,0,0,0.4411915,0.09996145,0.1503175,0,1,0,0
64.7,0,0,0,0,0,0,0,0.4411915,0.09996315,0.1503175,0,1,0,0
64.8,0,0,0,0,0,0,0,0.4411925,0.0999649,0.1503175,0,1,0,0
64.9,0,0,0,0,0,0,0,0.4411925,0.0999673,0.1503175,0,1,0,0
65,0,0,0,0,0,0,0,0.4411925,0.09996925,0.1503175,0,1,0,0
65.1,0,0,0,0,0,0,0,0.4411925,0.0999718,0.1503175,0,1,0,0
65.2,0,0,0,0,0,0,0,0.4411925,0.09997435,0.1503175,0,1,0,0
65.3,0,0,0,0,0,0,0,0.4411925,0.099977,0.1503175,0,1,0,0
65.4,0,0,0,0,0,0,0,0.4411925,0.09997965,0.1503175,0,1,0,0
65.5,0,0,0,0,0,0,0,0.4411925,0.09998235,0.1503175,0,1,0,0
65.6,0,0,0,0,0,0,0,0.4411925,0.099985,0.1503175,0,1,0,0
65.7,0,0,0,0,0,0,0,0.4411925,0.0999877,0.1503175,0,1,0,0
65.8,0,0,0,0,0,0,0,0.4411915,0.0999908,0.1503175,0,1,0,0
65.9,0,0,0,0,0,0,0,0.4411915,0.0999934,0.1503175,0,1,0,0
66,0,0,0,0,0,0,0,0.4411915,0.0999959,0.1503175,0,1,0,0
66.1,0,0,0,0,0,0,0,0.4411915,0.0999983,0.1503175,0,1,0,0
66.2,0,0,0,0,0,0,0,0.4411915,0.09999965,0.1503175,0,1,0,0
66.3,0,0,0,0,0,0,0,0.4411915,0.1000019,0.1503175,0,1,0,0
66.4,0,0,0,0,0,0,0,0.4411915,0.10000425,0.1503175,0,1,0,0
66.5,0,0,0,0,0,0,0,0.4411905,0.10000575,0.1503175,0,1,0,0
66.6,0,0,0,0,0,0,0,0.4411905,0.1000073,0.1503175,0,1,0,0
66.7,0,0,0,0,0,0,0,0.4411905,0.10000935,0.1503175,0,1,0,0
66.8,0,0,0,0,0,0,0,0.44119,0.10001085,0.1503175,0,1,0,0
66.9,0,0,0,0,0,0,0,0.4411885,0.10001235,0.1503175,0,1,0,0
67,0,0,0,0,0,0,0,0.441187,0.10001375,0.1503175,0,1,0,0
67.1,0,0,0,0,0,0,0,0.4411865,0.1000151,0.1503175,0,1,0,0
67.2,0,0,0,0,0,0,0,0.4411855,0.10001595,0.1503175,0,1,0,0
67.3,0,0,0,0,0,0,0,0.4411855,0.10001715,0.1503175,0,1,0,0
67.4,0,0,0,0,0,0,0,0.4411855,0.10001785,0.1503175,0,1,0,0
67.5,0,0,0,0,0,0,0,0.4411855,0.10001845,0.1503175,0,1,0,0
67.6,0,0,0,0,0,0,0,0.4411855,0.10001945,0.1503175,0,1,0,0
67.7,0,0,0,0,0,0,0,0.4411855,0.1000199,0.1503175,0,1,0,0
67.8,0,0,0,0,0,0,0,0.441185,0.1000197,0.1503175,0,1,0,0
67.9,0,0,0,0,0,0,0,0.4411845,0.10001995,0.1503175,0,1,0,0
68,0,0,0,0,0,0,0,0.4411845,0.10001965,0.1503175,0,1,0,0
68.1,0,0,0,0,0,0,0,0.4411845,0.1000197,0.1503175,0,1,0,0
68.2,0,0,0,0,0,0,0,0.4411835,0.1000192,0.1503175,0,1,0,0
68.3,0,0,0,0,0,0,0,0.4411835,0.1000186,0.1503175,0,1,0,0
68.4,0,0,0,0,0,0,0,0.4411835,0.10001795,0.1503175,0,1,0,0
68.5,0,0,0,0,0,0,0,0.441183,0.10001675,0.1503175,0,1,0,0
68.6,0,0,0,0,0,0,0,0.4411825,0.10001595,0.1503175,0,1,0,0
68.7,0,0,0,0,0,0,0,0.4411825,0.10001465,0.1503175,0,1,0,0
68.8,0,0,0,0,0,0,0,0.4411825,0.1000138,0.1503175,0,1,0,0
68.9,0,0,0,0,0,0,0,0.4411825,0.1000124,0.1503175,0,1,0,0
69,0,0,0,0,0,0,0,0.441182,0.10001145,0.1503175,0,1,0,0
69.1,0,0,0,0,0,0,0,0.4411815,0.10001,0.1503175,0,1,0,0
69.2,0,0,0,0,0,0,0,0.4411815,0.10000855,0.1503175,0,1,0,0
69.3,0,0,0,0,0,0,0,0.4411815,0.10000755,0.1503175,0,1,0,0
69.4,0,0,0,0,0,0,0,0.4411815,0.1000061,0.1503175,0,1,0,0
69.5,0,0,0,0,0,0,0,0.441181,0.10000515,0.1503175,0,1,0,0
69.6,0,0,0,0,0,0,0,0.441181,0.10000375,0.1503175,0,1,0,0
69.7,0,0,0,0,0,0,0,0.441181,0.1000034,0.1503175,0,1,0,0
69.8,0,0,0,0,0,0,0,0.441181,0.1000025,0.1503175,0,1,0,0
